Game Name,Genre,Platform,Release Year,User Rating,Decade 
Sekiro: Shadows Die Twice,Sports,Nintendo Switch,2014.0,9.654718813972105,2010s
Control,Puzzle,Nintendo Switch,2000.0,3.4573858629556264,2000s
Among Us,Strategy,Nintendo Switch,2007.0,5.367621559973856,2000s
Call of Duty: Modern Warfare,Stealth,PlayStation,2005.0,1.240324989769768,2000s
League of Legends,Simulation,PC,2021.0,3.5354757803099197,2020s
Counter-Strike: Global Offensive,Puzzle,PlayStation,2023.0,1.1128637124872665,2020s
Red Dead Redemption 2,Shooter,Xbox,2011.0,8.353946222851437,2010s
Halo Infinite,Adventure,PC,2014.0,7.167983395025739,2010s
The Legend of Zelda: Breath of the Wild,Horror,Nintendo Switch,2004.0,8.608596091204287,2000s
Valorant,Adventure,Mobile,2010.0,1.3369792683989676,2010s
Super Mario Odyssey,Racing,PC,2010.0,2.9044956951884795,2010s
Among Us,Racing,Xbox,2014.0,1.1746262488981527,2010s
Apex Legends,Role-playing,Xbox,2009.0,2.560023363358756,2000s
Grand Theft Auto IV,Strategy,PlayStation,2022.0,6.310097293739553,2020s
Overwatch,Stealth,PlayStation,2023.0,1.0660989416282982,2020s
FIFA 21,Racing,Xbox,2013.0,7.065340305370331,2010s
Tetris,Action,PC,2002.0,8.478912242244403,2000s
God of War,Survival,PlayStation,2008.0,4.019129364041858,2000s
Sekiro: Shadows Die Twice,Survival,Xbox,2008.0,6.13421906951978,2000s
Genshin Impact,Sports,PlayStation,2006.0,7.310510989863149,2000s
God of War,Racing,PlayStation,2002.0,9.042734398824212,2000s
Counter-Strike: Global Offensive,Adventure,Nintendo Switch,2009.0,1.9218540814879148,2000s
Hades,Shooter,PlayStation,2003.0,9.065627942921385,2000s
Ghost of Tsushima,Horror,Nintendo Switch,2013.0,2.5278391849639767,2010s
Hitman 3,Shooter,PC,2017.0,9.175245455736434,2010s
Cyberpunk 2077,Simulation,PlayStation,2012.0,4.768153855979138,2010s
Tetris,Shooter,PlayStation,2011.0,5.897312999848816,2010s
The Witcher 3: Wild Hunt,Role-playing,Xbox,2002.0,9.191161049239106,2000s
Resident Evil Village,Survival,Mobile,2012.0,3.848477916469415,2010s
Resident Evil Village,Sports,Mobile,2001.0,7.515729575897949,2000s
Death Stranding,Simulation,Nintendo Switch,2016.0,4.746588766626772,2010s
Mass Effect Legendary Edition,Racing,Xbox,2002.0,2.105386954072969,2000s
The Division 2,Role-playing,Nintendo Switch,2021.0,4.54878549413213,2020s
PUBG Mobile,Fighting,Xbox,2003.0,2.1469010322933384,2000s
The Sims 4,Stealth,PC,2015.0,3.2133981970954446,2010s
Grand Theft Auto V,Racing,Nintendo Switch,2021.0,5.110978588705465,2020s
Animal Crossing: New Horizons,Sports,Xbox,2013.0,4.704939153147801,2010s
Death Stranding,Sports,Nintendo Switch,2022.0,5.891400212863049,2020s
League of Legends,Shooter,PlayStation,2023.0,2.476181119127319,2020s
Apex Legends,Stealth,PC,2021.0,4.797417381223621,2020s
Grand Theft Auto V,Role-playing,Xbox,2017.0,7.005903205180544,2010s
Sea of Thieves,Adventure,Nintendo Switch,2010.0,4.460896015870906,2010s
Super Mario Odyssey,Horror,Nintendo Switch,2019.0,1.3161847432892713,2010s
The Legend of Zelda: Breath of the Wild,Sports,Nintendo Switch,2022.0,8.495053450082235,2020s
PUBG,Sports,PC,2003.0,8.920206606443916,2000s
Call of Duty: Modern Warfare,Racing,Mobile,2010.0,4.003122486960772,2010s
Elden Ring,Horror,Mobile,2014.0,8.530978318929165,2010s
Animal Crossing: New Horizons,Sports,PC,2020.0,4.611466044284481,2020s
Minecraft Dungeons,Platformer,Xbox,2007.0,6.616582232598018,2000s
The Elder Scrolls V: Skyrim,Fighting,PC,2019.0,2.356649311917812,2010s
Hades,Puzzle,PC,2004.0,5.853183034479362,2000s
Sea of Thieves,Role-playing,Mobile,2010.0,1.6888491247722093,2010s
Call of Duty: Modern Warfare,Horror,PlayStation,2005.0,9.397895535911898,2000s
PUBG Mobile,Action,PC,2008.0,6.27345953877832,2000s
Apex Legends,Fighting,PlayStation,2017.0,1.8795186172228489,2010s
Fortnite,Simulation,PlayStation,2003.0,2.2591772157642267,2000s
Overwatch,Action,Mobile,2021.0,9.468631568050595,2020s
Horizon Zero Dawn,Platformer,Mobile,2023.0,4.153481757716932,2020s
Mass Effect Legendary Edition,Strategy,Mobile,2015.0,8.262667341572788,2010s
Sea of Thieves,Adventure,Mobile,2005.0,9.556328093370396,2000s
Fortnite,Survival,Xbox,2001.0,6.730239237282337,2000s
The Witcher 3: Wild Hunt,Platformer,Mobile,2000.0,5.600375730408028,2000s
Elden Ring,Action,PlayStation,2022.0,9.832973583237,2020s
Mass Effect Legendary Edition,Fighting,PC,2010.0,9.861964553532252,2010s
Control,Sports,Nintendo Switch,2020.0,6.42350806931957,2020s
Among Us,Horror,Nintendo Switch,2001.0,2.18148300150404,2000s
Madden NFL 21,Puzzle,Mobile,2005.0,4.023397962744089,2000s
Dying Light,Sports,Nintendo Switch,2012.0,9.114434818198,2010s
Valorant,Strategy,PC,2016.0,7.389851399927926,2010s
Grand Theft Auto IV,Stealth,Mobile,2009.0,1.6778453032688132,2000s
Minecraft Dungeons,Horror,PC,2013.0,4.280781417609632,2010s
Death Stranding,Adventure,PC,2019.0,2.560113737458326,2010s
Genshin Impact,Racing,PC,2010.0,1.699903725470313,2010s
Halo Infinite,Puzzle,Xbox,2002.0,5.5615829811334745,2000s
The Legend of Zelda: Breath of the Wild,Role-playing,Nintendo Switch,2015.0,7.998539843220423,2010s
The Witcher 3: Wild Hunt,Platformer,PlayStation,2019.0,2.2475408848698977,2010s
FIFA 21,Horror,Xbox,2014.0,2.324153720307228,2010s
The Elder Scrolls V: Skyrim,Adventure,Xbox,2015.0,9.245811008874348,2010s
Rocket League,Stealth,Nintendo Switch,2020.0,8.851753591812475,2020s
Resident Evil Village,Shooter,PC,2002.0,9.449410292784028,2000s
Apex Legends,Platformer,Xbox,2004.0,6.330430276199107,2000s
Madden NFL 21,Simulation,Mobile,2009.0,1.6878728311032998,2000s
FIFA 21,Shooter,Nintendo Switch,2022.0,9.676756291764807,2020s
Borderlands 3,Stealth,PlayStation,2022.0,4.505875411868792,2020s
Grand Theft Auto V,Platformer,Nintendo Switch,2015.0,5.248887874506134,2010s
League of Legends,Fighting,PlayStation,2004.0,8.027788962246046,2000s
Fortnite,Racing,Xbox,2009.0,5.741832203053853,2000s
Monster Hunter: World,Simulation,PC,2006.0,2.596558962742045,2000s
Resident Evil Village,Stealth,Xbox,2012.0,5.225234498080006,2010s
Forza Horizon 4,Simulation,PlayStation,2003.0,3.32305354550713,2000s
NBA 2K21,Role-playing,Xbox,2001.0,4.134232580139705,2000s
Sekiro: Shadows Die Twice,Strategy,PC,2010.0,9.536808815069117,2010s
Sea of Thieves,Puzzle,PC,2018.0,3.664857110444707,2010s
Assassin's Creed Valhalla,Fighting,PlayStation,2015.0,8.071950023710414,2010s
Far Cry 5,Role-playing,Mobile,2011.0,6.071619131940332,2010s
Call of Duty: Modern Warfare,Platformer,Nintendo Switch,2011.0,5.026055680337271,2010s
The Sims 4,Sports,Xbox,2017.0,6.6645391531798985,2010s
Rocket League,Role-playing,Xbox,2018.0,3.2091541133191304,2010s
Dota 2,Sports,PlayStation,2021.0,7.217277569151384,2020s
Resident Evil Village,Shooter,Nintendo Switch,2002.0,7.935474927316585,2000s
Halo Infinite,Puzzle,Nintendo Switch,2019.0,4.263856658689146,2010s
The Elder Scrolls V: Skyrim,Horror,PC,2001.0,5.244553600815843,2000s
Resident Evil Village,Survival,Mobile,2007.0,6.671673253077491,2000s
FIFA 21,Survival,PC,2017.0,9.111497306429325,2010s
Apex Legends,Role-playing,PlayStation,2023.0,3.3835319885106445,2020s
Minecraft Dungeons,Simulation,PlayStation,2005.0,9.331140857210515,2000s
Ghost of Tsushima,Puzzle,PlayStation,2016.0,7.310181079618216,2010s
Dota 2,Platformer,PlayStation,2015.0,1.3873205587403905,2010s
PUBG: Battlegrounds,Survival,Xbox,2013.0,8.488722506750289,2010s
The Sims 4,Adventure,PlayStation,2003.0,4.745738636171667,2000s
Elden Ring,Stealth,Mobile,2014.0,2.3883770878852726,2010s
Resident Evil Village,Puzzle,Nintendo Switch,2004.0,4.0258485356006215,2000s
The Division 2,Survival,PlayStation,2008.0,8.393961176488872,2000s
Super Mario Odyssey,Horror,Mobile,2023.0,7.259620277413832,2020s
Mass Effect Legendary Edition,Simulation,Nintendo Switch,2008.0,3.435475882571824,2000s
Animal Crossing: New Horizons,Fighting,PC,2010.0,8.562884575062606,2010s
Fortnite,Stealth,PC,2018.0,1.6448082202145495,2010s
The Legend of Zelda: Breath of the Wild,Stealth,PlayStation,2011.0,4.847472308698877,2010s
Halo Master Chief Collection,Racing,PC,2020.0,5.944027576603213,2020s
Animal Crossing: New Horizons,Shooter,Xbox,2005.0,7.693949358583631,2000s
Overwatch,Platformer,Mobile,2022.0,3.464737420825016,2020s
Dying Light,Simulation,PlayStation,2017.0,6.588188203324816,2010s
Horizon Zero Dawn,Sports,PC,2007.0,1.951845064702431,2000s
Overwatch,Racing,PlayStation,2011.0,8.61850170343207,2010s
Minecraft,Horror,PC,2003.0,8.45827095926183,2000s
Among Us,Simulation,PlayStation,2007.0,1.7646281563953945,2000s
NBA 2K21,Role-playing,Nintendo Switch,2006.0,3.188779438602817,2000s
Horizon Zero Dawn,Platformer,PC,2017.0,4.696084479088959,2010s
Counter-Strike: Global Offensive,Survival,PlayStation,2022.0,6.961199827301339,2020s
Apex Legends,Puzzle,Mobile,2005.0,5.962396985698448,2000s
Animal Crossing: New Horizons,Sports,PlayStation,2010.0,5.667084427551019,2010s
Call of Duty: Modern Warfare,Survival,PC,2015.0,6.989302458292881,2010s
Counter-Strike: Global Offensive,Shooter,Xbox,2006.0,6.274437857576186,2000s
Among Us,Role-playing,Nintendo Switch,2010.0,9.470273338567724,2010s
Control,Sports,PC,2012.0,8.645788325458213,2010s
God of War,Role-playing,Nintendo Switch,2014.0,3.427734251565261,2010s
PUBG Mobile,Adventure,PC,2000.0,6.098704822358346,2000s
Forza Horizon 4,Horror,Mobile,2021.0,8.650251406027948,2020s
Monster Hunter: World,Sports,PlayStation,2014.0,8.607512581200925,2010s
Apex Legends,Sports,Xbox,2012.0,6.1079332779823226,2010s
Grand Theft Auto IV,Survival,PlayStation,2008.0,7.487061634715537,2000s
The Witcher 3: Wild Hunt,Survival,PC,2006.0,5.7737553010842975,2000s
Sea of Thieves,Simulation,Xbox,2021.0,9.568091649360955,2020s
Dark Souls III,Strategy,Xbox,2022.0,9.504949296085073,2020s
Genshin Impact,Puzzle,PC,2019.0,5.698974783877565,2010s
The Sims 4,Puzzle,PC,2018.0,9.420751243740298,2010s
Animal Crossing: New Horizons,Adventure,Mobile,2023.0,9.928359437838685,2020s
Dota 2,Adventure,Xbox,2005.0,1.6616091009148517,2000s
Resident Evil Village,Action,Xbox,2023.0,2.325048095953953,2020s
PUBG,Role-playing,PlayStation,2023.0,2.199918109035733,2020s
Apex Legends,Sports,Xbox,2006.0,6.631508132076581,2000s
Sea of Thieves,Shooter,Mobile,2018.0,4.182028958795623,2010s
Elden Ring,Action,PC,2010.0,8.898193970777408,2010s
Dota 2,Puzzle,Nintendo Switch,2001.0,7.06830971569106,2000s
Ghost of Tsushima,Survival,Nintendo Switch,2001.0,9.927768150395508,2000s
God of War,Strategy,Nintendo Switch,2011.0,3.973790604523441,2010s
The Sims 4,Racing,Xbox,2004.0,8.678922601727251,2000s
Among Us,Horror,Mobile,2003.0,6.750096685827574,2000s
Super Mario Odyssey,Action,Mobile,2013.0,3.5692811298948293,2010s
PUBG Mobile,Action,Nintendo Switch,2022.0,6.295103231353127,2020s
Death Stranding,Role-playing,PlayStation,2005.0,3.7780156366719,2000s
Elden Ring,Survival,PlayStation,2003.0,3.771065633565496,2000s
Genshin Impact,Shooter,Mobile,2018.0,4.416836988124041,2010s
Minecraft Dungeons,Shooter,Mobile,2020.0,7.828899032291068,2020s
World of Warcraft,Racing,PlayStation,2006.0,9.601185192442614,2000s
Minecraft,Action,PlayStation,2009.0,5.856075389545532,2000s
Watch Dogs: Legion,Survival,Nintendo Switch,2009.0,9.626733309494496,2000s
Ghost of Tsushima,Horror,Xbox,2006.0,7.660233068447696,2000s
Monster Hunter: World,Adventure,Mobile,2002.0,3.147874415170116,2000s
Rocket League,Simulation,PlayStation,2005.0,5.445670195300809,2000s
Dota 2,Puzzle,PlayStation,2012.0,5.233078245159398,2010s
Fall Guys: Ultimate Knockout,Sports,Nintendo Switch,2015.0,5.830618386076749,2010s
The Sims 4,Adventure,PlayStation,2017.0,1.67240151892026,2010s
Death Stranding,Racing,Nintendo Switch,2014.0,7.908978010469866,2010s
Genshin Impact,Role-playing,Xbox,2019.0,3.164354233892792,2010s
Grand Theft Auto V,Adventure,PlayStation,2020.0,2.782843285334265,2020s
Overwatch,Racing,Mobile,2016.0,8.769348328084853,2010s
Minecraft,Racing,PlayStation,2006.0,7.319856424980313,2000s
Apex Legends,Fighting,Xbox,2014.0,8.485293439581785,2010s
Monster Hunter: World,Fighting,PC,2011.0,7.190302387448639,2010s
Dark Souls III,Platformer,Nintendo Switch,2013.0,1.5375929010097282,2010s
Fall Guys: Ultimate Knockout,Shooter,PC,2018.0,7.0584606207076535,2010s
Halo Infinite,Adventure,Nintendo Switch,2021.0,5.3111052607710185,2020s
Red Dead Redemption 2,Simulation,Xbox,2000.0,7.209287522120703,2000s
PUBG,Survival,Nintendo Switch,2009.0,4.102357354582567,2000s
Hades,Fighting,Xbox,2013.0,1.53360786127286,2010s
God of War,Racing,Xbox,2012.0,5.962999020843126,2010s
Fall Guys: Ultimate Knockout,Shooter,Mobile,2009.0,1.04552771596915,2000s
Dark Souls III,Platformer,PC,2016.0,9.451045348423662,2010s
Grand Theft Auto V,Simulation,Xbox,2000.0,2.2412872111048308,2000s
Sekiro: Shadows Die Twice,Platformer,PC,2015.0,5.811603581924448,2010s
Animal Crossing: New Horizons,Stealth,Xbox,2018.0,3.036591109746004,2010s
Mass Effect Legendary Edition,Puzzle,Xbox,2006.0,7.451792944439672,2000s
Tetris,Adventure,Mobile,2000.0,8.73151612138738,2000s
World of Warcraft,Adventure,Mobile,2019.0,2.8843591194523857,2010s
GTA San Andreas,Shooter,PC,2022.0,2.224310347540741,2020s
God of War,Adventure,Xbox,2004.0,8.057388248058926,2000s
Dota 2,Survival,Mobile,2003.0,8.433385072683805,2000s
The Sims 4,Racing,Xbox,2016.0,6.0999410243918994,2010s
The Division 2,Simulation,Xbox,2011.0,9.0009622127764,2010s
Halo Master Chief Collection,Action,PC,2009.0,8.108556257415795,2000s
FIFA 21,Survival,PlayStation,2007.0,9.192086989651424,2000s
Horizon Zero Dawn,Simulation,PC,2008.0,1.2711608410494288,2000s
Monster Hunter: World,Fighting,Mobile,2021.0,6.784015345933008,2020s
The Sims 4,Shooter,PlayStation,2006.0,3.682911576268337,2000s
Sea of Thieves,Sports,Mobile,2012.0,2.442801118798182,2010s
Assassin's Creed Valhalla,Action,PlayStation,2023.0,8.870448905098117,2020s
FIFA 21,Horror,Mobile,2023.0,4.303339280429592,2020s
Mass Effect Legendary Edition,Horror,Mobile,2019.0,2.1527572480007957,2010s
Cyberpunk 2077,Shooter,Mobile,2018.0,8.442571389679646,2010s
Animal Crossing: New Horizons,Fighting,Mobile,2010.0,6.72148919767301,2010s
God of War,Shooter,PlayStation,2020.0,4.739149797347437,2020s
Dying Light,Strategy,Nintendo Switch,2010.0,8.410511363789473,2010s
Control,Puzzle,Mobile,2006.0,2.456446216567395,2000s
Overwatch,Adventure,PC,2003.0,7.722673998987867,2000s
Animal Crossing: New Horizons,Role-playing,PlayStation,2020.0,5.843478937242812,2020s
Halo Master Chief Collection,Simulation,Xbox,2002.0,7.37837560597951,2000s
Halo Infinite,Fighting,Xbox,2005.0,9.177492873164203,2000s
Elden Ring,Platformer,PlayStation,2004.0,9.613208223203932,2000s
League of Legends,Shooter,PC,2023.0,3.549270274915112,2020s
Minecraft,Action,Nintendo Switch,2018.0,4.971927032529006,2010s
Apex Legends,Fighting,Mobile,2014.0,7.1847061379028725,2010s
GTA San Andreas,Adventure,Xbox,2000.0,7.723155527691231,2000s
Red Dead Redemption 2,Survival,Nintendo Switch,2015.0,6.160224265941944,2010s
Forza Horizon 4,Simulation,Xbox,2021.0,3.013549326373788,2020s
Sekiro: Shadows Die Twice,Survival,PC,2013.0,9.076706333650035,2010s
Halo Master Chief Collection,Puzzle,Xbox,2007.0,4.246279130218878,2000s
Horizon Zero Dawn,Role-playing,PC,2019.0,4.706401590814613,2010s
Borderlands 3,Stealth,PlayStation,2017.0,5.333079159200811,2010s
Animal Crossing: New Horizons,Action,Nintendo Switch,2012.0,2.83526063675126,2010s
NBA 2K21,Sports,Xbox,2012.0,9.139774894370486,2010s
Mass Effect Legendary Edition,Sports,Nintendo Switch,2006.0,3.4829678606623875,2000s
Mass Effect Legendary Edition,Survival,PC,2014.0,7.278143371068276,2010s
The Elder Scrolls V: Skyrim,Action,PlayStation,2013.0,3.4403847697604206,2010s
Animal Crossing: New Horizons,Racing,PlayStation,2016.0,1.8199941449075197,2010s
Borderlands 3,Role-playing,PlayStation,2017.0,4.847638520846749,2010s
Cyberpunk 2077,Platformer,PC,2011.0,4.09801145598462,2010s
Grand Theft Auto IV,Stealth,Nintendo Switch,2008.0,6.929995058946098,2000s
Resident Evil Village,Stealth,PlayStation,2015.0,2.0507092978958763,2010s
Valorant,Shooter,PC,2017.0,6.937297390319054,2010s
Ghost of Tsushima,Action,Mobile,2023.0,4.618568572664991,2020s
Hades,Sports,PlayStation,2014.0,4.180969389326547,2010s
Grand Theft Auto IV,Platformer,PlayStation,2005.0,1.3390844079592656,2000s
Fortnite,Stealth,PlayStation,2020.0,3.718948750184979,2020s
Dying Light,Fighting,PlayStation,2017.0,5.699981511663545,2010s
Minecraft,Puzzle,Nintendo Switch,2006.0,6.201540021664139,2000s
Cyberpunk 2077,Role-playing,PlayStation,2019.0,9.406477973130078,2010s
PUBG: Battlegrounds,Survival,PC,2002.0,7.569961831756991,2000s
The Legend of Zelda: Breath of the Wild,Puzzle,Nintendo Switch,2012.0,6.548051334937674,2010s
Hitman 3,Adventure,Xbox,2016.0,8.691155307416917,2010s
Counter-Strike: Global Offensive,Simulation,Nintendo Switch,2001.0,2.030625772488297,2000s
Destiny 2,Role-playing,PlayStation,2004.0,6.478264093818564,2000s
GTA San Andreas,Sports,Nintendo Switch,2005.0,2.618784038028761,2000s
Hitman 3,Fighting,PC,2014.0,8.61319732751387,2010s
World of Warcraft,Racing,Xbox,2015.0,8.169640380572144,2010s
Minecraft,Fighting,PC,2008.0,1.2255777171740347,2000s
God of War,Puzzle,Nintendo Switch,2000.0,3.31791988538433,2000s
Assassin's Creed Valhalla,Platformer,PC,2022.0,1.5052588801817677,2020s
Dark Souls III,Survival,Nintendo Switch,2014.0,3.5115139770067385,2010s
Fall Guys: Ultimate Knockout,Stealth,Nintendo Switch,2023.0,4.780205433317366,2020s
The Sims 4,Simulation,Xbox,2003.0,2.299979808617857,2000s
Ghost of Tsushima,Role-playing,PlayStation,2007.0,8.881290619844654,2000s
The Division 2,Puzzle,Xbox,2012.0,1.9280824190723225,2010s
Genshin Impact,Role-playing,Mobile,2002.0,3.1271478534796118,2000s
League of Legends: Wild Rift,Platformer,Mobile,2019.0,1.6125189809097915,2010s
Ghost of Tsushima,Survival,Mobile,2018.0,7.795072106954912,2010s
PUBG Mobile,Shooter,Mobile,2012.0,8.74359287132156,2010s
Dota 2,Adventure,Xbox,2015.0,4.795564113516189,2010s
Call of Duty: Modern Warfare,Horror,Nintendo Switch,2015.0,8.212572050620443,2010s
Grand Theft Auto IV,Survival,Xbox,2000.0,1.7227574802831125,2000s
Destiny 2,Role-playing,PC,2007.0,9.865026992429986,2000s
The Sims 4,Racing,Nintendo Switch,2018.0,7.488323011670972,2010s
Call of Duty: Modern Warfare,Fighting,Xbox,2013.0,7.3532369815645,2010s
God of War,Simulation,Nintendo Switch,2002.0,3.845104707981953,2000s
Animal Crossing: New Horizons,Survival,Mobile,2022.0,1.316446608587225,2020s
Tetris,Racing,PC,2000.0,4.2268094465937045,2000s
Halo Infinite,Puzzle,PC,2012.0,2.0697384070589546,2010s
Death Stranding,Role-playing,Xbox,2009.0,1.6994964518102822,2000s
The Legend of Zelda: Breath of the Wild,Sports,Xbox,2000.0,2.335543399068671,2000s
Watch Dogs: Legion,Simulation,Xbox,2013.0,6.294470930568187,2010s
Assassin's Creed Valhalla,Stealth,PC,2011.0,3.593343035328311,2010s
Elden Ring,Simulation,PlayStation,2011.0,2.8228719152554897,2010s
Mass Effect Legendary Edition,Simulation,Nintendo Switch,2007.0,5.798170227845935,2000s
Hades,Simulation,PlayStation,2007.0,5.457589535024838,2000s
God of War,Fighting,Nintendo Switch,2020.0,5.960113839630068,2020s
Watch Dogs: Legion,Sports,Nintendo Switch,2001.0,7.173573579854057,2000s
Halo Infinite,Puzzle,Xbox,2022.0,2.1566363891164078,2020s
PUBG Mobile,Stealth,Mobile,2015.0,7.457853040532109,2010s
NBA 2K21,Action,PC,2014.0,8.68615227406291,2010s
Cyberpunk 2077,Sports,Mobile,2003.0,1.1221092993864594,2000s
Minecraft Dungeons,Fighting,PlayStation,2020.0,3.1143590226691376,2020s
Assassin's Creed Valhalla,Shooter,PC,2019.0,5.941733951359513,2010s
Madden NFL 21,Adventure,PC,2005.0,4.327926307225464,2000s
Control,Platformer,PC,2021.0,5.76636964388599,2020s
Grand Theft Auto V,Puzzle,Nintendo Switch,2005.0,5.207971375112239,2000s
Apex Legends,Stealth,PC,2009.0,8.315776788479425,2000s
Destiny 2,Horror,Xbox,2008.0,6.501888319903333,2000s
GTA San Andreas,Survival,Nintendo Switch,2016.0,6.37520413468115,2010s
The Elder Scrolls V: Skyrim,Strategy,Mobile,2006.0,5.653493148160008,2000s
PUBG: Battlegrounds,Puzzle,Nintendo Switch,2018.0,1.1683523231576909,2010s
Minecraft Dungeons,Racing,Nintendo Switch,2011.0,6.272388421091685,2010s
Rocket League,Adventure,PC,2018.0,4.45359423264164,2010s
Forza Horizon 4,Horror,Xbox,2016.0,8.25446674607457,2010s
Forza Horizon 4,Horror,PlayStation,2016.0,6.418010110105643,2010s
The Sims 4,Racing,PlayStation,2001.0,7.124394401648755,2000s
Assassin's Creed Valhalla,Racing,Xbox,2000.0,4.623702225350915,2000s
Fortnite,Puzzle,Xbox,2004.0,9.537403131444414,2000s
Elden Ring,Sports,Mobile,2007.0,2.461469702513741,2000s
Assassin's Creed Valhalla,Stealth,Nintendo Switch,2005.0,4.593704342678414,2000s
Sekiro: Shadows Die Twice,Fighting,PlayStation,2013.0,8.735950712902675,2010s
PUBG Mobile,Racing,PlayStation,2009.0,1.1619586402406417,2000s
Far Cry 5,Puzzle,Mobile,2001.0,1.2593988806280516,2000s
The Elder Scrolls V: Skyrim,Racing,PC,2004.0,1.041922919366009,2000s
Monster Hunter: World,Role-playing,PlayStation,2012.0,9.6601673383687,2010s
Red Dead Redemption 2,Action,Nintendo Switch,2004.0,4.5161127175926445,2000s
Halo Infinite,Puzzle,Xbox,2003.0,8.645307346650732,2000s
Mass Effect Legendary Edition,Racing,PC,2022.0,5.346923081986,2020s
Resident Evil Village,Role-playing,PlayStation,2002.0,7.332035533935519,2000s
The Sims 4,Strategy,Mobile,2021.0,3.46260384223051,2020s
Hades,Adventure,PlayStation,2000.0,9.271888532672603,2000s
Dota 2,Simulation,Xbox,2004.0,4.399238593817219,2000s
Minecraft,Fighting,Mobile,2011.0,6.980313645973312,2010s
Elden Ring,Puzzle,PC,2012.0,5.0173303517767,2010s
Rocket League,Shooter,PlayStation,2016.0,7.234558537157075,2010s
PUBG Mobile,Survival,Nintendo Switch,2005.0,4.299927875090814,2000s
PUBG,Sports,Nintendo Switch,2023.0,8.30640844779814,2020s
The Witcher 3: Wild Hunt,Platformer,Nintendo Switch,2001.0,6.074409948897246,2000s
The Legend of Zelda: Breath of the Wild,Adventure,Nintendo Switch,2001.0,4.987519506605122,2000s
Dying Light,Puzzle,Xbox,2012.0,5.38812761415512,2010s
Cyberpunk 2077,Strategy,Nintendo Switch,2015.0,3.8326836848774986,2010s
PUBG,Puzzle,PC,2012.0,8.938397403154955,2010s
Monster Hunter: World,Fighting,PC,2004.0,6.807155960210501,2000s
Destiny 2,Strategy,PlayStation,2014.0,5.45556844043096,2010s
PUBG,Fighting,PlayStation,2000.0,9.114708698879,2000s
Ghost of Tsushima,Sports,PC,2008.0,5.226777817017732,2000s
Grand Theft Auto V,Stealth,PC,2016.0,7.218161192410498,2010s
Far Cry 5,Platformer,Xbox,2002.0,5.559930301511418,2000s
Death Stranding,Role-playing,PC,2013.0,5.943820100969232,2010s
Dota 2,Shooter,PC,2009.0,3.603148835651446,2000s
Animal Crossing: New Horizons,Simulation,Mobile,2005.0,8.431713675383001,2000s
Overwatch,Simulation,PC,2007.0,2.103837885405163,2000s
FIFA 21,Puzzle,PlayStation,2000.0,4.30508864090411,2000s
Far Cry 5,Action,PC,2006.0,3.476109652749717,2000s
Dark Souls III,Shooter,Xbox,2011.0,8.237432610380868,2010s
Dark Souls III,Survival,PlayStation,2003.0,3.008746598767124,2000s
Tetris,Fighting,PC,2020.0,6.554527456736118,2020s
Watch Dogs: Legion,Platformer,Mobile,2021.0,8.940619418096448,2020s
Death Stranding,Horror,Mobile,2001.0,3.020269327989918,2000s
Fall Guys: Ultimate Knockout,Racing,PlayStation,2010.0,7.418038034416178,2010s
The Legend of Zelda: Breath of the Wild,Stealth,Xbox,2000.0,3.94948386936575,2000s
Grand Theft Auto V,Shooter,PC,2002.0,6.912149333681665,2000s
The Division 2,Strategy,PC,2002.0,7.032623948034221,2000s
Valorant,Fighting,Mobile,2005.0,6.963357817020331,2000s
Assassin's Creed Valhalla,Simulation,Mobile,2012.0,3.419345745057674,2010s
League of Legends,Fighting,Nintendo Switch,2003.0,8.98013417381125,2000s
Dark Souls III,Survival,PlayStation,2020.0,6.863962143714276,2020s
Ghost of Tsushima,Action,Nintendo Switch,2002.0,2.4636956343335674,2000s
Minecraft Dungeons,Simulation,PC,2015.0,3.0931457971735896,2010s
The Elder Scrolls V: Skyrim,Platformer,Mobile,2006.0,9.407483576244063,2000s
Dota 2,Fighting,Mobile,2023.0,2.858152433749324,2020s
The Witcher 3: Wild Hunt,Shooter,Nintendo Switch,2009.0,8.864475146078856,2000s
Resident Evil Village,Fighting,Mobile,2017.0,4.541226296576551,2010s
Cyberpunk 2077,Horror,Nintendo Switch,2015.0,5.542740466728458,2010s
Horizon Zero Dawn,Stealth,Mobile,2008.0,1.3486522514899963,2000s
PUBG: Battlegrounds,Sports,PC,2010.0,2.926950889308703,2010s
Fortnite,Sports,PC,2008.0,5.10387829788351,2000s
Halo Master Chief Collection,Adventure,PlayStation,2017.0,7.364996369388151,2010s
Elden Ring,Survival,PC,2012.0,5.937786196461851,2010s
Valorant,Horror,Xbox,2023.0,1.990723720647361,2020s
PUBG: Battlegrounds,Survival,Xbox,2023.0,4.23354328399792,2020s
Fall Guys: Ultimate Knockout,Sports,Xbox,2004.0,9.10904143931242,2000s
Halo Infinite,Stealth,Mobile,2008.0,2.6952905627804435,2000s
Apex Legends,Racing,PC,2022.0,1.0645830159316838,2020s
Cyberpunk 2077,Racing,Mobile,2012.0,6.618002177028599,2010s
Animal Crossing: New Horizons,Simulation,PlayStation,2013.0,4.713710731804258,2010s
Halo Infinite,Racing,Xbox,2003.0,7.091538622526743,2000s
FIFA 21,Action,PC,2023.0,4.067736950448095,2020s
GTA San Andreas,Puzzle,PlayStation,2016.0,9.314129719070776,2010s
God of War,Role-playing,Xbox,2013.0,1.835156033174569,2010s
Sea of Thieves,Role-playing,Xbox,2017.0,9.01350509225142,2010s
Horizon Zero Dawn,Puzzle,Nintendo Switch,2006.0,1.280890829438019,2000s
Tetris,Survival,PlayStation,2020.0,4.457721607297063,2020s
PUBG: Battlegrounds,Simulation,Nintendo Switch,2018.0,8.91203220775095,2010s
Hitman 3,Role-playing,Xbox,2011.0,4.54036191514941,2010s
Watch Dogs: Legion,Role-playing,PlayStation,2022.0,3.35353518497031,2020s
Sekiro: Shadows Die Twice,Strategy,PlayStation,2018.0,8.840564624548033,2010s
Grand Theft Auto V,Action,Nintendo Switch,2005.0,4.352029445505476,2000s
NBA 2K21,Fighting,PlayStation,2000.0,3.5246031050225524,2000s
Fall Guys: Ultimate Knockout,Stealth,Mobile,2010.0,5.50025184332838,2010s
Among Us,Action,PlayStation,2010.0,8.553340900317641,2010s
Among Us,Puzzle,Mobile,2014.0,5.830484407669903,2010s
Halo Master Chief Collection,Role-playing,Mobile,2005.0,2.768345595328963,2000s
Madden NFL 21,Strategy,PC,2000.0,4.856125492509253,2000s
Among Us,Platformer,Mobile,2003.0,3.4518529628529904,2000s
Apex Legends,Strategy,Nintendo Switch,2004.0,2.6163582989349927,2000s
Resident Evil Village,Shooter,PC,2016.0,8.934031707569467,2010s
Monster Hunter: World,Stealth,PC,2002.0,2.978007355208768,2000s
Control,Simulation,PlayStation,2009.0,5.653733274829869,2000s
Among Us,Shooter,Nintendo Switch,2004.0,7.127620897978251,2000s
Tetris,Survival,Xbox,2006.0,3.968725124477219,2000s
Far Cry 5,Fighting,PC,2018.0,6.346132601299406,2010s
NBA 2K21,Sports,Mobile,2003.0,4.599889030480963,2000s
Dark Souls III,Role-playing,Xbox,2013.0,6.204004405765171,2010s
Red Dead Redemption 2,Horror,PC,2021.0,5.890659453429476,2020s
Rocket League,Adventure,Nintendo Switch,2022.0,9.812907727255684,2020s
World of Warcraft,Role-playing,Xbox,2022.0,4.72507712546855,2020s
Control,Sports,PlayStation,2001.0,3.9271563044701856,2000s
Madden NFL 21,Survival,Mobile,2017.0,9.493193971446663,2010s
Halo Master Chief Collection,Racing,Mobile,2007.0,8.982322199216163,2000s
Red Dead Redemption 2,Platformer,PlayStation,2020.0,3.077695991273373,2020s
League of Legends,Survival,PC,2016.0,8.650738222603595,2010s
Dying Light,Fighting,Xbox,2008.0,9.54456770475824,2000s
FIFA 21,Stealth,Mobile,2011.0,5.29150539218093,2010s
NBA 2K21,Simulation,Mobile,2007.0,7.041089786580461,2000s
Control,Strategy,Xbox,2010.0,1.5800764348389948,2010s
Super Mario Odyssey,Horror,Mobile,2018.0,1.6117629778251563,2010s
Genshin Impact,Stealth,Nintendo Switch,2015.0,4.663881208475325,2010s
PUBG Mobile,Role-playing,Nintendo Switch,2019.0,7.725079268164169,2010s
The Sims 4,Strategy,Xbox,2022.0,5.452115553700804,2020s
Madden NFL 21,Platformer,Nintendo Switch,2004.0,6.496184540169181,2000s
God of War,Horror,PC,2019.0,1.6294434019211348,2010s
PUBG Mobile,Stealth,Mobile,2019.0,1.509425821350053,2010s
Monster Hunter: World,Platformer,Xbox,2005.0,5.0780840989502565,2000s
The Legend of Zelda: Breath of the Wild,Sports,PC,2018.0,3.255951183392768,2010s
Grand Theft Auto V,Shooter,PlayStation,2014.0,5.627330578154198,2010s
Rocket League,Adventure,Mobile,2023.0,1.025127426608303,2020s
Dying Light,Fighting,Xbox,2018.0,1.860455816683809,2010s
Fortnite,Strategy,PlayStation,2015.0,5.957979398303957,2010s
Overwatch,Stealth,Mobile,2001.0,7.715606220779267,2000s
Among Us,Stealth,PlayStation,2023.0,1.801421663343955,2020s
Monster Hunter: World,Simulation,Mobile,2007.0,7.11461045576092,2000s
Far Cry 5,Stealth,Xbox,2019.0,1.5003532623688935,2010s
Assassin's Creed Valhalla,Racing,PlayStation,2006.0,3.65113489143114,2000s
The Elder Scrolls V: Skyrim,Action,PC,2003.0,3.948343120096355,2000s
Dark Souls III,Adventure,PlayStation,2011.0,2.987521150076409,2010s
Overwatch,Shooter,Nintendo Switch,2003.0,3.7261234286162095,2000s
Animal Crossing: New Horizons,Adventure,Xbox,2022.0,2.830687046945388,2020s
Forza Horizon 4,Adventure,Xbox,2005.0,4.118314005693304,2000s
Resident Evil Village,Role-playing,PlayStation,2017.0,1.019177497745503,2010s
Grand Theft Auto V,Fighting,Xbox,2021.0,9.132144270507986,2020s
Minecraft,Simulation,Xbox,2007.0,1.2726858676275148,2000s
Ghost of Tsushima,Stealth,PC,2005.0,4.649050561960832,2000s
Sea of Thieves,Simulation,PC,2018.0,3.16316350072953,2010s
Hades,Horror,Nintendo Switch,2001.0,4.240896009934953,2000s
League of Legends: Wild Rift,Strategy,PC,2014.0,8.032087254455625,2010s
GTA San Andreas,Fighting,PC,2015.0,7.535377586884429,2010s
League of Legends,Stealth,Mobile,2013.0,1.746216602936681,2010s
Death Stranding,Horror,Xbox,2022.0,5.630963672309704,2020s
Sea of Thieves,Stealth,PlayStation,2008.0,3.4696860247575154,2000s
Elden Ring,Role-playing,Nintendo Switch,2000.0,2.581987674603196,2000s
Grand Theft Auto IV,Fighting,PC,2019.0,7.694998704182896,2010s
Fall Guys: Ultimate Knockout,Puzzle,Nintendo Switch,2015.0,2.349266311612403,2010s
Hitman 3,Strategy,PC,2021.0,7.468023409510649,2020s
Dying Light,Platformer,Nintendo Switch,2012.0,1.8213657330932276,2010s
Among Us,Survival,Xbox,2001.0,6.877148205028052,2000s
Genshin Impact,Strategy,Nintendo Switch,2006.0,7.167496939959216,2000s
Hades,Adventure,PlayStation,2008.0,4.27530170188918,2000s
Counter-Strike: Global Offensive,Simulation,PlayStation,2000.0,9.441597788895434,2000s
Death Stranding,Puzzle,Mobile,2002.0,2.9586884633424617,2000s
Forza Horizon 4,Strategy,Mobile,2003.0,3.6812915653315432,2000s
Dark Souls III,Role-playing,Nintendo Switch,2010.0,3.221763592996782,2010s
Valorant,Horror,Xbox,2007.0,7.599335159672592,2000s
PUBG Mobile,Racing,Nintendo Switch,2019.0,2.242570943502768,2010s
Minecraft Dungeons,Role-playing,Xbox,2014.0,5.354964817966381,2010s
Hades,Simulation,PC,2015.0,3.6743768444845504,2010s
God of War,Platformer,PC,2004.0,5.716081098003755,2000s
Sea of Thieves,Action,Mobile,2017.0,2.264726024603863,2010s
Destiny 2,Racing,Xbox,2005.0,8.506380523487561,2000s
Death Stranding,Horror,Xbox,2019.0,9.302735080979769,2010s
PUBG,Fighting,Nintendo Switch,2006.0,5.975602696806874,2000s
Minecraft,Survival,Mobile,2005.0,9.819999727935356,2000s
Horizon Zero Dawn,Fighting,PC,2015.0,9.721432167357577,2010s
Hitman 3,Puzzle,Mobile,2009.0,7.575577225910899,2000s
Forza Horizon 4,Platformer,Nintendo Switch,2000.0,1.7199615226884006,2000s
Grand Theft Auto IV,Racing,Xbox,2003.0,2.435073291566585,2000s
PUBG: Battlegrounds,Simulation,Xbox,2007.0,5.239380436191301,2000s
Valorant,Action,Xbox,2018.0,9.226472735805244,2010s
NBA 2K21,Platformer,PC,2014.0,1.7737140467640318,2010s
Call of Duty: Modern Warfare,Stealth,Nintendo Switch,2019.0,9.60814223794562,2010s
Ghost of Tsushima,Sports,PC,2015.0,9.572019057941535,2010s
Minecraft,Shooter,Mobile,2004.0,7.457950422924757,2000s
Destiny 2,Sports,Xbox,2005.0,2.0782242279997667,2000s
Animal Crossing: New Horizons,Racing,PC,2019.0,8.025182793472403,2010s
Death Stranding,Fighting,Nintendo Switch,2016.0,8.998889493323926,2010s
Sea of Thieves,Stealth,Xbox,2011.0,9.033807660683664,2010s
Forza Horizon 4,Survival,PC,2007.0,8.210011550251707,2000s
Forza Horizon 4,Strategy,Mobile,2019.0,8.718063304441596,2010s
Borderlands 3,Adventure,Xbox,2011.0,6.752286436042684,2010s
Genshin Impact,Puzzle,Mobile,2009.0,6.80063950092836,2000s
World of Warcraft,Survival,Nintendo Switch,2018.0,2.2066256708071013,2010s
Far Cry 5,Horror,Xbox,2008.0,6.013697736902771,2000s
Minecraft Dungeons,Adventure,Mobile,2000.0,4.907606548087982,2000s
PUBG: Battlegrounds,Strategy,Mobile,2016.0,3.331773611558181,2010s
Borderlands 3,Action,Nintendo Switch,2020.0,7.894071404239609,2020s
FIFA 21,Survival,PlayStation,2020.0,4.830068317047445,2020s
Monster Hunter: World,Survival,Nintendo Switch,2001.0,7.872020856875425,2000s
Dark Souls III,Sports,PlayStation,2022.0,9.875819943221758,2020s
Sekiro: Shadows Die Twice,Puzzle,Nintendo Switch,2005.0,5.103717368851304,2000s
Minecraft,Shooter,PlayStation,2004.0,5.107368638987024,2000s
Rocket League,Shooter,Xbox,2010.0,8.758114811462018,2010s
Ghost of Tsushima,Horror,Mobile,2000.0,2.2609524793925084,2000s
Cyberpunk 2077,Racing,Xbox,2003.0,8.239925358304372,2000s
Counter-Strike: Global Offensive,Horror,Mobile,2017.0,5.158010853323839,2010s
Hades,Platformer,PC,2002.0,8.644958020629165,2000s
Madden NFL 21,Strategy,Nintendo Switch,2019.0,3.606837517487593,2010s
Borderlands 3,Simulation,PC,2003.0,3.888121061252308,2000s
Horizon Zero Dawn,Puzzle,Mobile,2022.0,4.513558166511672,2020s
Valorant,Simulation,Nintendo Switch,2007.0,2.385656221234949,2000s
Ghost of Tsushima,Horror,PC,2010.0,5.572449728147232,2010s
Sekiro: Shadows Die Twice,Puzzle,Xbox,2000.0,5.497106540475012,2000s
Death Stranding,Shooter,Mobile,2010.0,5.688949841210687,2010s
Grand Theft Auto IV,Sports,Mobile,2004.0,6.297631370503825,2000s
Borderlands 3,Survival,Mobile,2001.0,4.169652817718889,2000s
Hades,Action,Nintendo Switch,2000.0,4.032218503973992,2000s
Counter-Strike: Global Offensive,Puzzle,Nintendo Switch,2008.0,7.960486068533406,2000s
Grand Theft Auto V,Platformer,Nintendo Switch,2021.0,9.370118443850057,2020s
Overwatch,Simulation,Xbox,2018.0,7.537222713473331,2010s
The Sims 4,Platformer,Nintendo Switch,2007.0,1.8476338139218167,2000s
Cyberpunk 2077,Platformer,PC,2014.0,5.817209981039906,2010s
Forza Horizon 4,Shooter,PlayStation,2016.0,9.31914244595055,2010s
Resident Evil Village,Stealth,PlayStation,2019.0,5.485016698884563,2010s
Counter-Strike: Global Offensive,Racing,PC,2003.0,7.507272224144909,2000s
Destiny 2,Simulation,PlayStation,2009.0,5.703237484272744,2000s
The Sims 4,Adventure,PlayStation,2004.0,4.0341654792547335,2000s
PUBG: Battlegrounds,Role-playing,PC,2006.0,4.768306619948568,2000s
NBA 2K21,Strategy,Mobile,2015.0,3.316709789679801,2010s
Mass Effect Legendary Edition,Platformer,Nintendo Switch,2019.0,7.2305154350670735,2010s
Far Cry 5,Adventure,PlayStation,2008.0,2.927822197402893,2000s
The Legend of Zelda: Breath of the Wild,Action,PlayStation,2016.0,7.397243837800834,2010s
Grand Theft Auto V,Puzzle,PC,2013.0,3.475044272437667,2010s
World of Warcraft,Sports,Mobile,2003.0,5.053014549374581,2000s
Overwatch,Puzzle,PlayStation,2020.0,5.093879376715512,2020s
Forza Horizon 4,Racing,Xbox,2010.0,5.844284366772724,2010s
Genshin Impact,Simulation,Nintendo Switch,2006.0,2.91824301163078,2000s
NBA 2K21,Stealth,Nintendo Switch,2012.0,5.431671038578526,2010s
Ghost of Tsushima,Strategy,Mobile,2015.0,9.4374650965735,2010s
Sekiro: Shadows Die Twice,Strategy,PlayStation,2008.0,7.0872008226329575,2000s
Dying Light,Puzzle,PlayStation,2023.0,7.295658768845995,2020s
Far Cry 5,Strategy,PlayStation,2015.0,2.273616310161247,2010s
Tetris,Puzzle,PC,2009.0,4.320148957058644,2000s
PUBG Mobile,Racing,PlayStation,2006.0,7.6905078045857955,2000s
Sea of Thieves,Survival,PC,2010.0,8.316508276431197,2010s
Tetris,Fighting,PC,2014.0,7.970165310358791,2010s
PUBG: Battlegrounds,Sports,Mobile,2005.0,5.252307756051663,2000s
Apex Legends,Strategy,PlayStation,2016.0,7.663235929418484,2010s
Horizon Zero Dawn,Adventure,Mobile,2013.0,8.882753791865529,2010s
Valorant,Puzzle,Xbox,2001.0,2.39579046251268,2000s
Monster Hunter: World,Shooter,Xbox,2004.0,8.391918811811856,2000s
Hitman 3,Horror,PC,2020.0,6.881691277343629,2020s
Counter-Strike: Global Offensive,Strategy,Xbox,2018.0,3.922508338121992,2010s
Cyberpunk 2077,Simulation,Xbox,2017.0,7.913446424570835,2010s
Borderlands 3,Simulation,PlayStation,2016.0,8.142550377342701,2010s
PUBG Mobile,Strategy,Xbox,2004.0,8.268517897660027,2000s
Call of Duty: Modern Warfare,Platformer,Nintendo Switch,2017.0,1.2318110439875531,2010s
Borderlands 3,Survival,PC,2018.0,7.2204245394399695,2010s
Dark Souls III,Fighting,Nintendo Switch,2011.0,8.406248837097678,2010s
PUBG Mobile,Role-playing,Mobile,2003.0,5.512769955926849,2000s
Resident Evil Village,Fighting,Xbox,2021.0,2.6897466307276154,2020s
Minecraft,Horror,Nintendo Switch,2021.0,8.0437259277646,2020s
Ghost of Tsushima,Strategy,Mobile,2017.0,4.307947084889671,2010s
The Legend of Zelda: Breath of the Wild,Survival,PC,2022.0,8.52788100815101,2020s
Monster Hunter: World,Fighting,Nintendo Switch,2020.0,8.059144296919353,2020s
Among Us,Stealth,Nintendo Switch,2007.0,4.432061192917684,2000s
PUBG,Fighting,PlayStation,2020.0,5.6786633233890855,2020s
World of Warcraft,Survival,Mobile,2013.0,8.36160495850208,2010s
Dota 2,Strategy,PC,2004.0,9.616024004200264,2000s
Ghost of Tsushima,Simulation,PlayStation,2009.0,5.2702104523444016,2000s
Death Stranding,Fighting,Xbox,2002.0,7.344667214569599,2000s
Counter-Strike: Global Offensive,Adventure,PC,2014.0,1.5795642890627348,2010s
Red Dead Redemption 2,Action,Mobile,2014.0,5.178007205938519,2010s
PUBG,Fighting,Xbox,2014.0,8.097900323775608,2010s
Red Dead Redemption 2,Puzzle,PC,2022.0,5.521983341165835,2020s
Sea of Thieves,Sports,Nintendo Switch,2002.0,9.164660573410645,2000s
Hades,Shooter,PlayStation,2017.0,7.907422312860682,2010s
Grand Theft Auto V,Platformer,PC,2000.0,3.998031918321297,2000s
Dying Light,Stealth,Mobile,2013.0,1.946339834122556,2010s
Sea of Thieves,Sports,Xbox,2015.0,1.2484994767490818,2010s
Halo Master Chief Collection,Role-playing,Nintendo Switch,2013.0,7.2771530063750065,2010s
Cyberpunk 2077,Puzzle,Nintendo Switch,2003.0,8.42149141844959,2000s
Resident Evil Village,Shooter,Nintendo Switch,2005.0,5.784256616447082,2000s
GTA San Andreas,Platformer,PC,2004.0,1.7724292185563846,2000s
PUBG,Strategy,PlayStation,2022.0,4.664178209792919,2020s
Dota 2,Puzzle,Mobile,2001.0,5.653624541264579,2000s
Call of Duty: Modern Warfare,Stealth,PlayStation,2017.0,3.4383510435355817,2010s
Dark Souls III,Fighting,PlayStation,2016.0,7.693627247712988,2010s
GTA San Andreas,Platformer,Nintendo Switch,2002.0,1.2892963767688703,2000s
Assassin's Creed Valhalla,Simulation,Mobile,2012.0,8.298852002302544,2010s
Among Us,Adventure,PlayStation,2002.0,1.8187379239643933,2000s
FIFA 21,Fighting,Mobile,2008.0,5.244543326944667,2000s
Animal Crossing: New Horizons,Role-playing,PlayStation,2020.0,8.218811051843057,2020s
Valorant,Sports,PC,2011.0,9.723848983449638,2010s
The Witcher 3: Wild Hunt,Horror,Nintendo Switch,2008.0,1.1885499883414172,2000s
Elden Ring,Stealth,Nintendo Switch,2000.0,4.427771079160638,2000s
Fall Guys: Ultimate Knockout,Action,Xbox,2021.0,6.04883853134551,2020s
NBA 2K21,Platformer,PC,2019.0,4.040993517922974,2010s
Tetris,Puzzle,Nintendo Switch,2007.0,5.956705163597061,2000s
The Witcher 3: Wild Hunt,Platformer,Nintendo Switch,2016.0,8.150535718950838,2010s
Fortnite,Role-playing,PlayStation,2002.0,1.216663219397788,2000s
Among Us,Racing,PlayStation,2004.0,6.016326310208064,2000s
Minecraft,Stealth,Mobile,2023.0,1.675328292426585,2020s
Among Us,Platformer,PC,2002.0,6.971828609015103,2000s
The Sims 4,Platformer,PlayStation,2016.0,8.828239837580302,2010s
The Sims 4,Shooter,PC,2023.0,5.792837658498016,2020s
Halo Infinite,Platformer,Xbox,2007.0,2.482524023194677,2000s
Forza Horizon 4,Racing,PC,2020.0,2.558351337566296,2020s
Dota 2,Racing,Nintendo Switch,2007.0,1.2510075467227064,2000s
Among Us,Racing,Mobile,2016.0,6.974593776977843,2010s
Genshin Impact,Sports,Xbox,2002.0,9.500675276103571,2000s
PUBG Mobile,Survival,Xbox,2010.0,1.0858809769856197,2010s
Red Dead Redemption 2,Stealth,Xbox,2007.0,6.608137117012086,2000s
Valorant,Horror,Mobile,2006.0,7.383952227000994,2000s
League of Legends: Wild Rift,Platformer,Nintendo Switch,2017.0,6.196196775136838,2010s
The Sims 4,Platformer,Nintendo Switch,2007.0,7.916242384560373,2000s
Control,Simulation,PC,2003.0,6.288653273143623,2000s
Watch Dogs: Legion,Puzzle,Xbox,2010.0,3.214925392060436,2010s
League of Legends: Wild Rift,Strategy,PC,2006.0,5.935133690761748,2000s
Control,Simulation,PC,2013.0,1.6568485384059497,2010s
Destiny 2,Stealth,Xbox,2003.0,5.535573885079426,2000s
Watch Dogs: Legion,Adventure,PC,2011.0,4.098036299861307,2010s
Elden Ring,Survival,PC,2006.0,4.364118238704587,2000s
Halo Infinite,Simulation,Nintendo Switch,2008.0,7.982394914477339,2000s
Horizon Zero Dawn,Strategy,PC,2001.0,9.413169519139188,2000s
Assassin's Creed Valhalla,Adventure,Xbox,2016.0,5.610474580323965,2010s
Animal Crossing: New Horizons,Simulation,Xbox,2023.0,4.127268384069343,2020s
World of Warcraft,Fighting,PC,2013.0,5.168734858568662,2010s
The Witcher 3: Wild Hunt,Stealth,Nintendo Switch,2019.0,1.535629558527871,2010s
Monster Hunter: World,Racing,Nintendo Switch,2013.0,5.412620768461341,2010s
Fortnite,Action,Nintendo Switch,2016.0,9.300467279032867,2010s
Rocket League,Simulation,Nintendo Switch,2016.0,9.575079551890402,2010s
Rocket League,Racing,Mobile,2009.0,8.93721397727567,2000s
Hades,Strategy,PlayStation,2022.0,3.144940341927096,2020s
Cyberpunk 2077,Puzzle,Xbox,2020.0,4.000401096660472,2020s
Genshin Impact,Fighting,Xbox,2016.0,8.87326939543275,2010s
Far Cry 5,Sports,Mobile,2017.0,5.063452745531818,2010s
Far Cry 5,Survival,Xbox,2006.0,8.598311811643303,2000s
Dark Souls III,Fighting,Mobile,2009.0,3.136214704232815,2000s
PUBG,Stealth,Mobile,2013.0,5.671882640232575,2010s
Red Dead Redemption 2,Strategy,Nintendo Switch,2003.0,4.874272501424473,2000s
Far Cry 5,Racing,PC,2019.0,5.547406589556865,2010s
NBA 2K21,Racing,PC,2020.0,1.726014767483498,2020s
GTA San Andreas,Simulation,Xbox,2022.0,9.648538894564906,2020s
Call of Duty: Modern Warfare,Role-playing,Xbox,2017.0,2.2207025892057413,2010s
Borderlands 3,Puzzle,PC,2021.0,5.5699932174383004,2020s
Red Dead Redemption 2,Horror,PC,2000.0,5.44391275138627,2000s
Red Dead Redemption 2,Survival,Xbox,2016.0,7.143812549499052,2010s
Apex Legends,Adventure,PlayStation,2021.0,3.095440853569218,2020s
Cyberpunk 2077,Adventure,PC,2020.0,7.492326468866598,2020s
Sekiro: Shadows Die Twice,Sports,Xbox,2008.0,4.438844075914338,2000s
Death Stranding,Racing,Xbox,2012.0,8.337850480577728,2010s
Cyberpunk 2077,Action,PC,2009.0,5.29406109962086,2000s
World of Warcraft,Action,PC,2013.0,3.536372510835788,2010s
NBA 2K21,Role-playing,Nintendo Switch,2004.0,9.848052458978012,2000s
Minecraft Dungeons,Racing,PlayStation,2014.0,8.855236386178035,2010s
Animal Crossing: New Horizons,Fighting,Xbox,2019.0,3.8339264077280335,2010s
PUBG Mobile,Simulation,Mobile,2006.0,6.268996339428544,2000s
Control,Sports,PC,2023.0,9.50549490530487,2020s
PUBG: Battlegrounds,Platformer,Nintendo Switch,2006.0,2.9019435065697734,2000s
League of Legends,Strategy,Mobile,2018.0,2.531673672305435,2010s
Fortnite,Role-playing,Mobile,2009.0,2.3425591567985147,2000s
Fortnite,Fighting,PlayStation,2023.0,7.53703350546367,2020s
Fortnite,Adventure,Xbox,2002.0,3.747942490824129,2000s
Fall Guys: Ultimate Knockout,Fighting,PC,2020.0,4.255130906695648,2020s
World of Warcraft,Horror,Xbox,2018.0,9.92506968134472,2010s
Destiny 2,Role-playing,Xbox,2017.0,2.476295430430504,2010s
Valorant,Stealth,Nintendo Switch,2011.0,9.98869400183152,2010s
Ghost of Tsushima,Action,PC,2021.0,5.8112044259701925,2020s
Sekiro: Shadows Die Twice,Adventure,Xbox,2018.0,3.193191430047245,2010s
The Legend of Zelda: Breath of the Wild,Survival,Xbox,2009.0,5.76690271680538,2000s
Sekiro: Shadows Die Twice,Simulation,Nintendo Switch,2016.0,6.090327897258161,2010s
Hitman 3,Simulation,Xbox,2009.0,2.428542328471195,2000s
Genshin Impact,Puzzle,Nintendo Switch,2021.0,3.923372012933685,2020s
Cyberpunk 2077,Shooter,Xbox,2005.0,4.377884669208149,2000s
Monster Hunter: World,Action,Mobile,2001.0,6.146691194918862,2000s
Overwatch,Horror,Xbox,2013.0,4.515105347586212,2010s
Ghost of Tsushima,Role-playing,Nintendo Switch,2001.0,9.01924932738286,2000s
Dying Light,Stealth,PC,2011.0,9.331018835897243,2010s
Dota 2,Action,PC,2014.0,2.2833690071498145,2010s
The Sims 4,Racing,Nintendo Switch,2021.0,5.679376610903573,2020s
PUBG: Battlegrounds,Shooter,PC,2010.0,4.148550595452859,2010s
Hitman 3,Fighting,Nintendo Switch,2017.0,1.4249942226168506,2010s
Genshin Impact,Horror,PlayStation,2004.0,8.01199609927792,2000s
Forza Horizon 4,Adventure,PlayStation,2001.0,7.121346167749725,2000s
Hitman 3,Puzzle,PlayStation,2012.0,1.7226129717020011,2010s
Halo Master Chief Collection,Role-playing,Mobile,2010.0,4.132416551708186,2010s
Monster Hunter: World,Action,Mobile,2023.0,7.1221205155313765,2020s
Ghost of Tsushima,Strategy,PlayStation,2007.0,5.842176555778192,2000s
Fall Guys: Ultimate Knockout,Simulation,Xbox,2012.0,8.911256790554116,2010s
Hitman 3,Puzzle,PlayStation,2001.0,3.9979631581936026,2000s
The Division 2,Action,Nintendo Switch,2023.0,4.61454790212347,2020s
Monster Hunter: World,Horror,Nintendo Switch,2002.0,9.355991057442928,2000s
Madden NFL 21,Puzzle,Xbox,2001.0,5.493249299000845,2000s
NBA 2K21,Simulation,PC,2008.0,4.048596508789014,2000s
Hades,Stealth,Xbox,2003.0,7.979549069679687,2000s
Among Us,Adventure,Mobile,2014.0,9.865649360874148,2010s
PUBG,Survival,PC,2002.0,5.107885695648305,2000s
Apex Legends,Shooter,Xbox,2010.0,5.744586804648578,2010s
NBA 2K21,Puzzle,PC,2004.0,2.1979289169132348,2000s
Apex Legends,Strategy,Xbox,2012.0,4.51357490616354,2010s
Assassin's Creed Valhalla,Puzzle,Nintendo Switch,2023.0,9.054421504542631,2020s
Halo Master Chief Collection,Shooter,PlayStation,2018.0,6.902910329332391,2010s
Minecraft Dungeons,Racing,Mobile,2004.0,7.169776274010958,2000s
The Sims 4,Racing,Nintendo Switch,2013.0,1.9301998353929608,2010s
Among Us,Simulation,Nintendo Switch,2019.0,3.0584306494984768,2010s
Far Cry 5,Fighting,Nintendo Switch,2009.0,4.286622175202362,2000s
Minecraft Dungeons,Puzzle,Xbox,2009.0,3.2095775184749487,2000s
The Sims 4,Shooter,Xbox,2012.0,2.926925349408638,2010s
PUBG Mobile,Role-playing,Nintendo Switch,2021.0,7.93544345291611,2020s
Grand Theft Auto V,Shooter,Mobile,2013.0,6.545693474026091,2010s
Red Dead Redemption 2,Stealth,Xbox,2021.0,9.829423064304924,2020s
NBA 2K21,Puzzle,Mobile,2023.0,3.810099592011744,2020s
League of Legends: Wild Rift,Shooter,Mobile,2021.0,7.982682021369723,2020s
Death Stranding,Stealth,Xbox,2020.0,3.1709395399754,2020s
Grand Theft Auto V,Simulation,Mobile,2008.0,8.702316403824465,2000s
Among Us,Puzzle,Xbox,2018.0,3.987109392164808,2010s
Dying Light,Sports,PlayStation,2023.0,4.499749440412302,2020s
Grand Theft Auto IV,Stealth,PlayStation,2008.0,3.777607189611517,2000s
Grand Theft Auto V,Fighting,PlayStation,2005.0,5.901155281322758,2000s
Far Cry 5,Puzzle,PlayStation,2016.0,4.064020616383171,2010s
Genshin Impact,Platformer,Nintendo Switch,2015.0,4.263541919975935,2010s
Hitman 3,Shooter,Nintendo Switch,2000.0,8.80412180307875,2000s
Hitman 3,Puzzle,Mobile,2003.0,2.076045488084392,2000s
Genshin Impact,Action,Mobile,2008.0,3.202259949587792,2000s
Dying Light,Puzzle,Xbox,2021.0,6.816982149332634,2020s
League of Legends: Wild Rift,Adventure,Nintendo Switch,2017.0,1.831789178750329,2010s
Mass Effect Legendary Edition,Action,PlayStation,2004.0,7.472882472888122,2000s
Rocket League,Racing,PlayStation,2011.0,1.3112929777104712,2010s
Assassin's Creed Valhalla,Adventure,PlayStation,2018.0,6.391615137759423,2010s
Sea of Thieves,Sports,Xbox,2005.0,8.93883137660414,2000s
Hitman 3,Action,PlayStation,2006.0,1.6515640064020132,2000s
Grand Theft Auto IV,Sports,Mobile,2011.0,8.788736800594855,2010s
Control,Adventure,Mobile,2019.0,8.118885495970835,2010s
Minecraft Dungeons,Action,Nintendo Switch,2020.0,6.747782820765826,2020s
Grand Theft Auto V,Survival,PlayStation,2021.0,3.9519748240415193,2020s
Halo Infinite,Horror,Xbox,2019.0,6.919354701516949,2010s
Apex Legends,Simulation,Xbox,2012.0,1.0841744650565823,2010s
Dark Souls III,Strategy,PC,2017.0,7.537463035581334,2010s
Ghost of Tsushima,Role-playing,PC,2002.0,6.536733605485865,2000s
Assassin's Creed Valhalla,Stealth,PC,2001.0,4.151523953478069,2000s
NBA 2K21,Puzzle,PC,2000.0,8.256013860990159,2000s
Control,Puzzle,Mobile,2005.0,5.710709879539952,2000s
Assassin's Creed Valhalla,Puzzle,Nintendo Switch,2015.0,7.461275900484909,2010s
Halo Infinite,Horror,Nintendo Switch,2012.0,4.080473125564748,2010s
Overwatch,Sports,PlayStation,2018.0,1.2063456289878287,2010s
Elden Ring,Role-playing,Nintendo Switch,2015.0,6.793660941399726,2010s
Grand Theft Auto V,Simulation,Xbox,2000.0,4.919288385752343,2000s
Counter-Strike: Global Offensive,Stealth,Nintendo Switch,2006.0,4.61212033938979,2000s
Sekiro: Shadows Die Twice,Survival,PC,2000.0,5.294528872504996,2000s
Super Mario Odyssey,Horror,Nintendo Switch,2000.0,5.175690960882883,2000s
Hitman 3,Horror,Mobile,2019.0,7.133246734517561,2010s
Halo Infinite,Survival,Nintendo Switch,2003.0,4.81604430273919,2000s
Minecraft Dungeons,Horror,PC,2005.0,2.133149920122165,2000s
Rocket League,Stealth,PlayStation,2022.0,1.355438713391092,2020s
Grand Theft Auto V,Puzzle,Mobile,2020.0,3.691962874343099,2020s
Grand Theft Auto IV,Survival,Mobile,2019.0,1.3519243573430315,2010s
Minecraft Dungeons,Stealth,Nintendo Switch,2012.0,8.835294743326555,2010s
Hades,Horror,Xbox,2011.0,8.846346098755152,2010s
Grand Theft Auto V,Puzzle,PlayStation,2014.0,7.225220937373951,2010s
Grand Theft Auto IV,Role-playing,Nintendo Switch,2004.0,6.565764970801254,2000s
Monster Hunter: World,Survival,Xbox,2012.0,7.846585836288816,2010s
Genshin Impact,Fighting,Xbox,2001.0,8.367456747887534,2000s
Borderlands 3,Shooter,PlayStation,2007.0,1.816385378584874,2000s
Watch Dogs: Legion,Platformer,Xbox,2015.0,1.592018548238019,2010s
Valorant,Horror,Nintendo Switch,2023.0,6.264893229424541,2020s
PUBG,Simulation,PC,2002.0,6.723084230308637,2000s
Control,Sports,Nintendo Switch,2000.0,2.073703006498288,2000s
Elden Ring,Role-playing,PlayStation,2003.0,3.575069848719472,2000s
Far Cry 5,Adventure,PC,2019.0,1.6976795975812728,2010s
The Legend of Zelda: Breath of the Wild,Strategy,Mobile,2008.0,2.4688481692991515,2000s
Dark Souls III,Survival,PC,2008.0,7.538918921121247,2000s
World of Warcraft,Racing,PlayStation,2001.0,3.576721295574585,2000s
Genshin Impact,Survival,PlayStation,2015.0,8.192654929221817,2010s
The Division 2,Role-playing,Xbox,2014.0,2.698064294170284,2010s
Apex Legends,Horror,Xbox,2023.0,3.4533355427833645,2020s
Dying Light,Survival,Xbox,2007.0,2.8857067726624144,2000s
Cyberpunk 2077,Puzzle,Nintendo Switch,2011.0,4.768773473312459,2010s
Forza Horizon 4,Adventure,Xbox,2022.0,4.8555466818312905,2020s
Madden NFL 21,Adventure,Xbox,2012.0,6.083187608686428,2010s
The Sims 4,Fighting,PC,2000.0,9.380747425135242,2000s
Super Mario Odyssey,Sports,PC,2014.0,1.8349378518251087,2010s
Dark Souls III,Role-playing,PC,2006.0,8.23741121843431,2000s
Elden Ring,Strategy,Xbox,2006.0,4.720418505690176,2000s
GTA San Andreas,Survival,Xbox,2009.0,6.426232928979098,2000s
Grand Theft Auto V,Strategy,PC,2022.0,8.353639195178474,2020s
Rocket League,Puzzle,PC,2022.0,1.96245756120946,2020s
PUBG Mobile,Strategy,PC,2011.0,3.5628094962783416,2010s
Horizon Zero Dawn,Simulation,Xbox,2005.0,4.519376444749411,2000s
The Witcher 3: Wild Hunt,Action,PC,2007.0,4.992238633776235,2000s
Fortnite,Horror,Nintendo Switch,2013.0,3.832894429012432,2010s
Dark Souls III,Role-playing,Mobile,2005.0,1.9774177957513288,2000s
Fall Guys: Ultimate Knockout,Puzzle,Mobile,2003.0,1.3809836590817397,2000s
Genshin Impact,Racing,PC,2000.0,2.89141022594235,2000s
World of Warcraft,Puzzle,Xbox,2011.0,3.5418425045188786,2010s
Counter-Strike: Global Offensive,Survival,Xbox,2022.0,6.8333500647939625,2020s
Counter-Strike: Global Offensive,Stealth,PC,2018.0,4.8282375949255165,2010s
Sea of Thieves,Survival,Mobile,2015.0,8.286221969047634,2010s
Dying Light,Sports,Xbox,2018.0,9.545988646808762,2010s
Among Us,Role-playing,PC,2017.0,3.571786802490045,2010s
The Witcher 3: Wild Hunt,Fighting,Xbox,2001.0,9.190827277761098,2000s
Grand Theft Auto IV,Role-playing,Xbox,2005.0,8.87837190386638,2000s
The Legend of Zelda: Breath of the Wild,Sports,Nintendo Switch,2018.0,7.001663293752514,2010s
FIFA 21,Racing,Nintendo Switch,2023.0,8.428595932976721,2020s
Borderlands 3,Role-playing,Xbox,2014.0,7.098016993270893,2010s
Apex Legends,Puzzle,Mobile,2017.0,3.7843617235525695,2010s
Apex Legends,Action,PlayStation,2004.0,9.132390922591275,2000s
Fall Guys: Ultimate Knockout,Survival,Mobile,2002.0,3.885380896990058,2000s
World of Warcraft,Strategy,PC,2018.0,7.09398252422425,2010s
Apex Legends,Racing,Xbox,2013.0,2.752134232622944,2010s
Rocket League,Sports,PlayStation,2003.0,3.298006526357564,2000s
The Witcher 3: Wild Hunt,Stealth,PC,2004.0,3.714288890028548,2000s
Red Dead Redemption 2,Fighting,PlayStation,2002.0,4.549894800299141,2000s
Fall Guys: Ultimate Knockout,Platformer,PlayStation,2004.0,3.246560655843684,2000s
Monster Hunter: World,Fighting,Nintendo Switch,2021.0,1.965774072116584,2020s
Tetris,Puzzle,Xbox,2015.0,7.9416844907046995,2010s
Among Us,Strategy,Xbox,2012.0,6.894137780870211,2010s
Grand Theft Auto IV,Fighting,PlayStation,2013.0,6.188902934227115,2010s
The Sims 4,Stealth,PlayStation,2006.0,8.325657943092551,2000s
Horizon Zero Dawn,Stealth,Nintendo Switch,2012.0,1.2463612546492868,2010s
Tetris,Simulation,Xbox,2014.0,9.59576374415613,2010s
Ghost of Tsushima,Sports,Mobile,2001.0,6.394597828034909,2000s
Apex Legends,Adventure,Mobile,2011.0,8.153779500852771,2010s
Ghost of Tsushima,Platformer,PlayStation,2012.0,9.011410233278236,2010s
The Elder Scrolls V: Skyrim,Horror,Mobile,2001.0,3.6200189928912647,2000s
FIFA 21,Shooter,Xbox,2001.0,9.75530654040764,2000s
Death Stranding,Role-playing,PlayStation,2015.0,9.686669327638995,2010s
The Division 2,Shooter,Nintendo Switch,2020.0,2.099634826558139,2020s
World of Warcraft,Puzzle,PC,2001.0,9.616458793700769,2000s
Super Mario Odyssey,Action,Nintendo Switch,2017.0,9.482892212270777,2010s
Animal Crossing: New Horizons,Platformer,Nintendo Switch,2009.0,3.506423479660896,2000s
Dying Light,Strategy,Nintendo Switch,2022.0,9.635975399387911,2020s
Far Cry 5,Survival,Nintendo Switch,2001.0,7.408223785292787,2000s
Horizon Zero Dawn,Horror,PlayStation,2001.0,5.457484140945598,2000s
NBA 2K21,Racing,Nintendo Switch,2018.0,6.1360650906041325,2010s
Far Cry 5,Role-playing,Mobile,2012.0,8.688456851231214,2010s
God of War,Adventure,Mobile,2016.0,5.399303248941132,2010s
World of Warcraft,Adventure,PC,2016.0,8.971606966282907,2010s
Super Mario Odyssey,Simulation,Nintendo Switch,2003.0,3.713413031312141,2000s
League of Legends: Wild Rift,Adventure,Nintendo Switch,2013.0,4.180945867051821,2010s
GTA San Andreas,Horror,PlayStation,2004.0,2.4132801877450047,2000s
Mass Effect Legendary Edition,Stealth,PC,2019.0,9.087224611951369,2010s
Tetris,Sports,Nintendo Switch,2023.0,4.2736661441474,2020s
Far Cry 5,Role-playing,PC,2010.0,3.9342563434962097,2010s
Ghost of Tsushima,Stealth,PC,2012.0,7.246236001911163,2010s
Counter-Strike: Global Offensive,Role-playing,PC,2008.0,6.114281850485455,2000s
Tetris,Racing,Mobile,2020.0,5.055793092925783,2020s
Destiny 2,Fighting,PC,2005.0,6.388240789631104,2000s
League of Legends: Wild Rift,Fighting,Mobile,2006.0,1.0785680912196445,2000s
Minecraft Dungeons,Shooter,Nintendo Switch,2022.0,2.62823571436601,2020s
Minecraft,Shooter,Xbox,2002.0,7.479902985748568,2000s
Fortnite,Role-playing,PlayStation,2006.0,7.988393657496177,2000s
The Sims 4,Puzzle,Xbox,2020.0,8.083469859686055,2020s
Dota 2,Sports,PC,2010.0,7.898029215007345,2010s
The Sims 4,Sports,Mobile,2007.0,1.503775649658278,2000s
World of Warcraft,Puzzle,Xbox,2000.0,8.795982285673372,2000s
Red Dead Redemption 2,Racing,Xbox,2008.0,8.528082268303693,2000s
The Legend of Zelda: Breath of the Wild,Action,Xbox,2013.0,2.470501987478805,2010s
Sekiro: Shadows Die Twice,Racing,PC,2003.0,7.149783326110103,2000s
PUBG: Battlegrounds,Sports,Mobile,2002.0,6.425909698125512,2000s
Call of Duty: Modern Warfare,Shooter,Mobile,2014.0,6.312857110007789,2010s
Control,Adventure,Mobile,2017.0,3.4015995759528925,2010s
Watch Dogs: Legion,Shooter,Mobile,2004.0,8.101382497376742,2000s
Elden Ring,Shooter,PC,2003.0,6.563295483048964,2000s
Valorant,Platformer,PlayStation,2011.0,1.4448173644542317,2010s
The Sims 4,Strategy,Nintendo Switch,2001.0,6.710054936009367,2000s
The Sims 4,Puzzle,PlayStation,2012.0,9.037480720699849,2010s
Death Stranding,Shooter,PC,2016.0,2.9518250088957143,2010s
Elden Ring,Racing,PlayStation,2013.0,9.88755212392836,2010s
Horizon Zero Dawn,Racing,Mobile,2016.0,7.001540002598108,2010s
Sea of Thieves,Stealth,PC,2020.0,3.1174871717351818,2020s
NBA 2K21,Puzzle,Mobile,2003.0,1.0081358491250527,2000s
PUBG: Battlegrounds,Horror,Xbox,2016.0,3.5730739043776154,2010s
Destiny 2,Survival,PlayStation,2021.0,7.320453146124412,2020s
The Witcher 3: Wild Hunt,Adventure,Mobile,2014.0,9.987243408360442,2010s
The Sims 4,Survival,PC,2005.0,4.77306085510153,2000s
Sea of Thieves,Racing,Xbox,2001.0,8.057974451961694,2000s
Grand Theft Auto IV,Platformer,PlayStation,2016.0,8.68293978851877,2010s
Elden Ring,Shooter,PlayStation,2010.0,7.430594409985029,2010s
Far Cry 5,Fighting,Nintendo Switch,2001.0,7.454459895264394,2000s
Minecraft Dungeons,Simulation,Xbox,2002.0,3.0402873926312983,2000s
Hades,Role-playing,PlayStation,2010.0,8.155393953680258,2010s
Sea of Thieves,Racing,PC,2006.0,6.831851364147839,2000s
FIFA 21,Survival,Nintendo Switch,2010.0,3.5932936423761404,2010s
The Sims 4,Adventure,Xbox,2004.0,9.115516232177733,2000s
Borderlands 3,Action,Xbox,2021.0,8.68730097403995,2020s
World of Warcraft,Role-playing,PC,2007.0,7.01549332583723,2000s
Fall Guys: Ultimate Knockout,Racing,PlayStation,2008.0,4.7270053687238365,2000s
Overwatch,Simulation,Nintendo Switch,2018.0,8.494884746470554,2010s
Super Mario Odyssey,Shooter,PC,2020.0,9.773028912615928,2020s
Minecraft Dungeons,Platformer,PlayStation,2020.0,2.026074297030488,2020s
League of Legends: Wild Rift,Stealth,PC,2021.0,7.934574373960817,2020s
Apex Legends,Action,PlayStation,2023.0,5.275224108359773,2020s
Animal Crossing: New Horizons,Horror,PlayStation,2007.0,9.811266838330484,2000s
Fortnite,Strategy,Xbox,2012.0,6.0831235970239455,2010s
Ghost of Tsushima,Platformer,Nintendo Switch,2017.0,7.752049200467067,2010s
Halo Infinite,Strategy,Nintendo Switch,2017.0,8.254669109739309,2010s
Hitman 3,Sports,Xbox,2019.0,3.39972662436781,2010s
Minecraft,Action,Mobile,2016.0,9.441457789360513,2010s
The Elder Scrolls V: Skyrim,Racing,Mobile,2012.0,6.887728445823154,2010s
Assassin's Creed Valhalla,Shooter,PC,2003.0,7.927523355755513,2000s
The Sims 4,Fighting,PC,2023.0,5.669847275406297,2020s
Genshin Impact,Strategy,Nintendo Switch,2009.0,1.0894375811816457,2000s
Borderlands 3,Racing,Nintendo Switch,2002.0,1.1581026888650652,2000s
Rocket League,Racing,Xbox,2018.0,1.3379669338779276,2010s
PUBG Mobile,Strategy,PC,2007.0,9.30510934989344,2000s
Sea of Thieves,Stealth,Nintendo Switch,2004.0,8.235675554711873,2000s
The Sims 4,Role-playing,Mobile,2000.0,1.454966461664972,2000s
Mass Effect Legendary Edition,Racing,Nintendo Switch,2013.0,1.7981321028080797,2010s
PUBG: Battlegrounds,Action,PC,2022.0,8.029920254387639,2020s
Assassin's Creed Valhalla,Strategy,Nintendo Switch,2013.0,9.577996002865472,2010s
Death Stranding,Sports,Xbox,2005.0,4.911725012010841,2000s
God of War,Puzzle,PC,2019.0,4.657585984642767,2010s
Halo Master Chief Collection,Racing,PlayStation,2015.0,8.011689227780868,2010s
Borderlands 3,Horror,Nintendo Switch,2003.0,7.022399828219218,2000s
Halo Master Chief Collection,Horror,Xbox,2008.0,8.458989727547234,2000s
PUBG: Battlegrounds,Racing,Nintendo Switch,2002.0,5.984810054063337,2000s
Tetris,Role-playing,Nintendo Switch,2019.0,2.9932568857298607,2010s
Halo Master Chief Collection,Horror,Xbox,2023.0,8.780127803639072,2020s
Fall Guys: Ultimate Knockout,Survival,PC,2004.0,9.755015557742867,2000s
The Witcher 3: Wild Hunt,Action,Mobile,2000.0,8.589435340184298,2000s
League of Legends,Puzzle,PC,2003.0,8.329074235195716,2000s
The Legend of Zelda: Breath of the Wild,Simulation,Mobile,2021.0,2.1270735770790328,2020s
Madden NFL 21,Adventure,Xbox,2003.0,6.002005516476951,2000s
Horizon Zero Dawn,Adventure,Xbox,2009.0,4.4525007596619925,2000s
Dota 2,Adventure,Nintendo Switch,2020.0,2.4903079182473107,2020s
Horizon Zero Dawn,Role-playing,Mobile,2023.0,3.586152103791792,2020s
Fall Guys: Ultimate Knockout,Puzzle,Mobile,2005.0,8.492767185203576,2000s
World of Warcraft,Platformer,Xbox,2003.0,5.674866106144992,2000s
The Division 2,Racing,Xbox,2008.0,7.404384620761251,2000s
Far Cry 5,Role-playing,PC,2019.0,1.436741145137693,2010s
Sekiro: Shadows Die Twice,Stealth,Xbox,2008.0,6.4810566046381135,2000s
Control,Horror,Xbox,2010.0,5.746763657055359,2010s
Monster Hunter: World,Action,Xbox,2017.0,1.8068316498441488,2010s
World of Warcraft,Sports,Xbox,2021.0,5.023609488879294,2020s
League of Legends: Wild Rift,Strategy,PlayStation,2001.0,3.201170411244935,2000s
Death Stranding,Survival,PlayStation,2001.0,9.378876976330435,2000s
Apex Legends,Platformer,PlayStation,2005.0,3.848209953486739,2000s
Red Dead Redemption 2,Action,PC,2017.0,3.2248732183523687,2010s
Overwatch,Simulation,Nintendo Switch,2015.0,1.019240901641247,2010s
Resident Evil Village,Stealth,Mobile,2006.0,6.069049608306152,2000s
Grand Theft Auto V,Shooter,PC,2016.0,7.969680517841651,2010s
Hades,Horror,Mobile,2018.0,5.456945179860064,2010s
Monster Hunter: World,Puzzle,PC,2000.0,9.689573788678684,2000s
League of Legends: Wild Rift,Stealth,Xbox,2002.0,2.6891052647612885,2000s
Sekiro: Shadows Die Twice,Adventure,Mobile,2000.0,8.179842848976252,2000s
Far Cry 5,Action,PC,2023.0,3.869847763503146,2020s
Halo Master Chief Collection,Role-playing,Nintendo Switch,2005.0,6.825833041758905,2000s
Resident Evil Village,Fighting,Xbox,2023.0,5.186230264743771,2020s
Ghost of Tsushima,Fighting,Nintendo Switch,2005.0,5.569021865938282,2000s
Forza Horizon 4,Platformer,Mobile,2004.0,4.809662654689513,2000s
Minecraft,Horror,Mobile,2006.0,8.177956565722878,2000s
Dota 2,Sports,PlayStation,2005.0,9.724761972636502,2000s
God of War,Shooter,Nintendo Switch,2000.0,4.078849004253438,2000s
The Legend of Zelda: Breath of the Wild,Action,PC,2019.0,3.3095281224408173,2010s
Valorant,Puzzle,Mobile,2008.0,4.977728671315346,2000s
PUBG Mobile,Strategy,Xbox,2008.0,5.3821491730715545,2000s
Fortnite,Racing,Nintendo Switch,2015.0,4.826433803130208,2010s
Cyberpunk 2077,Puzzle,Xbox,2014.0,8.69580316824526,2010s
Watch Dogs: Legion,Racing,Mobile,2001.0,2.006254689605843,2000s
GTA San Andreas,Platformer,Xbox,2001.0,1.2096814175518606,2000s
Sea of Thieves,Horror,Nintendo Switch,2007.0,4.097687949352391,2000s
Dark Souls III,Simulation,PlayStation,2018.0,6.825866431793642,2010s
Minecraft Dungeons,Role-playing,Nintendo Switch,2017.0,2.484957699003376,2010s
Fall Guys: Ultimate Knockout,Role-playing,Xbox,2022.0,1.8905510207202687,2020s
Red Dead Redemption 2,Strategy,Xbox,2000.0,4.817266960644536,2000s
Mass Effect Legendary Edition,Simulation,PlayStation,2018.0,7.308068215881102,2010s
Dota 2,Puzzle,Nintendo Switch,2006.0,5.570164487563215,2000s
Control,Horror,PlayStation,2008.0,5.401099841907316,2000s
PUBG: Battlegrounds,Horror,Nintendo Switch,2020.0,9.002379494019902,2020s
NBA 2K21,Fighting,Nintendo Switch,2022.0,6.316299001293516,2020s
World of Warcraft,Strategy,PC,2011.0,6.951276569290618,2010s
Call of Duty: Modern Warfare,Role-playing,Nintendo Switch,2010.0,8.640966198244271,2010s
The Witcher 3: Wild Hunt,Survival,PlayStation,2001.0,6.968968789833763,2000s
Monster Hunter: World,Action,Xbox,2017.0,6.616503419129898,2010s
The Sims 4,Horror,PC,2023.0,4.50644975226737,2020s
The Elder Scrolls V: Skyrim,Puzzle,PlayStation,2012.0,9.414537606839772,2010s
World of Warcraft,Sports,Mobile,2015.0,4.124983200098193,2010s
Apex Legends,Sports,Mobile,2018.0,3.8605631997540657,2010s
World of Warcraft,Role-playing,Xbox,2006.0,4.4846703897479525,2000s
Cyberpunk 2077,Racing,Mobile,2003.0,4.316595301430183,2000s
Animal Crossing: New Horizons,Sports,PC,2018.0,3.419796644905451,2010s
Control,Survival,Nintendo Switch,2018.0,9.54593993816864,2010s
Horizon Zero Dawn,Simulation,Xbox,2005.0,4.425342748498353,2000s
Forza Horizon 4,Action,Nintendo Switch,2000.0,3.92999975310022,2000s
Among Us,Simulation,PC,2001.0,1.093903176557132,2000s
GTA San Andreas,Simulation,PC,2005.0,4.075635872720949,2000s
Fall Guys: Ultimate Knockout,Horror,Xbox,2010.0,8.664468023213766,2010s
Madden NFL 21,Puzzle,Xbox,2020.0,9.041103784039,2020s
Genshin Impact,Puzzle,PlayStation,2001.0,6.171653947357111,2000s
Sekiro: Shadows Die Twice,Fighting,Mobile,2008.0,3.033643366117728,2000s
Destiny 2,Puzzle,PC,2006.0,8.628791277057562,2000s
Among Us,Strategy,Xbox,2018.0,4.610165936630706,2010s
Death Stranding,Adventure,Mobile,2014.0,2.201217349435636,2010s
Destiny 2,Survival,PC,2017.0,4.544840299230115,2010s
FIFA 21,Platformer,Xbox,2000.0,3.0996926674311096,2000s
Sekiro: Shadows Die Twice,Role-playing,Xbox,2014.0,4.782526926884941,2010s
Super Mario Odyssey,Action,PC,2016.0,9.958737553646252,2010s
Watch Dogs: Legion,Adventure,Mobile,2011.0,1.341278899910637,2010s
Death Stranding,Racing,Mobile,2010.0,6.463635049467812,2010s
Control,Action,Mobile,2011.0,4.984010287752374,2010s
The Division 2,Fighting,Mobile,2002.0,1.8020331135477168,2000s
The Division 2,Action,PlayStation,2003.0,5.091588066228011,2000s
The Legend of Zelda: Breath of the Wild,Adventure,Xbox,2004.0,5.91436609867025,2000s
Halo Infinite,Stealth,Mobile,2016.0,3.714633534051067,2010s
Ghost of Tsushima,Platformer,PlayStation,2012.0,5.0564697103142775,2010s
Borderlands 3,Survival,PC,2013.0,3.5412777844647625,2010s
Overwatch,Role-playing,PC,2012.0,8.290172485452445,2010s
Mass Effect Legendary Edition,Sports,Mobile,2013.0,7.394083956751211,2010s
Tetris,Adventure,Mobile,2020.0,4.535542093309084,2020s
The Sims 4,Shooter,Xbox,2018.0,5.262204162031079,2010s
Madden NFL 21,Platformer,PlayStation,2010.0,9.56250946306107,2010s
God of War,Puzzle,Nintendo Switch,2017.0,7.677852419405311,2010s
Dying Light,Strategy,Nintendo Switch,2018.0,6.254408966384533,2010s
Far Cry 5,Action,Mobile,2001.0,1.7011267541712651,2000s
Super Mario Odyssey,Sports,Mobile,2013.0,4.394863799120395,2010s
Valorant,Sports,Nintendo Switch,2010.0,6.935815224460474,2010s
Sea of Thieves,Strategy,Mobile,2014.0,7.648727632350151,2010s
Dying Light,Sports,PC,2012.0,5.811454740789274,2010s
FIFA 21,Role-playing,PlayStation,2016.0,5.59295609138926,2010s
Assassin's Creed Valhalla,Platformer,PlayStation,2017.0,3.451284431811425,2010s
PUBG Mobile,Simulation,Nintendo Switch,2019.0,9.800387925715514,2010s
The Legend of Zelda: Breath of the Wild,Adventure,Nintendo Switch,2017.0,7.226004416815251,2010s
Hades,Puzzle,Mobile,2002.0,9.228050601445394,2000s
The Elder Scrolls V: Skyrim,Action,Nintendo Switch,2016.0,8.318141403933094,2010s
Horizon Zero Dawn,Horror,PC,2005.0,7.540757727284237,2000s
World of Warcraft,Horror,Mobile,2014.0,7.535189812129476,2010s
Super Mario Odyssey,Stealth,Nintendo Switch,2000.0,9.30256658007498,2000s
FIFA 21,Adventure,PlayStation,2013.0,3.412421176176239,2010s
Far Cry 5,Simulation,Mobile,2022.0,3.6835948567693046,2020s
Among Us,Survival,Mobile,2010.0,5.79142118405054,2010s
Dark Souls III,Survival,Nintendo Switch,2004.0,6.51113997719038,2000s
Genshin Impact,Sports,PlayStation,2005.0,3.3267533123866384,2000s
Animal Crossing: New Horizons,Shooter,Mobile,2013.0,1.4685049028141404,2010s
Animal Crossing: New Horizons,Sports,PC,2015.0,8.04365352918078,2010s
Elden Ring,Stealth,PC,2015.0,2.9148313712129186,2010s
Watch Dogs: Legion,Platformer,PC,2010.0,4.147659726179449,2010s
Madden NFL 21,Racing,PlayStation,2017.0,8.193407884430222,2010s
Assassin's Creed Valhalla,Role-playing,PC,2001.0,9.590669378277164,2000s
Monster Hunter: World,Simulation,PlayStation,2002.0,8.313716562655305,2000s
Rocket League,Puzzle,Mobile,2003.0,2.4063939953017277,2000s
Halo Infinite,Adventure,Mobile,2014.0,1.5048887475673527,2010s
Sekiro: Shadows Die Twice,Puzzle,Nintendo Switch,2001.0,5.920833145077673,2000s
Far Cry 5,Shooter,Xbox,2013.0,4.666665127660972,2010s
The Sims 4,Sports,Xbox,2003.0,9.676241308092342,2000s
Forza Horizon 4,Simulation,Xbox,2000.0,6.045834250319588,2000s
Rocket League,Simulation,Xbox,2005.0,6.851114541391612,2000s
Minecraft Dungeons,Horror,PC,2003.0,9.885231845564816,2000s
PUBG: Battlegrounds,Puzzle,PC,2015.0,9.80357373339629,2010s
Super Mario Odyssey,Action,PC,2005.0,4.236881559003043,2000s
The Sims 4,Platformer,Mobile,2017.0,1.4652930880007529,2010s
PUBG Mobile,Role-playing,PC,2010.0,9.935165216539854,2010s
Sekiro: Shadows Die Twice,Strategy,PC,2019.0,6.712652411501377,2010s
Apex Legends,Action,Mobile,2020.0,7.570723144331659,2020s
Dark Souls III,Survival,PlayStation,2014.0,2.7891902261836554,2010s
Tetris,Platformer,Nintendo Switch,2020.0,9.79082897129338,2020s
Tetris,Sports,Xbox,2002.0,5.196669303696527,2000s
The Sims 4,Survival,PlayStation,2018.0,7.559366953870112,2010s
Control,Sports,Nintendo Switch,2001.0,9.5836813586853,2000s
Death Stranding,Sports,PlayStation,2021.0,3.5531426540469147,2020s
Red Dead Redemption 2,Stealth,PlayStation,2014.0,6.165079717325394,2010s
Super Mario Odyssey,Puzzle,Mobile,2018.0,7.810218758069487,2010s
World of Warcraft,Action,Xbox,2018.0,1.7294424626314862,2010s
Fall Guys: Ultimate Knockout,Puzzle,Xbox,2018.0,1.963171385049522,2010s
Minecraft Dungeons,Racing,Mobile,2010.0,7.300401462696117,2010s
PUBG Mobile,Puzzle,Mobile,2021.0,3.067823954035151,2020s
Genshin Impact,Horror,Nintendo Switch,2013.0,1.974045364948668,2010s
Mass Effect Legendary Edition,Stealth,Nintendo Switch,2005.0,9.246087167433377,2000s
PUBG,Sports,Mobile,2020.0,8.049651818816852,2020s
Genshin Impact,Sports,PC,2021.0,7.546773825400171,2020s
League of Legends: Wild Rift,Stealth,Mobile,2011.0,4.711047822519268,2010s
Apex Legends,Racing,PlayStation,2019.0,5.086616205456581,2010s
Horizon Zero Dawn,Adventure,Nintendo Switch,2018.0,2.072690509815702,2010s
Genshin Impact,Stealth,PC,2003.0,5.662239917606979,2000s
PUBG: Battlegrounds,Role-playing,Nintendo Switch,2006.0,4.625100481955594,2000s
Watch Dogs: Legion,Sports,Mobile,2015.0,7.958505069106785,2010s
NBA 2K21,Strategy,Mobile,2001.0,3.96417712937439,2000s
League of Legends,Strategy,Mobile,2015.0,1.4574234558271837,2010s
The Witcher 3: Wild Hunt,Role-playing,Nintendo Switch,2013.0,6.427320399367925,2010s
Animal Crossing: New Horizons,Stealth,Xbox,2010.0,4.804426883174338,2010s
Resident Evil Village,Role-playing,Xbox,2004.0,7.355554143436361,2000s
League of Legends: Wild Rift,Racing,Mobile,2011.0,2.4252300464324863,2010s
Minecraft Dungeons,Shooter,Xbox,2017.0,2.5879985777630514,2010s
Sekiro: Shadows Die Twice,Puzzle,PC,2000.0,7.191337320319057,2000s
The Legend of Zelda: Breath of the Wild,Sports,Xbox,2016.0,4.254065741970216,2010s
Genshin Impact,Role-playing,PlayStation,2002.0,7.283653394825024,2000s
League of Legends: Wild Rift,Shooter,Mobile,2005.0,8.20879903645959,2000s
Super Mario Odyssey,Simulation,Xbox,2007.0,1.3512589761063762,2000s
God of War,Strategy,PC,2008.0,6.263599106636234,2000s
Cyberpunk 2077,Strategy,Xbox,2014.0,5.585768379287273,2010s
Death Stranding,Shooter,Mobile,2015.0,2.349676521819938,2010s
The Witcher 3: Wild Hunt,Strategy,Xbox,2008.0,9.376550456834284,2000s
Fall Guys: Ultimate Knockout,Simulation,PlayStation,2006.0,8.761085836419747,2000s
FIFA 21,Role-playing,PC,2015.0,3.850088347213577,2010s
Assassin's Creed Valhalla,Role-playing,Nintendo Switch,2001.0,1.6311944673149723,2000s
NBA 2K21,Action,Nintendo Switch,2003.0,8.604490495991197,2000s
Halo Master Chief Collection,Survival,Nintendo Switch,2017.0,2.6276986964996114,2010s
Ghost of Tsushima,Strategy,Nintendo Switch,2002.0,7.423403306339346,2000s
Call of Duty: Modern Warfare,Fighting,Xbox,2023.0,9.303670357788118,2020s
The Division 2,Shooter,PC,2020.0,8.675233075903286,2020s
Grand Theft Auto IV,Action,Xbox,2009.0,5.68683638226065,2000s
Among Us,Survival,Nintendo Switch,2022.0,7.19297094990984,2020s
PUBG: Battlegrounds,Survival,PC,2006.0,4.590305669629686,2000s
Mass Effect Legendary Edition,Sports,Xbox,2023.0,6.969353370941836,2020s
Counter-Strike: Global Offensive,Platformer,Mobile,2003.0,7.87315713623171,2000s
Call of Duty: Modern Warfare,Action,Nintendo Switch,2009.0,7.175078931131312,2000s
Dota 2,Strategy,PlayStation,2016.0,1.525467283358942,2010s
Resident Evil Village,Puzzle,Mobile,2002.0,9.298216573564492,2000s
Elden Ring,Fighting,Mobile,2007.0,9.280238014675524,2000s
FIFA 21,Shooter,Mobile,2013.0,9.678544655046323,2010s
Genshin Impact,Survival,Nintendo Switch,2006.0,4.494765150379122,2000s
Genshin Impact,Racing,Mobile,2010.0,6.250822563076624,2010s
Red Dead Redemption 2,Strategy,Nintendo Switch,2010.0,1.1358939903774654,2010s
The Elder Scrolls V: Skyrim,Strategy,PC,2017.0,1.074361849754515,2010s
Hades,Stealth,Xbox,2023.0,7.687642565673405,2020s
PUBG: Battlegrounds,Racing,Mobile,2004.0,3.9668758123115024,2000s
Horizon Zero Dawn,Stealth,Xbox,2011.0,5.737247398604072,2010s
Minecraft Dungeons,Survival,Xbox,2016.0,8.180191834818721,2010s
GTA San Andreas,Role-playing,Mobile,2000.0,9.139885455340076,2000s
League of Legends,Simulation,PlayStation,2016.0,5.937668251579448,2010s
Hades,Role-playing,Nintendo Switch,2009.0,6.150474420711188,2000s
Animal Crossing: New Horizons,Survival,Nintendo Switch,2010.0,5.281915007065911,2010s
Genshin Impact,Role-playing,Nintendo Switch,2014.0,7.261018704194701,2010s
Resident Evil Village,Role-playing,Mobile,2019.0,2.779443625028948,2010s
Grand Theft Auto IV,Sports,PC,2017.0,8.953354379556682,2010s
League of Legends: Wild Rift,Survival,PlayStation,2010.0,1.6482325076571689,2010s
Dying Light,Fighting,Mobile,2023.0,2.6646231589975176,2020s
World of Warcraft,Role-playing,Xbox,2000.0,6.828014138782199,2000s
Fall Guys: Ultimate Knockout,Horror,Nintendo Switch,2006.0,2.0134574128771376,2000s
Cyberpunk 2077,Fighting,Mobile,2009.0,2.1974752792895527,2000s
Sea of Thieves,Sports,Nintendo Switch,2001.0,5.993935063929734,2000s
The Elder Scrolls V: Skyrim,Sports,PC,2020.0,7.661664120069877,2020s
Borderlands 3,Action,Xbox,2016.0,8.78749387577116,2010s
Mass Effect Legendary Edition,Platformer,Mobile,2016.0,5.085915352063953,2010s
Call of Duty: Modern Warfare,Action,Nintendo Switch,2007.0,9.62370463268962,2000s
Super Mario Odyssey,Action,PlayStation,2018.0,5.611734034533419,2010s
Grand Theft Auto V,Stealth,Xbox,2020.0,9.652128567406615,2020s
Minecraft,Sports,PC,2001.0,4.882155706445561,2000s
Grand Theft Auto V,Sports,Nintendo Switch,2018.0,7.008800526489843,2010s
Super Mario Odyssey,Role-playing,PC,2003.0,4.400276365959911,2000s
Call of Duty: Modern Warfare,Stealth,Nintendo Switch,2005.0,9.53770738883702,2000s
Minecraft Dungeons,Stealth,Mobile,2004.0,5.207407962458229,2000s
Apex Legends,Adventure,Nintendo Switch,2022.0,4.945246898283285,2020s
Dark Souls III,Platformer,PC,2003.0,4.784443970573492,2000s
Resident Evil Village,Racing,PlayStation,2011.0,6.252795181868008,2010s
Animal Crossing: New Horizons,Puzzle,Nintendo Switch,2002.0,1.044025916336903,2000s
Dark Souls III,Platformer,Nintendo Switch,2011.0,1.6900796728215952,2010s
The Legend of Zelda: Breath of the Wild,Action,Nintendo Switch,2010.0,2.3472121232976018,2010s
Hades,Strategy,PC,2017.0,9.34082678590152,2010s
Monster Hunter: World,Role-playing,Nintendo Switch,2011.0,6.59214021635168,2010s
Fortnite,Fighting,PC,2004.0,7.54591114158096,2000s
Sea of Thieves,Action,PlayStation,2014.0,9.054804884344634,2010s
Control,Platformer,Mobile,2011.0,5.850412881507458,2010s
GTA San Andreas,Shooter,PC,2009.0,8.022644010340331,2000s
Control,Action,PlayStation,2019.0,3.2933402667564518,2010s
Dota 2,Fighting,PC,2005.0,2.207914397384788,2000s
Rocket League,Adventure,Nintendo Switch,2011.0,5.282009915244812,2010s
GTA San Andreas,Horror,PlayStation,2003.0,4.5394501353955015,2000s
World of Warcraft,Fighting,PC,2020.0,6.196782726941744,2020s
Counter-Strike: Global Offensive,Strategy,Xbox,2000.0,3.258722828350432,2000s
Minecraft,Sports,PlayStation,2023.0,3.561255202516595,2020s
Dota 2,Sports,PlayStation,2006.0,7.416302074885197,2000s
NBA 2K21,Platformer,Xbox,2019.0,9.125410929853864,2010s
Red Dead Redemption 2,Role-playing,Xbox,2006.0,8.150922903565977,2000s
Madden NFL 21,Fighting,Mobile,2017.0,2.9744536095760004,2010s
Fortnite,Platformer,PlayStation,2008.0,8.25294028200133,2000s
League of Legends: Wild Rift,Role-playing,Xbox,2013.0,8.993620128861245,2010s
Counter-Strike: Global Offensive,Adventure,PC,2013.0,3.068179389010257,2010s
Fortnite,Platformer,PlayStation,2007.0,9.851326977106662,2000s
Fall Guys: Ultimate Knockout,Role-playing,Mobile,2022.0,7.777127509676373,2020s
Super Mario Odyssey,Sports,Mobile,2008.0,4.125871870005905,2000s
Animal Crossing: New Horizons,Sports,PC,2018.0,7.230387474114602,2010s
Halo Master Chief Collection,Action,Nintendo Switch,2005.0,5.34394223929536,2000s
PUBG,Strategy,Mobile,2017.0,3.6049064701302216,2010s
Call of Duty: Modern Warfare,Fighting,PC,2006.0,7.097576643047679,2000s
Far Cry 5,Simulation,PC,2005.0,8.328951026946518,2000s
The Witcher 3: Wild Hunt,Survival,Xbox,2006.0,7.199830261160836,2000s
Overwatch,Racing,Nintendo Switch,2021.0,3.0650180105630778,2020s
Among Us,Simulation,Mobile,2015.0,8.36028489319051,2010s
League of Legends,Stealth,Mobile,2016.0,8.225326290091953,2010s
Red Dead Redemption 2,Adventure,Nintendo Switch,2008.0,8.2935471533856,2000s
Halo Infinite,Simulation,Xbox,2005.0,4.46238863590183,2000s
God of War,Puzzle,PlayStation,2012.0,4.480815272999276,2010s
League of Legends: Wild Rift,Sports,PlayStation,2014.0,6.332486310026265,2010s
Madden NFL 21,Action,Mobile,2021.0,1.6692131405919293,2020s
Apex Legends,Racing,Mobile,2023.0,5.286414376867561,2020s
Control,Action,PlayStation,2019.0,4.184910698785055,2010s
Minecraft,Stealth,PC,2000.0,4.487615099999838,2000s
The Sims 4,Stealth,PlayStation,2007.0,3.3945732839541205,2000s
PUBG: Battlegrounds,Simulation,Nintendo Switch,2019.0,8.36373175363616,2010s
Counter-Strike: Global Offensive,Sports,Xbox,2004.0,8.949794811330658,2000s
Genshin Impact,Action,PC,2000.0,5.147570350847401,2000s
Watch Dogs: Legion,Sports,PlayStation,2019.0,4.262802871374121,2010s
The Legend of Zelda: Breath of the Wild,Stealth,PlayStation,2023.0,3.729725050428189,2020s
Sekiro: Shadows Die Twice,Stealth,Nintendo Switch,2015.0,5.099522258302158,2010s
The Elder Scrolls V: Skyrim,Fighting,Mobile,2022.0,6.430850712312491,2020s
League of Legends,Platformer,Nintendo Switch,2016.0,2.2241745264795965,2010s
Madden NFL 21,Action,Xbox,2004.0,4.558025189126847,2000s
God of War,Simulation,PlayStation,2007.0,4.938626052172506,2000s
Halo Infinite,Shooter,PC,2015.0,9.213213431817604,2010s
Super Mario Odyssey,Sports,PlayStation,2011.0,9.34634503605148,2010s
Dying Light,Strategy,Nintendo Switch,2018.0,8.987803827272199,2010s
Red Dead Redemption 2,Platformer,Mobile,2002.0,5.449202458312906,2000s
Minecraft,Strategy,Mobile,2009.0,6.655513442961338,2000s
FIFA 21,Shooter,Nintendo Switch,2007.0,5.317148432355409,2000s
Ghost of Tsushima,Simulation,Nintendo Switch,2020.0,8.058948354888885,2020s
Assassin's Creed Valhalla,Sports,Nintendo Switch,2009.0,1.0790880916987695,2000s
Control,Horror,PC,2023.0,7.872858613089347,2020s
PUBG,Horror,PlayStation,2005.0,4.619172866963997,2000s
Red Dead Redemption 2,Adventure,Nintendo Switch,2017.0,2.6613385846260567,2010s
Grand Theft Auto IV,Sports,PC,2014.0,6.320885064653077,2010s
Halo Infinite,Action,PC,2010.0,7.779433628887893,2010s
Dota 2,Shooter,Mobile,2001.0,1.712931942822757,2000s
Hitman 3,Puzzle,Xbox,2013.0,8.234672572961234,2010s
PUBG,Role-playing,Nintendo Switch,2001.0,2.235913262213874,2000s
PUBG,Fighting,Xbox,2008.0,4.797851295095324,2000s
PUBG: Battlegrounds,Sports,Nintendo Switch,2014.0,4.601129855435634,2010s
Apex Legends,Sports,Nintendo Switch,2016.0,7.917613439615422,2010s
PUBG,Simulation,Nintendo Switch,2003.0,3.654406319170677,2000s
Tetris,Survival,PC,2023.0,5.892163711164693,2020s
Grand Theft Auto V,Simulation,PlayStation,2006.0,1.8566738639416651,2000s
The Legend of Zelda: Breath of the Wild,Puzzle,Nintendo Switch,2012.0,4.279802542108262,2010s
Apex Legends,Survival,PC,2021.0,5.113778649803716,2020s
Hitman 3,Action,Xbox,2012.0,7.760650604357105,2010s
The Division 2,Strategy,Mobile,2008.0,7.89563577479139,2000s
Ghost of Tsushima,Simulation,Mobile,2014.0,2.2183757168398834,2010s
Dying Light,Shooter,Xbox,2015.0,1.590467435646139,2010s
Destiny 2,Fighting,Xbox,2008.0,4.030445840088781,2000s
Control,Sports,Xbox,2015.0,2.5745727871235595,2010s
Rocket League,Role-playing,Mobile,2005.0,6.864534862458704,2000s
The Division 2,Sports,Xbox,2009.0,9.065333856925715,2000s
Borderlands 3,Adventure,Mobile,2013.0,2.005522756239265,2010s
Red Dead Redemption 2,Platformer,Mobile,2012.0,6.311382955939019,2010s
Tetris,Sports,Xbox,2000.0,4.48151130316779,2000s
Ghost of Tsushima,Horror,Mobile,2007.0,3.7948626965595977,2000s
Dying Light,Puzzle,Nintendo Switch,2007.0,2.71149661562138,2000s
Death Stranding,Platformer,Xbox,2013.0,2.511643398988313,2010s
Rocket League,Platformer,Xbox,2005.0,4.773742809398384,2000s
Rocket League,Horror,Xbox,2002.0,8.34517863475261,2000s
Assassin's Creed Valhalla,Platformer,Xbox,2008.0,3.0113754126055694,2000s
Animal Crossing: New Horizons,Puzzle,Xbox,2015.0,3.909988681131095,2010s
Sekiro: Shadows Die Twice,Action,PlayStation,2004.0,8.7145639637004,2000s
FIFA 21,Fighting,PC,2023.0,3.4987351225734797,2020s
Fall Guys: Ultimate Knockout,Role-playing,PC,2016.0,3.255935208539111,2010s
The Witcher 3: Wild Hunt,Fighting,PlayStation,2004.0,4.663623795217744,2000s
Control,Role-playing,Nintendo Switch,2011.0,6.310116881995568,2010s
Counter-Strike: Global Offensive,Fighting,PC,2011.0,5.504803542590541,2010s
Hitman 3,Racing,PlayStation,2023.0,9.670441608214912,2020s
Among Us,Fighting,Nintendo Switch,2002.0,1.7444269048134875,2000s
FIFA 21,Horror,Mobile,2011.0,4.022145969938785,2010s
The Sims 4,Adventure,PC,2010.0,2.214816678651181,2010s
Tetris,Strategy,PlayStation,2004.0,8.261968207465486,2000s
Borderlands 3,Survival,Xbox,2016.0,3.107948737966729,2010s
Minecraft Dungeons,Survival,PlayStation,2003.0,3.817501100040939,2000s
Hades,Strategy,Nintendo Switch,2018.0,2.2046451425692206,2010s
Resident Evil Village,Puzzle,Xbox,2020.0,6.062274867327956,2020s
Minecraft Dungeons,Horror,Mobile,2005.0,9.420794164529518,2000s
FIFA 21,Stealth,Nintendo Switch,2014.0,9.215242356541582,2010s
Control,Horror,Mobile,2003.0,2.494868018845045,2000s
Tetris,Adventure,PlayStation,2013.0,5.174763381338156,2010s
Minecraft Dungeons,Simulation,PC,2023.0,4.630409963489517,2020s
Borderlands 3,Strategy,Xbox,2008.0,6.547627920533103,2000s
Elden Ring,Stealth,Mobile,2016.0,8.269577153796527,2010s
League of Legends: Wild Rift,Horror,Mobile,2004.0,9.116780070198471,2000s
Ghost of Tsushima,Shooter,Xbox,2018.0,3.151896663944594,2010s
The Legend of Zelda: Breath of the Wild,Puzzle,Xbox,2001.0,9.12066549877049,2000s
Tetris,Fighting,Mobile,2001.0,7.166029764391913,2000s
Grand Theft Auto V,Shooter,Nintendo Switch,2010.0,4.263234711625213,2010s
Elden Ring,Puzzle,Xbox,2004.0,5.211209196258023,2000s
Minecraft Dungeons,Survival,Xbox,2014.0,2.7780257758218894,2010s
Grand Theft Auto V,Platformer,Nintendo Switch,2003.0,8.73365888722366,2000s
Dota 2,Shooter,PlayStation,2012.0,7.938701430031584,2010s
Control,Role-playing,Nintendo Switch,2023.0,3.4845753204314645,2020s
League of Legends: Wild Rift,Puzzle,PC,2006.0,2.760432360981673,2000s
Dying Light,Stealth,Mobile,2000.0,8.955563467397027,2000s
League of Legends,Horror,PC,2023.0,1.473584834025403,2020s
Monster Hunter: World,Puzzle,PC,2006.0,1.005878283961941,2000s
Overwatch,Platformer,Xbox,2002.0,8.247225722401497,2000s
PUBG Mobile,Racing,PC,2018.0,5.219954077161708,2010s
Fortnite,Stealth,PlayStation,2011.0,8.78886166596034,2010s
Genshin Impact,Simulation,Nintendo Switch,2001.0,5.089249632142501,2000s
Among Us,Shooter,PlayStation,2004.0,1.4099794736886075,2000s
League of Legends,Strategy,PC,2018.0,2.0834627159224435,2010s
Dota 2,Adventure,PC,2015.0,3.8030502518928935,2010s
NBA 2K21,Platformer,Nintendo Switch,2003.0,6.014583998567677,2000s
Super Mario Odyssey,Strategy,PlayStation,2019.0,3.367903269857306,2010s
Horizon Zero Dawn,Puzzle,Xbox,2021.0,5.166749868571439,2020s
GTA San Andreas,Role-playing,Nintendo Switch,2010.0,2.2676293011785864,2010s
Hades,Simulation,PC,2002.0,2.9073378188326497,2000s
Overwatch,Shooter,Nintendo Switch,2019.0,5.541111715775082,2010s
League of Legends,Sports,Mobile,2020.0,6.505607745378094,2020s
Forza Horizon 4,Action,PC,2018.0,4.166148878554084,2010s
Fall Guys: Ultimate Knockout,Shooter,PlayStation,2019.0,9.40701362483349,2010s
Resident Evil Village,Simulation,Mobile,2003.0,8.22712820501821,2000s
Call of Duty: Modern Warfare,Shooter,Mobile,2019.0,1.5197465953175455,2010s
GTA San Andreas,Action,Mobile,2010.0,4.960027661056365,2010s
Resident Evil Village,Strategy,PlayStation,2009.0,6.867580670617018,2000s
Genshin Impact,Strategy,Xbox,2019.0,1.8594152277474327,2010s
Hades,Survival,Nintendo Switch,2000.0,6.342917783060044,2000s
Horizon Zero Dawn,Role-playing,PC,2019.0,3.108115499754751,2010s
Fortnite,Strategy,Nintendo Switch,2021.0,1.612626436269327,2020s
Cyberpunk 2077,Strategy,PC,2011.0,6.102184806578631,2010s
God of War,Simulation,Nintendo Switch,2009.0,5.780391919146169,2000s
Control,Puzzle,Nintendo Switch,2002.0,9.08855432244963,2000s
Horizon Zero Dawn,Platformer,PC,2020.0,3.942556492908955,2020s
League of Legends,Racing,Mobile,2010.0,8.177607317067773,2010s
Hades,Action,Nintendo Switch,2002.0,4.311286501810456,2000s
Minecraft,Shooter,Mobile,2002.0,7.702444823213048,2000s
God of War,Survival,Nintendo Switch,2016.0,7.636695433648282,2010s
Control,Fighting,Xbox,2012.0,7.235348115589062,2010s
Valorant,Stealth,Mobile,2006.0,4.759687750097879,2000s
Animal Crossing: New Horizons,Shooter,PC,2015.0,7.304911019737381,2010s
Hades,Racing,PC,2017.0,6.927599777464582,2010s
Destiny 2,Racing,PC,2004.0,5.098456528764048,2000s
Counter-Strike: Global Offensive,Platformer,PC,2018.0,8.251101420695832,2010s
Ghost of Tsushima,Strategy,PlayStation,2009.0,2.873845728321603,2000s
Hades,Shooter,Nintendo Switch,2018.0,7.380990370302487,2010s
Horizon Zero Dawn,Racing,PC,2007.0,7.595800888852063,2000s
Rocket League,Strategy,Mobile,2014.0,9.0936971385641,2010s
Watch Dogs: Legion,Role-playing,Nintendo Switch,2016.0,6.736118753028568,2010s
Hades,Survival,Nintendo Switch,2016.0,7.006119358729149,2010s
Fall Guys: Ultimate Knockout,Horror,PlayStation,2003.0,5.539420040319024,2000s
Ghost of Tsushima,Role-playing,Xbox,2023.0,8.374968029548366,2020s
Genshin Impact,Fighting,PlayStation,2021.0,2.305287791119764,2020s
Call of Duty: Modern Warfare,Sports,PlayStation,2000.0,3.852512917456232,2000s
PUBG Mobile,Horror,PlayStation,2002.0,5.091205389848482,2000s
The Legend of Zelda: Breath of the Wild,Simulation,Xbox,2000.0,4.568133662022252,2000s
Animal Crossing: New Horizons,Sports,PC,2009.0,3.7872826285993817,2000s
Genshin Impact,Platformer,PlayStation,2014.0,1.5961345814375618,2010s
Far Cry 5,Action,Mobile,2015.0,6.950495942752619,2010s
Dying Light,Horror,Xbox,2001.0,8.684096813350706,2000s
Counter-Strike: Global Offensive,Simulation,PC,2003.0,8.703964893168843,2000s
Halo Master Chief Collection,Sports,PC,2000.0,3.100848333472515,2000s
Dying Light,Platformer,Nintendo Switch,2011.0,2.341730799543701,2010s
Assassin's Creed Valhalla,Survival,Mobile,2008.0,8.449506207485086,2000s
Among Us,Strategy,Nintendo Switch,2011.0,1.108426900596647,2010s
The Witcher 3: Wild Hunt,Adventure,Mobile,2006.0,9.070818352443816,2000s
Grand Theft Auto IV,Sports,Nintendo Switch,2008.0,1.6765522698602586,2000s
FIFA 21,Action,PC,2018.0,3.3809458232190504,2010s
Borderlands 3,Horror,Mobile,2023.0,4.091595112800403,2020s
Destiny 2,Simulation,Nintendo Switch,2012.0,2.148778772991764,2010s
Red Dead Redemption 2,Puzzle,PC,2003.0,5.122568500862688,2000s
League of Legends: Wild Rift,Sports,Mobile,2013.0,8.516709429734426,2010s
Hitman 3,Fighting,Xbox,2011.0,9.94461202420787,2010s
Minecraft,Racing,Xbox,2006.0,3.444553448897896,2000s
The Sims 4,Adventure,PlayStation,2022.0,3.448408849860968,2020s
Apex Legends,Strategy,PC,2013.0,3.8521275065862186,2010s
Sea of Thieves,Puzzle,PC,2010.0,2.72076484257727,2010s
Hitman 3,Survival,PlayStation,2012.0,8.57358896410048,2010s
Call of Duty: Modern Warfare,Sports,Nintendo Switch,2015.0,7.571901559924365,2010s
NBA 2K21,Action,Xbox,2018.0,4.012315258687246,2010s
World of Warcraft,Fighting,Xbox,2015.0,9.462111242476272,2010s
Hitman 3,Horror,Xbox,2022.0,4.341004013712579,2020s
The Witcher 3: Wild Hunt,Racing,Nintendo Switch,2000.0,7.641089520107384,2000s
Far Cry 5,Stealth,PlayStation,2010.0,2.2623994623285077,2010s
World of Warcraft,Horror,Nintendo Switch,2020.0,5.274567376174934,2020s
Fall Guys: Ultimate Knockout,Racing,PlayStation,2002.0,7.409062275068493,2000s
League of Legends,Simulation,PC,2011.0,5.580642732498005,2010s
Fortnite,Simulation,PlayStation,2022.0,5.973495569864912,2020s
Cyberpunk 2077,Action,Nintendo Switch,2021.0,6.251781487797436,2020s
God of War,Puzzle,PlayStation,2004.0,7.310358532351016,2000s
Destiny 2,Racing,PC,2007.0,6.811831124778212,2000s
The Division 2,Puzzle,PlayStation,2006.0,4.450037451612663,2000s
Minecraft Dungeons,Adventure,PlayStation,2017.0,2.1724684736380304,2010s
Ghost of Tsushima,Role-playing,Nintendo Switch,2023.0,2.357479902122989,2020s
Grand Theft Auto IV,Fighting,PC,2022.0,6.764192937744985,2020s
Ghost of Tsushima,Action,PC,2014.0,9.190307634694085,2010s
Halo Master Chief Collection,Puzzle,PC,2007.0,3.913234807628174,2000s
Minecraft Dungeons,Simulation,PC,2015.0,1.350198335415344,2010s
The Witcher 3: Wild Hunt,Platformer,PlayStation,2022.0,1.2481165631966569,2020s
Halo Infinite,Racing,Xbox,2022.0,6.954110301716051,2020s
Counter-Strike: Global Offensive,Survival,Nintendo Switch,2007.0,9.696435075402269,2000s
League of Legends: Wild Rift,Simulation,Nintendo Switch,2012.0,9.898998756194544,2010s
Forza Horizon 4,Stealth,Nintendo Switch,2014.0,9.257961886038894,2010s
Among Us,Sports,PC,2019.0,6.868114096337912,2010s
Dying Light,Role-playing,Mobile,2018.0,8.005087820525574,2010s
Far Cry 5,Fighting,Mobile,2008.0,4.502320842178996,2000s
Assassin's Creed Valhalla,Shooter,Nintendo Switch,2010.0,9.418016298271914,2010s
Valorant,Platformer,PC,2012.0,7.850802489944295,2010s
The Elder Scrolls V: Skyrim,Survival,Mobile,2012.0,9.836791668683826,2010s
Forza Horizon 4,Survival,PC,2014.0,4.592366775596242,2010s
Dota 2,Racing,Mobile,2019.0,4.341220870416548,2010s
Overwatch,Fighting,PlayStation,2018.0,9.270112143522027,2010s
Madden NFL 21,Simulation,Nintendo Switch,2014.0,3.288045902810352,2010s
Forza Horizon 4,Platformer,PC,2016.0,9.059614914901248,2010s
Sea of Thieves,Action,Mobile,2000.0,1.2144031217042888,2000s
PUBG Mobile,Sports,Xbox,2015.0,2.01134920435656,2010s
Destiny 2,Simulation,PlayStation,2003.0,5.9122204701380285,2000s
The Legend of Zelda: Breath of the Wild,Racing,Nintendo Switch,2021.0,4.874137393088035,2020s
Far Cry 5,Survival,PlayStation,2008.0,6.661661769466493,2000s
Genshin Impact,Action,PlayStation,2006.0,3.795885890758989,2000s
League of Legends: Wild Rift,Action,Nintendo Switch,2008.0,7.419002372512744,2000s
Death Stranding,Horror,Xbox,2020.0,4.863879191913037,2020s
Tetris,Strategy,Nintendo Switch,2016.0,5.898204058556169,2010s
League of Legends: Wild Rift,Survival,PC,2016.0,5.517170802892727,2010s
Sea of Thieves,Survival,PlayStation,2008.0,1.4239702617957568,2000s
Dark Souls III,Simulation,PlayStation,2002.0,6.744354133957145,2000s
Hades,Stealth,PC,2021.0,7.476920582427585,2020s
Mass Effect Legendary Edition,Strategy,Xbox,2019.0,7.397804109196974,2010s
Tetris,Stealth,Mobile,2012.0,4.844942484726576,2010s
Dying Light,Strategy,PlayStation,2020.0,9.219824762760508,2020s
Grand Theft Auto V,Sports,Nintendo Switch,2017.0,5.104059576076327,2010s
The Legend of Zelda: Breath of the Wild,Role-playing,PC,2021.0,6.937728545025994,2020s
Overwatch,Racing,Xbox,2006.0,1.4468046840137871,2000s
Grand Theft Auto IV,Survival,Xbox,2005.0,1.4685975413350707,2000s
The Sims 4,Shooter,PC,2000.0,1.4791088331776816,2000s
NBA 2K21,Platformer,PC,2022.0,5.563204325707324,2020s
The Legend of Zelda: Breath of the Wild,Simulation,Xbox,2022.0,1.7442770805256915,2020s
Madden NFL 21,Racing,PC,2010.0,7.269741201442477,2010s
Tetris,Strategy,Xbox,2001.0,4.02474631967854,2000s
Fall Guys: Ultimate Knockout,Fighting,Nintendo Switch,2007.0,2.0270799598427804,2000s
God of War,Fighting,Nintendo Switch,2017.0,2.6133171502197428,2010s
Madden NFL 21,Adventure,Nintendo Switch,2020.0,2.183172475440624,2020s
Super Mario Odyssey,Horror,PC,2000.0,9.238623830411097,2000s
Sekiro: Shadows Die Twice,Role-playing,PlayStation,2008.0,7.862112417399317,2000s
Animal Crossing: New Horizons,Puzzle,PlayStation,2008.0,4.5311942289218905,2000s
Borderlands 3,Simulation,Nintendo Switch,2017.0,8.921099339951553,2010s
Genshin Impact,Simulation,Xbox,2011.0,1.184989449020225,2010s
Genshin Impact,Sports,PC,2003.0,7.524899856055946,2000s
Far Cry 5,Shooter,PlayStation,2020.0,3.79926243548591,2020s
GTA San Andreas,Survival,PlayStation,2010.0,7.942505654750367,2010s
Mass Effect Legendary Edition,Racing,Nintendo Switch,2006.0,2.9713208156865614,2000s
Tetris,Puzzle,Nintendo Switch,2002.0,8.388125349568961,2000s
The Division 2,Stealth,PlayStation,2011.0,2.148085788831992,2010s
Far Cry 5,Action,Xbox,2000.0,2.9178722774106767,2000s
Resident Evil Village,Puzzle,PC,2012.0,7.893288098882767,2010s
The Witcher 3: Wild Hunt,Puzzle,Mobile,2001.0,6.01231130577488,2000s
Red Dead Redemption 2,Sports,Mobile,2000.0,4.573719982957522,2000s
Resident Evil Village,Puzzle,PC,2013.0,6.117736761616646,2010s
Minecraft,Strategy,PlayStation,2010.0,3.2102793467200104,2010s
Assassin's Creed Valhalla,Simulation,Xbox,2007.0,4.864439283922501,2000s
The Division 2,Survival,Mobile,2020.0,1.243628467160522,2020s
Forza Horizon 4,Strategy,PlayStation,2011.0,6.487946822111392,2010s
PUBG,Platformer,Nintendo Switch,2004.0,5.512483461632579,2000s
Horizon Zero Dawn,Action,Nintendo Switch,2002.0,6.502404164130327,2000s
Animal Crossing: New Horizons,Role-playing,PlayStation,2003.0,2.3535800210991638,2000s
Hades,Stealth,PC,2003.0,8.986097558745163,2000s
Halo Master Chief Collection,Horror,PC,2007.0,3.5983704346498238,2000s
Minecraft Dungeons,Racing,PC,2005.0,9.009854158956967,2000s
Madden NFL 21,Strategy,PC,2021.0,4.008914979104157,2020s
Mass Effect Legendary Edition,Platformer,Xbox,2011.0,7.088021357100289,2010s
The Sims 4,Adventure,Xbox,2008.0,2.581072801314122,2000s
Call of Duty: Modern Warfare,Sports,Nintendo Switch,2004.0,2.4418136379670528,2000s
Call of Duty: Modern Warfare,Platformer,Nintendo Switch,2022.0,7.030980121812879,2020s
God of War,Stealth,Mobile,2015.0,3.02378245700663,2010s
PUBG: Battlegrounds,Shooter,Mobile,2004.0,8.016893476638304,2000s
The Witcher 3: Wild Hunt,Fighting,Mobile,2020.0,2.5930557065223154,2020s
Genshin Impact,Puzzle,PC,2016.0,9.766116211962506,2010s
Fall Guys: Ultimate Knockout,Platformer,Nintendo Switch,2018.0,3.3443220815830124,2010s
Halo Master Chief Collection,Strategy,Xbox,2010.0,2.033314355638162,2010s
Horizon Zero Dawn,Shooter,PC,2017.0,1.7649090285199276,2010s
Monster Hunter: World,Strategy,PC,2006.0,7.747183294597789,2000s
Hitman 3,Simulation,Mobile,2012.0,5.975381896954499,2010s
The Division 2,Horror,PC,2003.0,1.5721728223879947,2000s
Dota 2,Survival,Xbox,2018.0,7.821368244266289,2010s
FIFA 21,Stealth,Mobile,2008.0,9.125705464335653,2000s
Resident Evil Village,Horror,PlayStation,2023.0,5.082871324308036,2020s
PUBG Mobile,Fighting,PC,2016.0,9.370210307994482,2010s
Madden NFL 21,Simulation,Xbox,2019.0,5.336520928206861,2010s
Animal Crossing: New Horizons,Horror,PC,2011.0,9.409274036432643,2010s
Counter-Strike: Global Offensive,Simulation,PC,2005.0,5.678768131513029,2000s
Hades,Strategy,Mobile,2003.0,7.722152642537524,2000s
Dota 2,Strategy,PlayStation,2010.0,4.1050145781232175,2010s
Elden Ring,Racing,Xbox,2005.0,1.4538558940839217,2000s
Elden Ring,Puzzle,Mobile,2003.0,5.515720122652553,2000s
The Elder Scrolls V: Skyrim,Simulation,Mobile,2009.0,9.37023421870264,2000s
Sea of Thieves,Survival,Mobile,2016.0,7.598749499828964,2010s
The Witcher 3: Wild Hunt,Sports,Nintendo Switch,2001.0,5.591039667093266,2000s
Control,Platformer,Xbox,2006.0,1.5916144635489753,2000s
NBA 2K21,Survival,PlayStation,2019.0,5.257572943254709,2010s
Sea of Thieves,Strategy,Mobile,2011.0,6.181993816057937,2010s
Animal Crossing: New Horizons,Platformer,Xbox,2014.0,8.838334615099704,2010s
Overwatch,Strategy,PlayStation,2018.0,9.987679360830825,2010s
Minecraft,Simulation,PlayStation,2010.0,1.479659359065951,2010s
Fortnite,Shooter,PlayStation,2020.0,1.3598283025666884,2020s
Hitman 3,Fighting,Mobile,2003.0,7.790294276713641,2000s
Hades,Fighting,Nintendo Switch,2000.0,9.725007448554935,2000s
The Witcher 3: Wild Hunt,Stealth,PlayStation,2005.0,2.885644217298568,2000s
Ghost of Tsushima,Action,Mobile,2004.0,4.564797989881235,2000s
Destiny 2,Puzzle,Xbox,2000.0,4.132195552503839,2000s
Sekiro: Shadows Die Twice,Stealth,Nintendo Switch,2022.0,7.166448983803973,2020s
Genshin Impact,Puzzle,Nintendo Switch,2006.0,4.493573211328997,2000s
Far Cry 5,Fighting,Xbox,2005.0,9.783684103447907,2000s
Animal Crossing: New Horizons,Stealth,PC,2013.0,5.307391883351704,2010s
PUBG: Battlegrounds,Sports,Xbox,2009.0,6.268414117077202,2000s
Cyberpunk 2077,Platformer,Mobile,2003.0,9.311920953020076,2000s
Death Stranding,Shooter,Xbox,2000.0,1.9229941098737648,2000s
Overwatch,Role-playing,Mobile,2018.0,8.61824749670279,2010s
NBA 2K21,Stealth,Nintendo Switch,2001.0,3.534063611073165,2000s
Valorant,Racing,Xbox,2006.0,9.443401541872804,2000s
God of War,Adventure,Nintendo Switch,2015.0,9.43027671581157,2010s
Resident Evil Village,Sports,Mobile,2008.0,3.6771527860808138,2000s
Destiny 2,Shooter,Mobile,2017.0,9.181465087188537,2010s
Apex Legends,Horror,PC,2021.0,5.960452103317552,2020s
Overwatch,Shooter,PlayStation,2006.0,5.540414442465601,2000s
Horizon Zero Dawn,Racing,Xbox,2011.0,6.350563729088664,2010s
The Legend of Zelda: Breath of the Wild,Sports,Mobile,2001.0,7.965958034317414,2000s
Tetris,Simulation,PC,2022.0,6.259366233144452,2020s
Madden NFL 21,Role-playing,Xbox,2010.0,4.643553115027489,2010s
League of Legends,Adventure,Nintendo Switch,2021.0,4.219201244805246,2020s
Death Stranding,Strategy,Nintendo Switch,2002.0,8.917874999947564,2000s
Ghost of Tsushima,Horror,Xbox,2005.0,5.587018671944816,2000s
Fortnite,Strategy,Mobile,2016.0,8.461827286003956,2010s
Tetris,Action,Mobile,2023.0,6.547652400368656,2020s
Horizon Zero Dawn,Simulation,PlayStation,2004.0,9.079459941220442,2000s
The Elder Scrolls V: Skyrim,Puzzle,PlayStation,2020.0,7.151173416178559,2020s
World of Warcraft,Stealth,Nintendo Switch,2000.0,2.189960313992761,2000s
Apex Legends,Adventure,Nintendo Switch,2002.0,5.620358142063752,2000s
Sea of Thieves,Fighting,PC,2023.0,2.9963438912922045,2020s
Call of Duty: Modern Warfare,Puzzle,PC,2009.0,6.607786634792989,2000s
Monster Hunter: World,Fighting,PC,2001.0,5.44498390873294,2000s
Minecraft Dungeons,Action,PC,2016.0,5.852979603352646,2010s
World of Warcraft,Role-playing,Nintendo Switch,2016.0,4.508457778102102,2010s
Monster Hunter: World,Puzzle,PC,2003.0,6.483945424389555,2000s
Destiny 2,Adventure,Mobile,2019.0,9.432445790135494,2010s
Apex Legends,Shooter,Nintendo Switch,2019.0,5.9190137990784,2010s
Death Stranding,Role-playing,PlayStation,2012.0,3.987905410407072,2010s
NBA 2K21,Platformer,Nintendo Switch,2009.0,1.0580161894969722,2000s
Minecraft Dungeons,Fighting,Xbox,2005.0,2.3432291839696724,2000s
Borderlands 3,Adventure,Mobile,2015.0,1.541565043749476,2010s
Apex Legends,Shooter,Xbox,2011.0,1.4508401766693622,2010s
Forza Horizon 4,Survival,Xbox,2003.0,8.995228759529105,2000s
Grand Theft Auto IV,Strategy,Mobile,2009.0,4.425778187290589,2000s
PUBG Mobile,Puzzle,PC,2006.0,1.744043249271587,2000s
League of Legends,Stealth,Nintendo Switch,2001.0,1.277051927008715,2000s
The Elder Scrolls V: Skyrim,Role-playing,Mobile,2011.0,5.953482265866223,2010s
Elden Ring,Role-playing,PC,2004.0,6.194525269493623,2000s
PUBG: Battlegrounds,Action,Nintendo Switch,2014.0,6.56683181827161,2010s
Sea of Thieves,Survival,Mobile,2010.0,4.736399181067377,2010s
Horizon Zero Dawn,Survival,Nintendo Switch,2005.0,7.676898726490624,2000s
Fall Guys: Ultimate Knockout,Stealth,PlayStation,2004.0,9.55085656692001,2000s
The Legend of Zelda: Breath of the Wild,Stealth,Xbox,2008.0,5.168300370548627,2000s
Assassin's Creed Valhalla,Puzzle,Xbox,2014.0,2.481406909739942,2010s
Assassin's Creed Valhalla,Action,Mobile,2018.0,1.445468234069164,2010s
Horizon Zero Dawn,Shooter,Mobile,2023.0,4.691348851008856,2020s
NBA 2K21,Platformer,PC,2016.0,9.68119608167732,2010s
World of Warcraft,Horror,Mobile,2018.0,6.486004300888906,2010s
Borderlands 3,Horror,Nintendo Switch,2014.0,2.365914218643669,2010s
PUBG: Battlegrounds,Fighting,Nintendo Switch,2013.0,2.476859576835781,2010s
Hades,Puzzle,PlayStation,2011.0,6.931686834251941,2010s
Horizon Zero Dawn,Action,Mobile,2007.0,6.156707645014716,2000s
PUBG Mobile,Racing,PC,2022.0,8.304485394512993,2020s
The Elder Scrolls V: Skyrim,Strategy,PlayStation,2007.0,1.8121255157058,2000s
Genshin Impact,Fighting,Mobile,2016.0,4.490939948298437,2010s
Fortnite,Sports,PlayStation,2008.0,8.780904672220492,2000s
Destiny 2,Shooter,Xbox,2009.0,6.666097268858826,2000s
League of Legends: Wild Rift,Shooter,PlayStation,2001.0,1.6170563629205512,2000s
Hitman 3,Role-playing,Mobile,2023.0,9.794475456027058,2020s
Monster Hunter: World,Action,Mobile,2009.0,5.5593087323977946,2000s
Grand Theft Auto V,Strategy,PC,2012.0,2.8460429538656435,2010s
Halo Master Chief Collection,Platformer,PC,2009.0,7.364286119856675,2000s
The Division 2,Role-playing,PC,2019.0,6.624301547583827,2010s
Dota 2,Simulation,Nintendo Switch,2014.0,7.804319124211665,2010s
Hades,Sports,Mobile,2012.0,3.6997296895383074,2010s
Call of Duty: Modern Warfare,Survival,Xbox,2002.0,7.432642454604454,2000s
League of Legends: Wild Rift,Survival,PlayStation,2022.0,6.995257972192345,2020s
Among Us,Role-playing,Nintendo Switch,2020.0,8.70484800097351,2020s
Genshin Impact,Shooter,Mobile,2014.0,2.399870860434337,2010s
Apex Legends,Adventure,Mobile,2016.0,2.6252828845120093,2010s
Resident Evil Village,Puzzle,PlayStation,2008.0,3.396522769579593,2000s
Call of Duty: Modern Warfare,Platformer,Xbox,2007.0,6.313643856170287,2000s
Resident Evil Village,Adventure,Mobile,2000.0,1.4529548982448537,2000s
PUBG: Battlegrounds,Simulation,Mobile,2003.0,8.460467162844262,2000s
Rocket League,Horror,Nintendo Switch,2004.0,8.913693921010475,2000s
PUBG Mobile,Survival,Nintendo Switch,2010.0,7.427346774626367,2010s
Fortnite,Puzzle,PC,2011.0,4.20142348736542,2010s
The Division 2,Strategy,PlayStation,2011.0,1.9384260722040807,2010s
Dark Souls III,Fighting,Xbox,2019.0,1.113098875227928,2010s
Hades,Fighting,PC,2022.0,7.777535165794706,2020s
The Witcher 3: Wild Hunt,Puzzle,PlayStation,2012.0,6.893878553265773,2010s
Dark Souls III,Puzzle,Xbox,2021.0,9.557244016173186,2020s
Halo Infinite,Simulation,Nintendo Switch,2013.0,9.481115240168943,2010s
Elden Ring,Adventure,PC,2009.0,1.7491533452278545,2000s
PUBG Mobile,Stealth,PC,2002.0,9.682346987766934,2000s
Hades,Stealth,PlayStation,2016.0,5.5043085471120845,2010s
Sea of Thieves,Sports,Mobile,2020.0,1.649142013862286,2020s
Madden NFL 21,Platformer,Xbox,2017.0,9.65625139509411,2010s
Dying Light,Stealth,PlayStation,2022.0,4.082021242698037,2020s
Rocket League,Stealth,Mobile,2000.0,2.2972314173914623,2000s
Grand Theft Auto IV,Adventure,PC,2019.0,8.12293943398267,2010s
The Elder Scrolls V: Skyrim,Horror,Nintendo Switch,2001.0,2.8826457560352896,2000s
Resident Evil Village,Horror,Xbox,2011.0,5.051946233883112,2010s
Borderlands 3,Stealth,Xbox,2000.0,5.893661114359054,2000s
Destiny 2,Fighting,Nintendo Switch,2004.0,3.8838465549302463,2000s
Dying Light,Sports,Xbox,2000.0,4.765794646117788,2000s
Valorant,Puzzle,Xbox,2023.0,8.037295927593366,2020s
Resident Evil Village,Racing,PC,2008.0,5.050577879087218,2000s
The Elder Scrolls V: Skyrim,Puzzle,PlayStation,2022.0,4.584278024917337,2020s
Madden NFL 21,Adventure,Nintendo Switch,2009.0,8.20187138957089,2000s
Cyberpunk 2077,Action,PlayStation,2003.0,9.377785427597976,2000s
Resident Evil Village,Simulation,Xbox,2019.0,6.006914687808538,2010s
Sea of Thieves,Horror,Nintendo Switch,2014.0,2.851496852161037,2010s
Elden Ring,Action,Mobile,2000.0,3.038972896328741,2000s
The Division 2,Role-playing,Nintendo Switch,2006.0,7.198360825206464,2000s
Mass Effect Legendary Edition,Stealth,Mobile,2017.0,4.607941623650095,2010s
Dying Light,Shooter,PC,2001.0,8.374542277343265,2000s
Elden Ring,Simulation,PlayStation,2001.0,9.054830373382378,2000s
Halo Infinite,Action,Mobile,2003.0,4.393983777902808,2000s
Fortnite,Role-playing,Mobile,2008.0,3.627025856283575,2000s
League of Legends,Sports,PC,2013.0,9.57568331013004,2010s
PUBG: Battlegrounds,Fighting,Xbox,2013.0,8.211486010664059,2010s
God of War,Simulation,PlayStation,2020.0,2.418037317867984,2020s
Minecraft,Stealth,PC,2000.0,9.058101796917304,2000s
PUBG Mobile,Simulation,PC,2004.0,9.284969864646763,2000s
Among Us,Adventure,PlayStation,2020.0,2.759238442520811,2020s
FIFA 21,Fighting,Mobile,2007.0,8.228658353842103,2000s
The Legend of Zelda: Breath of the Wild,Simulation,Xbox,2011.0,7.990666776488756,2010s
World of Warcraft,Adventure,PlayStation,2010.0,6.063748634950216,2010s
Rocket League,Sports,PC,2021.0,5.839415932812417,2020s
Animal Crossing: New Horizons,Role-playing,PC,2001.0,4.394775316751408,2000s
Counter-Strike: Global Offensive,Role-playing,Xbox,2016.0,9.316632717250394,2010s
Madden NFL 21,Sports,Mobile,2016.0,2.557806931349631,2010s
Elden Ring,Puzzle,Xbox,2008.0,3.2656988319218616,2000s
Minecraft Dungeons,Role-playing,Xbox,2002.0,3.024518583620873,2000s
Fall Guys: Ultimate Knockout,Stealth,Nintendo Switch,2004.0,8.668303662547348,2000s
Control,Platformer,PC,2016.0,3.8898200893610335,2010s
Death Stranding,Adventure,Xbox,2013.0,7.584038676058833,2010s
The Elder Scrolls V: Skyrim,Adventure,Nintendo Switch,2022.0,3.3567914081620343,2020s
Animal Crossing: New Horizons,Horror,Xbox,2012.0,2.6937567999999903,2010s
The Division 2,Fighting,Nintendo Switch,2014.0,9.55696188475588,2010s
Borderlands 3,Racing,Xbox,2012.0,9.68325537336889,2010s
League of Legends: Wild Rift,Horror,PC,2013.0,1.2996759536494342,2010s
Far Cry 5,Sports,Nintendo Switch,2023.0,6.541506160719883,2020s
Sea of Thieves,Horror,PlayStation,2006.0,8.282823427983246,2000s
Halo Infinite,Racing,Nintendo Switch,2001.0,2.143484410520722,2000s
FIFA 21,Racing,Xbox,2007.0,2.006320017803392,2000s
Death Stranding,Role-playing,Mobile,2014.0,2.079423506368298,2010s
League of Legends: Wild Rift,Racing,PlayStation,2010.0,5.861953213082749,2010s
PUBG: Battlegrounds,Stealth,PC,2014.0,1.584925813244162,2010s
Halo Master Chief Collection,Shooter,Mobile,2016.0,1.2721629099596288,2010s
Tetris,Action,PlayStation,2007.0,4.690412826708334,2000s
World of Warcraft,Role-playing,Mobile,2007.0,1.3433074018028337,2000s
Far Cry 5,Racing,PC,2017.0,9.15864248014654,2010s
Ghost of Tsushima,Stealth,PC,2017.0,6.721116796133445,2010s
Control,Horror,PC,2009.0,6.698821923684517,2000s
God of War,Racing,Nintendo Switch,2003.0,2.935760556804722,2000s
Cyberpunk 2077,Action,Xbox,2016.0,9.358040420275838,2010s
League of Legends,Survival,PC,2020.0,4.588056695946891,2020s
Hades,Stealth,Nintendo Switch,2018.0,8.912057632995477,2010s
Fortnite,Racing,PC,2007.0,9.54559532106256,2000s
PUBG,Survival,Nintendo Switch,2002.0,1.705877877880619,2000s
Halo Infinite,Adventure,Nintendo Switch,2000.0,8.420724095295213,2000s
Fortnite,Action,Nintendo Switch,2010.0,1.0111535250065775,2010s
The Elder Scrolls V: Skyrim,Survival,PC,2016.0,4.081485339528582,2010s
Overwatch,Survival,Xbox,2007.0,3.3421624928940314,2000s
Hades,Racing,Mobile,2020.0,5.780942145604412,2020s
Red Dead Redemption 2,Horror,PlayStation,2017.0,1.6970664857300612,2010s
God of War,Strategy,Nintendo Switch,2002.0,1.4000732251396737,2000s
Sea of Thieves,Shooter,Xbox,2020.0,9.05797176755503,2020s
Fall Guys: Ultimate Knockout,Puzzle,PC,2009.0,7.884220703861889,2000s
Animal Crossing: New Horizons,Survival,PC,2008.0,7.450994100333256,2000s
Elden Ring,Racing,PlayStation,2005.0,7.930391107213787,2000s
PUBG: Battlegrounds,Strategy,PC,2002.0,2.2335592452103628,2000s
Halo Infinite,Strategy,PlayStation,2000.0,6.605473052968855,2000s
Forza Horizon 4,Action,Nintendo Switch,2009.0,8.597974194848298,2000s
Valorant,Platformer,PC,2004.0,1.497086911544013,2000s
Minecraft Dungeons,Horror,PC,2008.0,8.187368904270363,2000s
League of Legends,Fighting,Mobile,2023.0,8.194855925462072,2020s
Assassin's Creed Valhalla,Shooter,PlayStation,2016.0,8.991817638793895,2010s
Elden Ring,Action,PC,2001.0,4.526584738444315,2000s
Genshin Impact,Adventure,Mobile,2009.0,7.801473061156203,2000s
Halo Master Chief Collection,Survival,PlayStation,2012.0,7.686281320154953,2010s
The Division 2,Racing,Nintendo Switch,2008.0,4.525564100057359,2000s
Dying Light,Adventure,Nintendo Switch,2009.0,9.567888610929598,2000s
Cyberpunk 2077,Puzzle,PlayStation,2022.0,1.3617736107763478,2020s
Overwatch,Adventure,Nintendo Switch,2020.0,2.716825682308536,2020s
Dying Light,Sports,Mobile,2008.0,4.291180446578151,2000s
NBA 2K21,Strategy,PlayStation,2006.0,8.152581489703099,2000s
Resident Evil Village,Horror,Nintendo Switch,2023.0,6.8052888173489645,2020s
GTA San Andreas,Survival,Xbox,2017.0,5.566254903143905,2010s
Red Dead Redemption 2,Horror,PC,2001.0,9.857669029999384,2000s
The Witcher 3: Wild Hunt,Fighting,Mobile,2017.0,2.1944614588299878,2010s
Resident Evil Village,Horror,Nintendo Switch,2023.0,4.730996841316715,2020s
PUBG: Battlegrounds,Sports,Nintendo Switch,2002.0,7.115500536289371,2000s
Monster Hunter: World,Stealth,Mobile,2014.0,4.413138177603365,2010s
Minecraft,Fighting,Mobile,2023.0,2.8620852620459547,2020s
Animal Crossing: New Horizons,Strategy,Mobile,2018.0,4.948023447262856,2010s
Hades,Fighting,PC,2017.0,8.075276324690245,2010s
Madden NFL 21,Simulation,Mobile,2002.0,3.744722850970846,2000s
Elden Ring,Sports,Xbox,2009.0,5.119269791432892,2000s
PUBG,Racing,PC,2010.0,4.763004041783507,2010s
Resident Evil Village,Adventure,PlayStation,2005.0,2.933459571133437,2000s
Super Mario Odyssey,Horror,Nintendo Switch,2021.0,7.125098272024231,2020s
Grand Theft Auto IV,Sports,Mobile,2023.0,4.991431735979652,2020s
Horizon Zero Dawn,Strategy,PlayStation,2019.0,6.261569921410776,2010s
The Elder Scrolls V: Skyrim,Role-playing,PC,2000.0,2.0015054336548443,2000s
PUBG,Stealth,PlayStation,2016.0,8.865426262409386,2010s
Halo Master Chief Collection,Simulation,Nintendo Switch,2014.0,8.728193747422814,2010s
World of Warcraft,Horror,PC,2017.0,3.886430786488863,2010s
Control,Racing,PC,2022.0,3.653665251231296,2020s
Counter-Strike: Global Offensive,Adventure,PlayStation,2007.0,2.3856099232583325,2000s
Rocket League,Racing,Nintendo Switch,2005.0,7.8760471495319635,2000s
Minecraft,Stealth,PC,2002.0,8.025467793786461,2000s
The Sims 4,Fighting,Xbox,2020.0,4.453761817565892,2020s
Madden NFL 21,Racing,Xbox,2015.0,8.144822639119432,2010s
Assassin's Creed Valhalla,Action,Nintendo Switch,2002.0,5.693320483766804,2000s
Madden NFL 21,Horror,PlayStation,2021.0,9.442348334480778,2020s
Madden NFL 21,Puzzle,PC,2016.0,6.578018143354459,2010s
Minecraft Dungeons,Role-playing,Nintendo Switch,2001.0,2.079024290065738,2000s
Dying Light,Shooter,Mobile,2021.0,1.0734674661020054,2020s
The Division 2,Role-playing,Xbox,2001.0,4.408163344560595,2000s
Apex Legends,Puzzle,Mobile,2009.0,8.357367761426204,2000s
Destiny 2,Racing,PC,2009.0,3.4340829355781457,2000s
League of Legends: Wild Rift,Puzzle,Nintendo Switch,2019.0,2.480724263854178,2010s
Halo Infinite,Simulation,Nintendo Switch,2005.0,6.834826125281643,2000s
Ghost of Tsushima,Shooter,PC,2007.0,3.115909378725286,2000s
Among Us,Puzzle,Mobile,2004.0,3.7125653501526714,2000s
PUBG: Battlegrounds,Simulation,Nintendo Switch,2000.0,1.276077697974423,2000s
Resident Evil Village,Puzzle,Mobile,2009.0,7.617044609185099,2000s
Overwatch,Survival,PC,2016.0,4.215610666543564,2010s
Red Dead Redemption 2,Shooter,PC,2000.0,6.289149669127017,2000s
The Division 2,Shooter,Mobile,2002.0,8.251488414109822,2000s
Ghost of Tsushima,Platformer,PC,2006.0,7.849554347279515,2000s
Rocket League,Survival,Mobile,2002.0,1.4610618384342595,2000s
Resident Evil Village,Strategy,Mobile,2010.0,3.753118826005501,2010s
Horizon Zero Dawn,Horror,Xbox,2010.0,8.3186758327761,2010s
Dota 2,Stealth,Mobile,2009.0,1.5605333976394418,2000s
Halo Infinite,Adventure,Nintendo Switch,2020.0,9.652280098221626,2020s
GTA San Andreas,Racing,PC,2020.0,1.3827228287935895,2020s
Cyberpunk 2077,Horror,PC,2005.0,4.283107933494199,2000s
Halo Master Chief Collection,Action,Nintendo Switch,2005.0,6.760557137349237,2000s
Resident Evil Village,Shooter,Xbox,2000.0,6.380295571308048,2000s
Super Mario Odyssey,Action,Mobile,2012.0,6.7368010580227935,2010s
God of War,Platformer,Mobile,2006.0,2.443653562585969,2000s
Counter-Strike: Global Offensive,Shooter,Mobile,2022.0,5.563640872260678,2020s
Among Us,Adventure,Xbox,2000.0,2.387981439488019,2000s
The Elder Scrolls V: Skyrim,Action,Nintendo Switch,2003.0,1.2913645470480843,2000s
Madden NFL 21,Horror,PC,2010.0,7.73287762625898,2010s
Genshin Impact,Strategy,PC,2003.0,4.529283662622864,2000s
Grand Theft Auto IV,Puzzle,PC,2010.0,6.037274943153973,2010s
Super Mario Odyssey,Sports,Nintendo Switch,2002.0,1.6247182444496129,2000s
Dying Light,Horror,Mobile,2023.0,8.556175024541528,2020s
Ghost of Tsushima,Sports,Xbox,2003.0,4.657014736832991,2000s
Resident Evil Village,Sports,PlayStation,2007.0,2.380339629327564,2000s
Far Cry 5,Simulation,Mobile,2005.0,2.647031818816848,2000s
God of War,Strategy,PC,2017.0,6.942023990630255,2010s
World of Warcraft,Simulation,Xbox,2013.0,6.869978894991203,2010s
Minecraft Dungeons,Survival,PlayStation,2016.0,1.5266688430519098,2010s
PUBG: Battlegrounds,Shooter,PlayStation,2022.0,4.836962650579066,2020s
PUBG Mobile,Stealth,PC,2009.0,5.047729102028723,2000s
The Legend of Zelda: Breath of the Wild,Strategy,PlayStation,2021.0,4.08111632209045,2020s
Cyberpunk 2077,Stealth,PC,2001.0,7.349210458860552,2000s
World of Warcraft,Survival,PC,2002.0,6.563785028693682,2000s
Dying Light,Horror,Nintendo Switch,2007.0,9.87394831361263,2000s
Watch Dogs: Legion,Puzzle,PC,2022.0,1.349070639268211,2020s
Valorant,Platformer,PC,2021.0,8.422873152219658,2020s
The Legend of Zelda: Breath of the Wild,Survival,Nintendo Switch,2008.0,7.630422553854594,2000s
Grand Theft Auto IV,Strategy,PlayStation,2003.0,9.830017233980396,2000s
Grand Theft Auto IV,Strategy,Nintendo Switch,2013.0,4.681866851245369,2010s
PUBG Mobile,Role-playing,Nintendo Switch,2003.0,6.5535052514369525,2000s
Genshin Impact,Platformer,PC,2011.0,9.340897624323476,2010s
Forza Horizon 4,Racing,Mobile,2021.0,7.976069440744445,2020s
Dota 2,Survival,Xbox,2015.0,6.807311639265432,2010s
Grand Theft Auto IV,Racing,PC,2015.0,2.1696539036495213,2010s
Elden Ring,Action,Mobile,2008.0,7.6105830335024,2000s
Cyberpunk 2077,Role-playing,Xbox,2014.0,9.978159771158255,2010s
Monster Hunter: World,Platformer,Xbox,2019.0,1.2247641491592618,2010s
Destiny 2,Puzzle,PlayStation,2018.0,8.479988036437467,2010s
World of Warcraft,Shooter,Mobile,2018.0,5.483424858040468,2010s
Hades,Shooter,Xbox,2011.0,9.419276037341229,2010s
The Legend of Zelda: Breath of the Wild,Shooter,Nintendo Switch,2023.0,2.292254399935622,2020s
Red Dead Redemption 2,Strategy,Mobile,2005.0,6.861071288043534,2000s
Madden NFL 21,Shooter,PC,2002.0,2.8839134697472173,2000s
Among Us,Puzzle,Nintendo Switch,2023.0,6.3641322809695975,2020s
The Division 2,Action,Nintendo Switch,2023.0,5.440892759132304,2020s
Mass Effect Legendary Edition,Adventure,PlayStation,2013.0,8.826319637652459,2010s
Hades,Adventure,Xbox,2002.0,9.913376652116012,2000s
God of War,Platformer,Mobile,2006.0,8.64031904851381,2000s
PUBG: Battlegrounds,Racing,Xbox,2010.0,5.208820337141095,2010s
Elden Ring,Adventure,Xbox,2004.0,8.575729838165145,2000s
The Witcher 3: Wild Hunt,Survival,Nintendo Switch,2008.0,2.447442163174128,2000s
Genshin Impact,Stealth,PC,2000.0,1.1613823848077771,2000s
Ghost of Tsushima,Survival,PC,2006.0,6.625534538288555,2000s
Mass Effect Legendary Edition,Sports,PlayStation,2000.0,4.82051500620334,2000s
Assassin's Creed Valhalla,Platformer,Mobile,2005.0,8.632565989184815,2000s
Halo Infinite,Stealth,PC,2016.0,7.7173140086190894,2010s
PUBG,Racing,PlayStation,2020.0,2.6592677120997026,2020s
Apex Legends,Shooter,Mobile,2018.0,5.807262708932236,2010s
Monster Hunter: World,Adventure,Mobile,2006.0,6.49942635415083,2000s
The Legend of Zelda: Breath of the Wild,Fighting,Xbox,2008.0,4.236137098801644,2000s
The Division 2,Racing,PC,2018.0,4.324960267405357,2010s
Minecraft,Stealth,PC,2020.0,4.170358931982014,2020s
Madden NFL 21,Puzzle,PC,2016.0,7.728039018302208,2010s
Minecraft Dungeons,Stealth,Nintendo Switch,2008.0,3.7612214067661673,2000s
The Witcher 3: Wild Hunt,Racing,Mobile,2007.0,5.341363102003841,2000s
Valorant,Action,Nintendo Switch,2007.0,6.215833799193092,2000s
Animal Crossing: New Horizons,Sports,PC,2009.0,5.809815671916668,2000s
The Witcher 3: Wild Hunt,Puzzle,Mobile,2012.0,9.31907279530025,2010s
PUBG Mobile,Puzzle,PC,2018.0,7.614343130522013,2010s
Dying Light,Stealth,PC,2004.0,3.124879921755663,2000s
God of War,Simulation,Mobile,2002.0,3.191034803053354,2000s
Forza Horizon 4,Shooter,PC,2019.0,3.5649527983604123,2010s
Rocket League,Adventure,Nintendo Switch,2021.0,6.943991203039552,2020s
Tetris,Sports,PlayStation,2001.0,8.663203979504289,2000s
Forza Horizon 4,Platformer,PC,2002.0,7.088826907344575,2000s
League of Legends: Wild Rift,Platformer,Nintendo Switch,2001.0,9.729445977274295,2000s
Watch Dogs: Legion,Platformer,PC,2004.0,1.855630411303775,2000s
Destiny 2,Platformer,PlayStation,2012.0,4.944676423883604,2010s
The Sims 4,Simulation,PC,2006.0,6.969269191034416,2000s
Tetris,Simulation,Nintendo Switch,2017.0,3.9160597039352094,2010s
Minecraft Dungeons,Stealth,Xbox,2006.0,4.778857539362456,2000s
Red Dead Redemption 2,Puzzle,PlayStation,2021.0,2.294817976652311,2020s
World of Warcraft,Puzzle,PlayStation,2023.0,9.98700389057068,2020s
The Legend of Zelda: Breath of the Wild,Simulation,Mobile,2016.0,2.5885800920038378,2010s
League of Legends,Puzzle,PlayStation,2019.0,5.07219283535394,2010s
League of Legends: Wild Rift,Strategy,PC,2000.0,4.0958608877996925,2000s
Destiny 2,Adventure,Nintendo Switch,2006.0,8.702928373138096,2000s
Elden Ring,Fighting,Xbox,2001.0,5.663107524696002,2000s
Far Cry 5,Role-playing,Mobile,2011.0,9.87363011772644,2010s
Counter-Strike: Global Offensive,Survival,PlayStation,2017.0,9.44232992586619,2010s
Watch Dogs: Legion,Horror,Mobile,2006.0,4.6464443247901785,2000s
Control,Action,Xbox,2003.0,6.395439823169888,2000s
Apex Legends,Horror,PC,2020.0,1.0080291652722129,2020s
Dark Souls III,Shooter,PC,2011.0,2.5423220807516254,2010s
Halo Master Chief Collection,Puzzle,PC,2003.0,3.4092008531584908,2000s
The Sims 4,Survival,Mobile,2012.0,3.366185837981618,2010s
Hitman 3,Fighting,PC,2022.0,4.291651309944306,2020s
Dying Light,Platformer,Xbox,2006.0,2.6563500189207367,2000s
Borderlands 3,Racing,PlayStation,2021.0,6.453276218405586,2020s
Elden Ring,Horror,PlayStation,2004.0,5.120018409585915,2000s
Control,Action,Xbox,2011.0,9.529705849034508,2010s
Minecraft Dungeons,Role-playing,PlayStation,2021.0,2.626887681229249,2020s
Dota 2,Platformer,Xbox,2020.0,7.213726063399844,2020s
PUBG Mobile,Survival,Mobile,2009.0,8.317086280208766,2000s
Mass Effect Legendary Edition,Role-playing,Xbox,2007.0,3.61054185066808,2000s
Genshin Impact,Puzzle,Mobile,2006.0,8.478813578100045,2000s
Dota 2,Survival,Mobile,2017.0,7.374709273058383,2010s
Monster Hunter: World,Adventure,PC,2007.0,3.660952368966568,2000s
Overwatch,Fighting,Nintendo Switch,2011.0,5.584577173985576,2010s
Apex Legends,Fighting,Xbox,2002.0,5.068827138397568,2000s
Halo Infinite,Role-playing,Mobile,2005.0,4.627997716694365,2000s
Among Us,Fighting,PC,2005.0,6.379467735029041,2000s
Minecraft Dungeons,Shooter,Nintendo Switch,2007.0,1.523785658328249,2000s
The Legend of Zelda: Breath of the Wild,Horror,Mobile,2001.0,3.899906031375093,2000s
Fortnite,Sports,Mobile,2010.0,3.1074048005737187,2010s
Minecraft Dungeons,Shooter,PC,2013.0,5.322008280497407,2010s
Halo Infinite,Stealth,PC,2005.0,7.215412498914724,2000s
Fortnite,Role-playing,PlayStation,2008.0,1.6744940475184449,2000s
PUBG,Fighting,Mobile,2022.0,3.282044297538794,2020s
Minecraft,Racing,Xbox,2005.0,1.5933223749977057,2000s
Halo Infinite,Shooter,PlayStation,2006.0,2.540750462879977,2000s
The Legend of Zelda: Breath of the Wild,Stealth,PlayStation,2022.0,2.107209255099718,2020s
Assassin's Creed Valhalla,Sports,Mobile,2001.0,1.3044122046447626,2000s
Watch Dogs: Legion,Simulation,Mobile,2020.0,1.6045184930628094,2020s
Resident Evil Village,Racing,Mobile,2000.0,7.090609422111566,2000s
Horizon Zero Dawn,Sports,PlayStation,2016.0,3.1238931547701343,2010s
Halo Master Chief Collection,Fighting,Mobile,2018.0,5.309960094698414,2010s
The Legend of Zelda: Breath of the Wild,Sports,PC,2011.0,5.569081951021852,2010s
PUBG Mobile,Fighting,Xbox,2017.0,1.1777141772307245,2010s
God of War,Role-playing,PlayStation,2009.0,3.2935350572234365,2000s
Super Mario Odyssey,Sports,Mobile,2004.0,9.98022188939807,2000s
Grand Theft Auto IV,Puzzle,PlayStation,2000.0,9.209126253927232,2000s
God of War,Racing,PC,2003.0,4.151984694910318,2000s
Hades,Survival,PlayStation,2000.0,6.007195056585601,2000s
Among Us,Platformer,PlayStation,2017.0,1.1667020768993503,2010s
Grand Theft Auto V,Role-playing,Xbox,2006.0,9.942248006292008,2000s
Cyberpunk 2077,Puzzle,Mobile,2021.0,1.637404920221754,2020s
Elden Ring,Survival,PC,2012.0,4.316463079375988,2010s
PUBG: Battlegrounds,Stealth,Nintendo Switch,2009.0,1.809934998191029,2000s
Watch Dogs: Legion,Shooter,Nintendo Switch,2009.0,9.573076430844724,2000s
Control,Role-playing,PC,2000.0,6.052244342598645,2000s
Borderlands 3,Fighting,Xbox,2000.0,6.210836711600602,2000s
The Sims 4,Strategy,Mobile,2002.0,2.4049589909151656,2000s
Valorant,Fighting,Mobile,2022.0,1.996837132749306,2020s
Overwatch,Adventure,PlayStation,2010.0,4.60835706958154,2010s
Fall Guys: Ultimate Knockout,Puzzle,Xbox,2012.0,3.6835764374899576,2010s
Elden Ring,Action,Nintendo Switch,2005.0,8.757166687072235,2000s
Animal Crossing: New Horizons,Role-playing,Mobile,2004.0,1.974167673444415,2000s
FIFA 21,Horror,Mobile,2014.0,1.174509567780349,2010s
Destiny 2,Platformer,Nintendo Switch,2019.0,2.6995919937784576,2010s
Sea of Thieves,Puzzle,PlayStation,2012.0,4.933825258769358,2010s
League of Legends: Wild Rift,Action,Xbox,2008.0,6.370196107182165,2000s
Monster Hunter: World,Horror,PC,2018.0,6.341786090820391,2010s
Cyberpunk 2077,Action,PlayStation,2007.0,6.413799854552967,2000s
Mass Effect Legendary Edition,Stealth,Xbox,2010.0,8.461508221482834,2010s
Hitman 3,Shooter,PC,2016.0,2.018311004316903,2010s
Dark Souls III,Action,PlayStation,2014.0,2.0814964427510274,2010s
PUBG: Battlegrounds,Platformer,Nintendo Switch,2009.0,2.079322895231548,2000s
Animal Crossing: New Horizons,Role-playing,PC,2022.0,3.06400761066071,2020s
Assassin's Creed Valhalla,Survival,Mobile,2000.0,7.036123041830424,2000s
Halo Infinite,Fighting,PC,2007.0,3.349807084204273,2000s
World of Warcraft,Role-playing,Xbox,2021.0,3.553962071754465,2020s
Death Stranding,Sports,Xbox,2018.0,3.43622956213871,2010s
Destiny 2,Survival,PC,2002.0,2.383294177427781,2000s
FIFA 21,Stealth,PlayStation,2021.0,8.33260744444653,2020s
Minecraft Dungeons,Strategy,Nintendo Switch,2003.0,4.920728210255154,2000s
Rocket League,Action,Mobile,2021.0,9.817397543455192,2020s
Grand Theft Auto V,Puzzle,PC,2023.0,1.642529875638174,2020s
World of Warcraft,Fighting,Nintendo Switch,2017.0,2.8054677664288854,2010s
The Division 2,Puzzle,PlayStation,2019.0,2.238909198059079,2010s
Destiny 2,Action,PlayStation,2005.0,2.6996225007015715,2000s
Cyberpunk 2077,Stealth,PC,2021.0,3.4575555587669777,2020s
Apex Legends,Strategy,Nintendo Switch,2011.0,3.3601396091041145,2010s
The Sims 4,Shooter,PC,2001.0,8.602007131072895,2000s
Fortnite,Simulation,Xbox,2011.0,6.287798035744689,2010s
Fortnite,Stealth,Nintendo Switch,2018.0,9.76603582746419,2010s
League of Legends: Wild Rift,Sports,Xbox,2000.0,2.1322858399560936,2000s
Halo Master Chief Collection,Horror,Xbox,2000.0,6.75094983324907,2000s
Sea of Thieves,Role-playing,Nintendo Switch,2004.0,5.972050620255081,2000s
The Sims 4,Shooter,PlayStation,2001.0,1.8928333761551333,2000s
PUBG: Battlegrounds,Racing,PlayStation,2002.0,5.000419243574339,2000s
FIFA 21,Role-playing,PC,2009.0,5.624416793530203,2000s
Horizon Zero Dawn,Adventure,Xbox,2002.0,1.1485453951177704,2000s
Ghost of Tsushima,Survival,Nintendo Switch,2001.0,9.463155527511958,2000s
Destiny 2,Stealth,PC,2023.0,3.0275824634638497,2020s
Forza Horizon 4,Role-playing,PC,2009.0,1.333478758247073,2000s
God of War,Platformer,Nintendo Switch,2000.0,5.170907341660288,2000s
The Legend of Zelda: Breath of the Wild,Strategy,PlayStation,2014.0,6.685891533777463,2010s
Borderlands 3,Racing,PlayStation,2004.0,8.421374152118974,2000s
Cyberpunk 2077,Strategy,Nintendo Switch,2016.0,7.279072119181984,2010s
Cyberpunk 2077,Strategy,PC,2010.0,6.711653537022006,2010s
Borderlands 3,Strategy,Mobile,2009.0,7.295631461741871,2000s
The Elder Scrolls V: Skyrim,Action,Xbox,2005.0,5.436750755586126,2000s
NBA 2K21,Horror,Nintendo Switch,2012.0,2.2531767261756217,2010s
Apex Legends,Shooter,Mobile,2000.0,2.6463519993504563,2000s
Halo Master Chief Collection,Adventure,PlayStation,2015.0,4.184010754022594,2010s
Hades,Racing,PC,2022.0,7.129791102600667,2020s
Cyberpunk 2077,Puzzle,Mobile,2010.0,9.343831926385684,2010s
Hitman 3,Survival,PC,2016.0,6.696393860435369,2010s
Minecraft Dungeons,Platformer,Xbox,2018.0,6.55859827886012,2010s
Genshin Impact,Sports,Mobile,2014.0,9.372663794958331,2010s
Cyberpunk 2077,Sports,Mobile,2009.0,9.37936461598996,2000s
Dota 2,Platformer,PlayStation,2013.0,2.4306868707784224,2010s
Destiny 2,Simulation,Mobile,2023.0,2.2097263445529776,2020s
Mass Effect Legendary Edition,Adventure,Mobile,2011.0,4.859255953261456,2010s
Hitman 3,Simulation,PC,2021.0,5.8153334789984585,2020s
Halo Infinite,Horror,Mobile,2007.0,8.8765873349354,2000s
Sea of Thieves,Strategy,Nintendo Switch,2008.0,5.630600298890942,2000s
FIFA 21,Racing,PC,2017.0,4.229283230263734,2010s
The Witcher 3: Wild Hunt,Adventure,Xbox,2023.0,2.2426067489878547,2020s
Red Dead Redemption 2,Role-playing,Xbox,2011.0,9.493568540944503,2010s
Death Stranding,Simulation,PlayStation,2007.0,4.547380152450984,2000s
Forza Horizon 4,Stealth,Nintendo Switch,2006.0,7.386581043278743,2000s
Borderlands 3,Stealth,PlayStation,2010.0,4.299402334123055,2010s
Grand Theft Auto V,Stealth,PC,2016.0,3.121277719601527,2010s
Hitman 3,Puzzle,Mobile,2022.0,7.424681269901177,2020s
GTA San Andreas,Puzzle,PlayStation,2021.0,7.274115475870494,2020s
Valorant,Sports,Mobile,2010.0,8.451959671369297,2010s
Call of Duty: Modern Warfare,Role-playing,Xbox,2023.0,2.9081181721232507,2020s
Hitman 3,Action,Xbox,2015.0,3.077913660200545,2010s
Far Cry 5,Sports,Xbox,2020.0,6.763838777532722,2020s
Far Cry 5,Action,PC,2019.0,2.4091928320902256,2010s
Cyberpunk 2077,Adventure,PC,2002.0,4.889414169220679,2000s
Halo Master Chief Collection,Sports,PlayStation,2018.0,7.030808082257035,2010s
Fall Guys: Ultimate Knockout,Simulation,Nintendo Switch,2005.0,8.27867513934957,2000s
Hades,Racing,PC,2021.0,7.7376257107282544,2020s
Forza Horizon 4,Sports,PlayStation,2018.0,1.2556951881901268,2010s
The Legend of Zelda: Breath of the Wild,Racing,PC,2004.0,8.784273483477907,2000s
The Witcher 3: Wild Hunt,Puzzle,PlayStation,2001.0,3.1218985139855366,2000s
Watch Dogs: Legion,Puzzle,Nintendo Switch,2019.0,1.7287884005914649,2010s
Sekiro: Shadows Die Twice,Action,PlayStation,2005.0,3.251957675815074,2000s
God of War,Simulation,PlayStation,2006.0,1.947767132030637,2000s
League of Legends,Sports,PlayStation,2021.0,3.217241621562794,2020s
Tetris,Horror,PC,2006.0,1.8833423382770096,2000s
Valorant,Action,PC,2016.0,6.7826855192785445,2010s
Tetris,Platformer,Xbox,2019.0,4.443528618854953,2010s
Destiny 2,Action,PC,2005.0,2.880911080865725,2000s
Far Cry 5,Sports,PlayStation,2017.0,5.646438507265542,2010s
Call of Duty: Modern Warfare,Role-playing,Nintendo Switch,2016.0,2.7819760471368715,2010s
Halo Infinite,Horror,PC,2007.0,7.926138068029037,2000s
Monster Hunter: World,Horror,Xbox,2020.0,4.010318244103889,2020s
Minecraft,Sports,Nintendo Switch,2005.0,2.23941335739475,2000s
Mass Effect Legendary Edition,Action,Xbox,2002.0,8.098781043694611,2000s
Destiny 2,Adventure,Nintendo Switch,2013.0,2.9562595777241567,2010s
World of Warcraft,Shooter,PC,2012.0,7.322432360634871,2010s
Halo Infinite,Horror,Xbox,2011.0,8.234166111221223,2010s
Halo Infinite,Horror,Xbox,2015.0,5.281005272304835,2010s
Halo Infinite,Racing,Nintendo Switch,2021.0,8.327539941049402,2020s
PUBG Mobile,Racing,Xbox,2008.0,5.251275367171264,2000s
Minecraft,Shooter,Nintendo Switch,2001.0,4.948924036911437,2000s
Rocket League,Horror,Mobile,2016.0,6.257111514206333,2010s
Assassin's Creed Valhalla,Fighting,Nintendo Switch,2016.0,1.2679715819049568,2010s
Sea of Thieves,Role-playing,Mobile,2010.0,1.3209050978627288,2010s
Hitman 3,Fighting,PlayStation,2009.0,4.525981738944575,2000s
Genshin Impact,Horror,PC,2009.0,8.959515073899643,2000s
Far Cry 5,Survival,Mobile,2019.0,4.999746080607725,2010s
Dota 2,Fighting,Mobile,2008.0,7.198874766148189,2000s
Genshin Impact,Role-playing,Nintendo Switch,2009.0,8.458707400763386,2000s
FIFA 21,Platformer,Mobile,2016.0,7.7076953355430735,2010s
PUBG,Adventure,PC,2009.0,3.115927211831079,2000s
Mass Effect Legendary Edition,Shooter,Mobile,2018.0,8.406710087558011,2010s
Sekiro: Shadows Die Twice,Role-playing,Mobile,2007.0,1.8208656627108688,2000s
God of War,Racing,PC,2009.0,9.785854117053812,2000s
Borderlands 3,Simulation,Xbox,2021.0,8.472986664127134,2020s
Dying Light,Puzzle,Xbox,2005.0,7.967776137400155,2000s
PUBG: Battlegrounds,Survival,PC,2015.0,6.935248488472166,2010s
Resident Evil Village,Horror,Nintendo Switch,2011.0,1.1655321076741971,2010s
Genshin Impact,Platformer,Mobile,2022.0,9.420672804915588,2020s
Halo Infinite,Strategy,Mobile,2008.0,6.95451387336198,2000s
Minecraft Dungeons,Survival,Nintendo Switch,2009.0,7.390443674162586,2000s
The Sims 4,Strategy,Nintendo Switch,2000.0,1.1599734929004146,2000s
Sekiro: Shadows Die Twice,Sports,PC,2022.0,2.580351517822741,2020s
PUBG Mobile,Puzzle,Xbox,2022.0,2.12288561955706,2020s
Borderlands 3,Horror,Mobile,2013.0,8.449497847879961,2010s
Tetris,Racing,PC,2010.0,5.643774043831977,2010s
League of Legends,Survival,Mobile,2005.0,2.790119637515905,2000s
The Witcher 3: Wild Hunt,Adventure,Nintendo Switch,2014.0,6.477838490828802,2010s
Valorant,Platformer,Mobile,2020.0,3.4714627422944213,2020s
Halo Infinite,Sports,Xbox,2003.0,2.168485009804778,2000s
The Legend of Zelda: Breath of the Wild,Horror,Xbox,2019.0,7.437058473733947,2010s
Minecraft Dungeons,Horror,PlayStation,2001.0,9.104477512357628,2000s
NBA 2K21,Stealth,Xbox,2001.0,7.22876618931622,2000s
God of War,Adventure,Xbox,2005.0,2.6268988986997246,2000s
Death Stranding,Strategy,PC,2023.0,9.64682061777586,2020s
Fall Guys: Ultimate Knockout,Horror,Nintendo Switch,2011.0,9.521710378992417,2010s
Resident Evil Village,Sports,PlayStation,2011.0,6.169207032060331,2010s
Overwatch,Horror,PC,2000.0,5.749732690749488,2000s
Elden Ring,Shooter,Xbox,2011.0,1.4087306979953804,2010s
The Legend of Zelda: Breath of the Wild,Role-playing,PC,2001.0,5.688308840667748,2000s
Halo Master Chief Collection,Puzzle,PC,2018.0,7.11297361265577,2010s
Dark Souls III,Role-playing,Mobile,2021.0,6.010733784542909,2020s
GTA San Andreas,Role-playing,Mobile,2006.0,5.839562056789978,2000s
Tetris,Role-playing,Mobile,2001.0,7.068119429127945,2000s
Valorant,Survival,Xbox,2016.0,4.644184799804236,2010s
Ghost of Tsushima,Horror,Mobile,2002.0,2.9855923158318385,2000s
Elden Ring,Strategy,Mobile,2009.0,1.3497688050488492,2000s
Fall Guys: Ultimate Knockout,Role-playing,Xbox,2004.0,6.292145109031267,2000s
Super Mario Odyssey,Racing,PC,2001.0,4.502979384677358,2000s
League of Legends,Fighting,Nintendo Switch,2021.0,2.9730337519466383,2020s
Horizon Zero Dawn,Adventure,Mobile,2011.0,3.241378109261258,2010s
The Legend of Zelda: Breath of the Wild,Strategy,PlayStation,2011.0,5.56562829059381,2010s
Among Us,Puzzle,Mobile,2010.0,6.791885243117844,2010s
The Sims 4,Survival,Mobile,2011.0,9.722560191124044,2010s
Borderlands 3,Role-playing,Mobile,2017.0,7.091891505419792,2010s
PUBG,Sports,Xbox,2003.0,3.497396819314626,2000s
Assassin's Creed Valhalla,Adventure,Nintendo Switch,2008.0,5.348842345086843,2000s
PUBG Mobile,Puzzle,PlayStation,2021.0,5.595935354460173,2020s
Resident Evil Village,Puzzle,Nintendo Switch,2016.0,2.235766385151251,2010s
GTA San Andreas,Platformer,Xbox,2011.0,7.158867057699983,2010s
World of Warcraft,Sports,Mobile,2021.0,6.18061684541346,2020s
Genshin Impact,Racing,PC,2004.0,6.715595569125102,2000s
PUBG: Battlegrounds,Strategy,Xbox,2016.0,4.198698044039897,2010s
Grand Theft Auto V,Action,PC,2019.0,6.864919461199888,2010s
Fortnite,Action,Xbox,2021.0,3.007795393311874,2020s
Rocket League,Shooter,Xbox,2009.0,4.496669323163904,2000s
Mass Effect Legendary Edition,Simulation,PlayStation,2007.0,4.212242834376824,2000s
Elden Ring,Simulation,Xbox,2013.0,7.819745808692378,2010s
Overwatch,Sports,PC,2014.0,4.731039513954692,2010s
Sekiro: Shadows Die Twice,Puzzle,Mobile,2015.0,3.654504375882124,2010s
Sea of Thieves,Simulation,Nintendo Switch,2011.0,2.6563728436426444,2010s
World of Warcraft,Adventure,Xbox,2015.0,8.755444265986245,2010s
Among Us,Platformer,PlayStation,2015.0,9.944040581731675,2010s
Sekiro: Shadows Die Twice,Puzzle,Mobile,2011.0,2.267807622773435,2010s
Halo Infinite,Action,PlayStation,2013.0,3.8240203367664334,2010s
Super Mario Odyssey,Simulation,Mobile,2002.0,8.22096406797858,2000s
Overwatch,Fighting,PC,2022.0,9.606136510197132,2020s
Halo Infinite,Survival,PC,2006.0,7.835067710846715,2000s
Ghost of Tsushima,Horror,Nintendo Switch,2010.0,9.338831430636924,2010s
Fortnite,Adventure,PC,2016.0,1.8035717376551383,2010s
The Sims 4,Racing,Mobile,2010.0,8.801710169594116,2010s
Horizon Zero Dawn,Shooter,Xbox,2005.0,9.855791185168112,2000s
Watch Dogs: Legion,Stealth,Mobile,2011.0,5.874599977772032,2010s
Hitman 3,Fighting,PC,2016.0,8.637579074422005,2010s
PUBG: Battlegrounds,Sports,PC,2005.0,4.437101313274644,2000s
The Division 2,Survival,PC,2021.0,7.1240607267597245,2020s
Fortnite,Puzzle,Mobile,2022.0,5.0606044914873625,2020s
Minecraft,Simulation,Xbox,2019.0,6.574299248337966,2010s
Ghost of Tsushima,Role-playing,Nintendo Switch,2009.0,1.825801480011661,2000s
Sea of Thieves,Simulation,Mobile,2003.0,9.131119963230017,2000s
God of War,Platformer,PlayStation,2007.0,1.1373153968856546,2000s
Control,Racing,PC,2016.0,5.997259573512361,2010s
PUBG Mobile,Sports,Nintendo Switch,2004.0,1.920419251643458,2000s
Hitman 3,Racing,PlayStation,2002.0,9.690908681765324,2000s
God of War,Role-playing,PlayStation,2022.0,5.491707816677391,2020s
Dying Light,Stealth,Xbox,2019.0,9.863825369634972,2010s
League of Legends: Wild Rift,Puzzle,Xbox,2017.0,6.253843669652484,2010s
FIFA 21,Puzzle,Mobile,2018.0,5.492263937174545,2010s
Sea of Thieves,Role-playing,Mobile,2011.0,4.553877984825046,2010s
Death Stranding,Horror,Xbox,2008.0,8.768648451384824,2000s
Dying Light,Role-playing,Mobile,2011.0,4.0333441108776364,2010s
PUBG: Battlegrounds,Sports,Mobile,2011.0,7.5589325236743425,2010s
Halo Master Chief Collection,Stealth,Nintendo Switch,2014.0,1.9823485626840225,2010s
PUBG,Fighting,Mobile,2010.0,7.893277585158308,2010s
Grand Theft Auto V,Puzzle,Nintendo Switch,2013.0,7.543131398477531,2010s
Fall Guys: Ultimate Knockout,Fighting,PC,2006.0,7.900376600841753,2000s
Animal Crossing: New Horizons,Sports,Mobile,2005.0,9.5216903559389,2000s
PUBG Mobile,Shooter,Xbox,2012.0,2.019951232375803,2010s
Resident Evil Village,Puzzle,Nintendo Switch,2006.0,2.7870526463945664,2000s
Tetris,Horror,Xbox,2016.0,1.7043075241481491,2010s
Forza Horizon 4,Action,Nintendo Switch,2005.0,4.259390626209924,2000s
Horizon Zero Dawn,Puzzle,PlayStation,2008.0,5.225954142568501,2000s
Apex Legends,Strategy,PC,2003.0,5.698231957735287,2000s
Fortnite,Strategy,Mobile,2007.0,3.8998140026388577,2000s
Resident Evil Village,Strategy,Nintendo Switch,2001.0,9.181374377148288,2000s
Among Us,Survival,Xbox,2008.0,6.76099335147356,2000s
Mass Effect Legendary Edition,Horror,PC,2003.0,7.853022462421676,2000s
Animal Crossing: New Horizons,Horror,Xbox,2013.0,4.567017932982946,2010s
Fall Guys: Ultimate Knockout,Role-playing,Mobile,2009.0,9.814442134165589,2000s
Apex Legends,Horror,Xbox,2007.0,3.186914141262939,2000s
Death Stranding,Simulation,Nintendo Switch,2000.0,9.469189561227209,2000s
Dying Light,Strategy,Nintendo Switch,2013.0,7.110895763789283,2010s
PUBG Mobile,Role-playing,PlayStation,2010.0,5.793044746467684,2010s
Madden NFL 21,Sports,PC,2005.0,5.080876779528416,2000s
Call of Duty: Modern Warfare,Stealth,Mobile,2001.0,3.995194672510572,2000s
Monster Hunter: World,Shooter,PC,2003.0,6.862450098362553,2000s
The Sims 4,Platformer,Xbox,2009.0,1.9478991833173644,2000s
God of War,Horror,PlayStation,2012.0,3.280511855067086,2010s
PUBG,Puzzle,Xbox,2003.0,9.368120332876536,2000s
League of Legends,Strategy,PC,2004.0,2.856714343466892,2000s
Monster Hunter: World,Stealth,PC,2014.0,8.357067607762724,2010s
Halo Master Chief Collection,Fighting,Xbox,2022.0,4.147730414135726,2020s
Fall Guys: Ultimate Knockout,Strategy,Nintendo Switch,2020.0,7.585736807746791,2020s
FIFA 21,Shooter,Mobile,2015.0,1.1582695233087352,2010s
Super Mario Odyssey,Stealth,PlayStation,2020.0,7.231703916087958,2020s
League of Legends: Wild Rift,Horror,Xbox,2020.0,4.412715827066252,2020s
Halo Master Chief Collection,Survival,PC,2004.0,8.050020548481232,2000s
Destiny 2,Role-playing,PlayStation,2011.0,5.799377171237703,2010s
Dying Light,Fighting,PlayStation,2013.0,9.235443298219463,2010s
Control,Strategy,PC,2017.0,1.882450179068732,2010s
NBA 2K21,Platformer,Mobile,2005.0,5.707870893828723,2000s
Monster Hunter: World,Action,Xbox,2017.0,4.994334451464813,2010s
Tetris,Role-playing,PlayStation,2023.0,8.190031565978536,2020s
Genshin Impact,Simulation,PlayStation,2016.0,7.416807304717891,2010s
Grand Theft Auto V,Horror,Mobile,2017.0,6.274789159588236,2010s
Super Mario Odyssey,Horror,PC,2023.0,7.621862157196711,2020s
Rocket League,Adventure,Nintendo Switch,2004.0,6.120048605506536,2000s
Minecraft,Puzzle,PlayStation,2016.0,6.027745968222681,2010s
PUBG,Role-playing,PlayStation,2016.0,5.974803690180065,2010s
Horizon Zero Dawn,Sports,PC,2023.0,9.509332791517334,2020s
Counter-Strike: Global Offensive,Puzzle,Xbox,2008.0,4.047358661797958,2000s
Hitman 3,Sports,Mobile,2009.0,5.432979694185466,2000s
GTA San Andreas,Racing,PC,2001.0,2.395380102181602,2000s
Genshin Impact,Strategy,Mobile,2007.0,1.1510332930156535,2000s
Counter-Strike: Global Offensive,Fighting,Xbox,2002.0,5.828308399798227,2000s
Control,Strategy,Xbox,2018.0,7.853553228475805,2010s
Assassin's Creed Valhalla,Sports,Mobile,2010.0,9.37238675961706,2010s
Fortnite,Strategy,PlayStation,2016.0,3.1940398469849782,2010s
Assassin's Creed Valhalla,Adventure,PlayStation,2019.0,7.591952536767989,2010s
The Legend of Zelda: Breath of the Wild,Racing,Mobile,2017.0,7.374911286377236,2010s
Hitman 3,Simulation,Mobile,2020.0,5.468436906076175,2020s
Horizon Zero Dawn,Racing,Xbox,2010.0,3.691297149085583,2010s
Minecraft Dungeons,Simulation,PlayStation,2013.0,9.220039281805562,2010s
NBA 2K21,Role-playing,PlayStation,2007.0,9.397507511869806,2000s
Mass Effect Legendary Edition,Platformer,PC,2016.0,1.6009187256176372,2010s
The Sims 4,Puzzle,Nintendo Switch,2013.0,6.162298077979626,2010s
Grand Theft Auto V,Puzzle,Xbox,2013.0,8.923528681932254,2010s
God of War,Strategy,PlayStation,2020.0,9.777482260315416,2020s
Destiny 2,Shooter,PlayStation,2011.0,9.80007172346645,2010s
PUBG,Horror,PlayStation,2015.0,4.4139436505216025,2010s
Red Dead Redemption 2,Shooter,PC,2006.0,9.251767270918162,2000s
Counter-Strike: Global Offensive,Shooter,Mobile,2004.0,2.5984807268223977,2000s
Red Dead Redemption 2,Racing,Nintendo Switch,2017.0,2.5137872671564945,2010s
League of Legends,Puzzle,Xbox,2007.0,4.259228479303203,2000s
PUBG: Battlegrounds,Puzzle,PC,2003.0,1.873018240760132,2000s
Dota 2,Fighting,PlayStation,2011.0,9.918389232884952,2010s
Hitman 3,Stealth,Mobile,2007.0,7.118388513872202,2000s
The Sims 4,Horror,Nintendo Switch,2020.0,5.894788664974813,2020s
Far Cry 5,Fighting,PlayStation,2005.0,9.367904362771636,2000s
Hades,Adventure,PlayStation,2017.0,9.97726832615094,2010s
Resident Evil Village,Stealth,PlayStation,2010.0,8.303237861291166,2010s
Borderlands 3,Stealth,PlayStation,2009.0,1.9209911115702771,2000s
League of Legends: Wild Rift,Sports,Nintendo Switch,2021.0,1.7305569015246636,2020s
Genshin Impact,Strategy,PlayStation,2000.0,4.728239323541496,2000s
Borderlands 3,Role-playing,Mobile,2015.0,5.992771851638462,2010s
Red Dead Redemption 2,Survival,PC,2001.0,7.002643183920737,2000s
Dark Souls III,Shooter,Mobile,2018.0,8.147065014701784,2010s
Ghost of Tsushima,Adventure,PlayStation,2000.0,6.8961087048099925,2000s
Halo Infinite,Horror,Xbox,2007.0,3.985371478187179,2000s
Borderlands 3,Shooter,PC,2009.0,8.085034519803585,2000s
Hades,Shooter,Mobile,2020.0,3.0165250415610587,2020s
Genshin Impact,Shooter,PC,2012.0,3.293342057275763,2010s
Dota 2,Shooter,PlayStation,2019.0,4.152344317734262,2010s
Borderlands 3,Stealth,PlayStation,2005.0,5.009759304384506,2000s
FIFA 21,Fighting,Mobile,2021.0,5.229654718088513,2020s
The Witcher 3: Wild Hunt,Stealth,Mobile,2015.0,9.174060725539617,2010s
Mass Effect Legendary Edition,Adventure,Xbox,2020.0,1.1933634829479869,2020s
Genshin Impact,Platformer,PlayStation,2019.0,8.905636903861577,2010s
Mass Effect Legendary Edition,Survival,PlayStation,2001.0,6.849034277853734,2000s
Grand Theft Auto V,Sports,Xbox,2015.0,4.821031685454852,2010s
PUBG: Battlegrounds,Sports,Nintendo Switch,2009.0,3.279671448485551,2000s
Animal Crossing: New Horizons,Survival,Mobile,2013.0,8.767580095000786,2010s
Horizon Zero Dawn,Racing,Xbox,2016.0,9.820751422825523,2010s
Valorant,Platformer,PC,2021.0,3.5092930747024464,2020s
Fall Guys: Ultimate Knockout,Adventure,PlayStation,2009.0,9.648007634562711,2000s
PUBG,Sports,Xbox,2007.0,3.7863183347001534,2000s
PUBG Mobile,Platformer,Mobile,2002.0,6.962482696202795,2000s
Dark Souls III,Puzzle,PC,2002.0,8.221306370734728,2000s
Mass Effect Legendary Edition,Platformer,Mobile,2012.0,4.634122614243349,2010s
Minecraft Dungeons,Simulation,PC,2012.0,9.830548894359405,2010s
Cyberpunk 2077,Platformer,Mobile,2010.0,4.086411834359419,2010s
PUBG Mobile,Adventure,Mobile,2010.0,1.987014307721032,2010s
Dota 2,Puzzle,PlayStation,2019.0,2.417840063675168,2010s
Horizon Zero Dawn,Survival,Xbox,2001.0,1.7416996664173334,2000s
The Witcher 3: Wild Hunt,Simulation,Nintendo Switch,2010.0,6.549525001356018,2010s
Apex Legends,Platformer,Xbox,2018.0,6.4314849260603335,2010s
Fall Guys: Ultimate Knockout,Sports,Nintendo Switch,2017.0,4.119153917007932,2010s
God of War,Survival,Mobile,2007.0,4.491708206265033,2000s
Rocket League,Fighting,Nintendo Switch,2015.0,6.361999730844482,2010s
Death Stranding,Puzzle,Xbox,2010.0,5.580726723125392,2010s
Destiny 2,Shooter,Xbox,2010.0,7.473759932620461,2010s
Tetris,Survival,PC,2008.0,6.102809568936692,2000s
Halo Master Chief Collection,Stealth,Nintendo Switch,2012.0,7.894699216172119,2010s
Animal Crossing: New Horizons,Stealth,PlayStation,2003.0,8.807738636243624,2000s
Counter-Strike: Global Offensive,Platformer,PC,2004.0,3.2437017559206875,2000s
Dying Light,Simulation,Xbox,2004.0,2.4214414762604504,2000s
Grand Theft Auto IV,Shooter,Mobile,2004.0,3.816562521869556,2000s
Minecraft,Puzzle,Xbox,2001.0,4.502835518335658,2000s
Horizon Zero Dawn,Platformer,PC,2003.0,2.8427029376850848,2000s
PUBG,Role-playing,Nintendo Switch,2009.0,6.132336896187964,2000s
PUBG Mobile,Survival,PC,2018.0,6.5937672999028685,2010s
Rocket League,Platformer,Xbox,2014.0,4.663571839172303,2010s
NBA 2K21,Shooter,PC,2014.0,4.998518052653794,2010s
Horizon Zero Dawn,Fighting,Nintendo Switch,2012.0,1.1118100819666217,2010s
Minecraft Dungeons,Sports,Nintendo Switch,2012.0,4.29911943286406,2010s
Destiny 2,Platformer,PlayStation,2006.0,3.1366806145170782,2000s
Minecraft Dungeons,Horror,Xbox,2005.0,1.0210771277165491,2000s
Ghost of Tsushima,Stealth,Nintendo Switch,2016.0,8.532122042407448,2010s
Rocket League,Shooter,PlayStation,2021.0,6.294685611441858,2020s
NBA 2K21,Stealth,PlayStation,2008.0,8.68811895465243,2000s
Dota 2,Action,PlayStation,2023.0,6.220764387016556,2020s
Call of Duty: Modern Warfare,Sports,PlayStation,2001.0,1.0226589901588148,2000s
Counter-Strike: Global Offensive,Adventure,Mobile,2022.0,6.069401683762584,2020s
PUBG,Simulation,Nintendo Switch,2019.0,8.935893734433158,2010s
NBA 2K21,Racing,Nintendo Switch,2001.0,1.2496779083836858,2000s
FIFA 21,Adventure,Mobile,2003.0,3.16035980060964,2000s
Grand Theft Auto V,Action,Xbox,2023.0,1.7058772632519488,2020s
Forza Horizon 4,Strategy,PlayStation,2005.0,3.668501395873148,2000s
Cyberpunk 2077,Survival,PC,2008.0,8.637744460491259,2000s
Fortnite,Puzzle,Mobile,2006.0,3.287164872342214,2000s
Ghost of Tsushima,Adventure,Xbox,2020.0,6.047033451061328,2020s
God of War,Survival,Mobile,2020.0,4.348768675023235,2020s
Call of Duty: Modern Warfare,Role-playing,Mobile,2019.0,8.657091430595978,2010s
Control,Horror,PlayStation,2015.0,5.648951558692177,2010s
Destiny 2,Sports,Mobile,2007.0,2.4035112468299524,2000s
Call of Duty: Modern Warfare,Simulation,Mobile,2022.0,1.8722207607511296,2020s
The Division 2,Sports,PC,2016.0,1.543781216878942,2010s
PUBG,Shooter,PC,2007.0,3.2852606708250987,2000s
Minecraft Dungeons,Strategy,PC,2020.0,1.897575628871429,2020s
PUBG: Battlegrounds,Action,Xbox,2003.0,4.468254140768446,2000s
Dying Light,Racing,PC,2023.0,6.908223362383447,2020s
The Sims 4,Fighting,Mobile,2003.0,2.773993487243654,2000s
Rocket League,Simulation,Xbox,2012.0,7.713474620191375,2010s
Assassin's Creed Valhalla,Puzzle,Nintendo Switch,2012.0,9.562914394691113,2010s
NBA 2K21,Simulation,Mobile,2013.0,7.997673136376671,2010s
League of Legends: Wild Rift,Role-playing,Xbox,2023.0,8.68140698765616,2020s
Dying Light,Strategy,PC,2007.0,6.189485218372084,2000s
Tetris,Racing,PlayStation,2002.0,1.3946753150507585,2000s
Valorant,Horror,PlayStation,2023.0,5.741112761429551,2020s
NBA 2K21,Platformer,Mobile,2014.0,6.405488992272986,2010s
Hades,Puzzle,Nintendo Switch,2013.0,8.247728337598101,2010s
PUBG: Battlegrounds,Action,Nintendo Switch,2021.0,5.841592386008659,2020s
Halo Infinite,Platformer,Nintendo Switch,2008.0,7.527307955809652,2000s
Madden NFL 21,Platformer,Xbox,2010.0,8.337178129518872,2010s
Sekiro: Shadows Die Twice,Fighting,PlayStation,2010.0,6.179951536344785,2010s
Elden Ring,Action,Mobile,2023.0,6.081983368630798,2020s
The Division 2,Horror,Xbox,2011.0,9.064206995755104,2010s
Halo Master Chief Collection,Survival,Xbox,2006.0,5.958153668298922,2000s
Borderlands 3,Simulation,PC,2007.0,1.2518516270117876,2000s
Dying Light,Strategy,PlayStation,2009.0,4.012614164829158,2000s
Far Cry 5,Adventure,Xbox,2008.0,7.74914017524779,2000s
Assassin's Creed Valhalla,Adventure,PC,2017.0,8.788846601695731,2010s
Watch Dogs: Legion,Shooter,Mobile,2021.0,7.91772636439062,2020s
God of War,Horror,Mobile,2016.0,7.594423133383339,2010s
Horizon Zero Dawn,Platformer,PC,2007.0,3.9093298433672334,2000s
Super Mario Odyssey,Sports,PlayStation,2012.0,7.847677885977049,2010s
The Witcher 3: Wild Hunt,Racing,PC,2007.0,3.772463603260909,2000s
Ghost of Tsushima,Shooter,Mobile,2009.0,5.711276782843644,2000s
GTA San Andreas,Horror,Nintendo Switch,2005.0,8.331296769855946,2000s
Genshin Impact,Simulation,Nintendo Switch,2011.0,8.128428012928868,2010s
The Witcher 3: Wild Hunt,Survival,Nintendo Switch,2009.0,2.8195597256630904,2000s
Valorant,Survival,PC,2019.0,6.891417257610013,2010s
Cyberpunk 2077,Platformer,PlayStation,2023.0,8.321389116050119,2020s
Halo Master Chief Collection,Simulation,PC,2009.0,4.669724538409874,2000s
Watch Dogs: Legion,Shooter,Mobile,2004.0,4.930897734059209,2000s
Destiny 2,Puzzle,PC,2003.0,9.424543852880817,2000s
Monster Hunter: World,Role-playing,Xbox,2022.0,3.02722344267003,2020s
PUBG: Battlegrounds,Stealth,PlayStation,2015.0,4.805283369651724,2010s
The Sims 4,Fighting,Nintendo Switch,2000.0,6.75274492909753,2000s
Fortnite,Action,Nintendo Switch,2021.0,4.038934442977174,2020s
GTA San Andreas,Fighting,Mobile,2013.0,4.276782772035553,2010s
Counter-Strike: Global Offensive,Shooter,Mobile,2016.0,2.2820552265881098,2010s
GTA San Andreas,Simulation,Mobile,2022.0,4.616956582115908,2020s
Call of Duty: Modern Warfare,Strategy,Mobile,2001.0,1.6065593450768751,2000s
Rocket League,Stealth,Xbox,2018.0,8.858763442097496,2010s
World of Warcraft,Horror,Nintendo Switch,2021.0,1.3378415741606788,2020s
PUBG: Battlegrounds,Fighting,PC,2009.0,3.627491085229485,2000s
Ghost of Tsushima,Action,Xbox,2018.0,9.297033632587688,2010s
FIFA 21,Horror,PC,2014.0,7.915689580930816,2010s
Fortnite,Simulation,Xbox,2018.0,9.445043578620997,2010s
Super Mario Odyssey,Puzzle,PlayStation,2014.0,1.4865446806559468,2010s
Rocket League,Shooter,PC,2016.0,5.884975933040933,2010s
Call of Duty: Modern Warfare,Platformer,PlayStation,2021.0,3.171317248840446,2020s
The Elder Scrolls V: Skyrim,Shooter,PC,2021.0,7.531815325178012,2020s
FIFA 21,Role-playing,Xbox,2014.0,9.736525170530443,2010s
NBA 2K21,Shooter,PC,2016.0,7.816006677838514,2010s
Sea of Thieves,Stealth,Mobile,2004.0,2.0742810311117363,2000s
Hitman 3,Racing,Nintendo Switch,2021.0,6.4901129053621895,2020s
FIFA 21,Puzzle,Nintendo Switch,2009.0,3.1985148370270724,2000s
Animal Crossing: New Horizons,Platformer,Xbox,2001.0,7.420796153540665,2000s
Dota 2,Role-playing,Nintendo Switch,2007.0,8.615923415364186,2000s
Valorant,Stealth,Nintendo Switch,2017.0,1.941829560007312,2010s
Halo Infinite,Shooter,Xbox,2008.0,3.3653465195920176,2000s
Dota 2,Stealth,PlayStation,2012.0,3.908179880991674,2010s
Among Us,Role-playing,Xbox,2001.0,8.847625166044436,2000s
World of Warcraft,Puzzle,PlayStation,2023.0,8.719995495123445,2020s
The Legend of Zelda: Breath of the Wild,Strategy,Nintendo Switch,2011.0,1.5963345010849457,2010s
PUBG Mobile,Sports,PlayStation,2003.0,5.207809203663593,2000s
Fortnite,Strategy,Xbox,2009.0,4.2353677573026856,2000s
PUBG,Stealth,Mobile,2013.0,3.7783640132564296,2010s
The Legend of Zelda: Breath of the Wild,Adventure,PC,2006.0,6.247611075805824,2000s
Far Cry 5,Platformer,PC,2006.0,5.505119303822719,2000s
Fortnite,Survival,Nintendo Switch,2023.0,1.4348117119848318,2020s
PUBG Mobile,Simulation,Xbox,2019.0,9.948698740085618,2010s
Horizon Zero Dawn,Strategy,Xbox,2011.0,8.179859624388325,2010s
Madden NFL 21,Platformer,Xbox,2018.0,5.305604347246689,2010s
League of Legends: Wild Rift,Fighting,PlayStation,2007.0,8.735714566478345,2000s
Dota 2,Racing,Xbox,2014.0,9.975829128010211,2010s
Red Dead Redemption 2,Horror,Nintendo Switch,2002.0,8.737488315424129,2000s
World of Warcraft,Survival,Mobile,2011.0,4.264824599504807,2010s
Forza Horizon 4,Role-playing,PC,2014.0,4.400861656040194,2010s
League of Legends,Horror,Mobile,2002.0,9.565053238829712,2000s
Dying Light,Sports,PlayStation,2004.0,6.006410837095086,2000s
PUBG: Battlegrounds,Platformer,PC,2020.0,2.119201423018588,2020s
The Legend of Zelda: Breath of the Wild,Sports,Xbox,2017.0,2.554328994882264,2010s
Monster Hunter: World,Action,Mobile,2001.0,5.161931305352292,2000s
The Division 2,Survival,PlayStation,2005.0,7.465606716862378,2000s
Control,Action,Mobile,2007.0,5.687890382234527,2000s
Grand Theft Auto IV,Strategy,Xbox,2017.0,8.015829091927575,2010s
Red Dead Redemption 2,Shooter,PlayStation,2003.0,7.695382255659215,2000s
Dota 2,Strategy,Nintendo Switch,2010.0,3.749134938304173,2010s
Dying Light,Shooter,PC,2008.0,2.2912962406003645,2000s
Fortnite,Horror,Nintendo Switch,2021.0,2.0672440750580545,2020s
Monster Hunter: World,Simulation,Mobile,2006.0,4.952379396378804,2000s
Animal Crossing: New Horizons,Sports,Nintendo Switch,2005.0,2.541441832847245,2000s
Sekiro: Shadows Die Twice,Survival,Nintendo Switch,2004.0,3.074392856326521,2000s
Valorant,Strategy,Xbox,2001.0,9.73193963498101,2000s
FIFA 21,Strategy,PlayStation,2021.0,4.771625140700882,2020s
Control,Fighting,PC,2003.0,1.526274836581321,2000s
PUBG: Battlegrounds,Action,Nintendo Switch,2010.0,5.626978274335212,2010s
Apex Legends,Strategy,PlayStation,2004.0,3.160319315184261,2000s
Control,Role-playing,PlayStation,2005.0,2.9620317426454257,2000s
The Legend of Zelda: Breath of the Wild,Stealth,Mobile,2012.0,9.923698181625612,2010s
Halo Master Chief Collection,Role-playing,Mobile,2015.0,7.025753637663142,2010s
Cyberpunk 2077,Simulation,Mobile,2022.0,1.8938437870507971,2020s
The Division 2,Horror,Nintendo Switch,2005.0,7.48706622214257,2000s
The Division 2,Puzzle,Mobile,2018.0,5.594429441917794,2010s
Dying Light,Survival,PlayStation,2021.0,3.573386554682659,2020s
Cyberpunk 2077,Stealth,PC,2010.0,7.101257343961078,2010s
World of Warcraft,Action,Nintendo Switch,2018.0,3.2930509608312706,2010s
PUBG: Battlegrounds,Racing,PC,2003.0,9.04768399024165,2000s
GTA San Andreas,Sports,PlayStation,2016.0,9.253473913440342,2010s
The Legend of Zelda: Breath of the Wild,Stealth,PlayStation,2013.0,4.7469394717223246,2010s
Cyberpunk 2077,Horror,PC,2016.0,5.610087923268842,2010s
Minecraft,Adventure,PlayStation,2009.0,6.836759830551911,2000s
Destiny 2,Racing,Xbox,2021.0,9.333293195507467,2020s
League of Legends: Wild Rift,Puzzle,PC,2009.0,9.16079313790886,2000s
Monster Hunter: World,Strategy,Xbox,2015.0,3.969592530632786,2010s
Apex Legends,Sports,Mobile,2008.0,8.237248851503585,2000s
Apex Legends,Sports,PC,2011.0,2.140242107938224,2010s
Valorant,Action,Nintendo Switch,2002.0,9.21212078712676,2000s
Minecraft,Sports,Mobile,2003.0,6.290249358444925,2000s
Red Dead Redemption 2,Puzzle,Mobile,2009.0,4.582325303740234,2000s
Far Cry 5,Fighting,Xbox,2021.0,4.044020258677095,2020s
Tetris,Horror,PlayStation,2012.0,8.394963690601632,2010s
Minecraft Dungeons,Stealth,Nintendo Switch,2020.0,1.9411887839348063,2020s
Halo Infinite,Simulation,Xbox,2006.0,8.97382327219172,2000s
Cyberpunk 2077,Horror,Nintendo Switch,2013.0,1.1658195648333476,2010s
Borderlands 3,Simulation,Nintendo Switch,2014.0,1.220619146379487,2010s
Animal Crossing: New Horizons,Survival,PlayStation,2001.0,8.935663437995224,2000s
Among Us,Stealth,Mobile,2014.0,2.804518187374254,2010s
Sekiro: Shadows Die Twice,Horror,PC,2017.0,5.0587369506029525,2010s
Counter-Strike: Global Offensive,Simulation,Mobile,2005.0,4.380450091196662,2000s
Halo Infinite,Stealth,PC,2008.0,3.013928218194776,2000s
League of Legends: Wild Rift,Adventure,Nintendo Switch,2002.0,9.44112834661174,2000s
PUBG: Battlegrounds,Strategy,Nintendo Switch,2007.0,7.693800293183628,2000s
Mass Effect Legendary Edition,Strategy,PC,2011.0,3.1710117769486645,2010s
Rocket League,Puzzle,PlayStation,2010.0,1.029831527606383,2010s
Overwatch,Horror,PC,2021.0,4.979177923135843,2020s
Hades,Platformer,PC,2016.0,5.596065463859818,2010s
Red Dead Redemption 2,Puzzle,PC,2002.0,7.897287719840447,2000s
Horizon Zero Dawn,Racing,Nintendo Switch,2023.0,4.169151501322638,2020s
Control,Racing,Xbox,2023.0,2.6517583603983423,2020s
Watch Dogs: Legion,Stealth,PlayStation,2007.0,6.878945330054536,2000s
Overwatch,Stealth,Xbox,2010.0,5.400170307682835,2010s
Call of Duty: Modern Warfare,Sports,PC,2011.0,8.172819202786695,2010s
Among Us,Adventure,Xbox,2015.0,8.155125098953473,2010s
PUBG: Battlegrounds,Simulation,PlayStation,2022.0,9.146271073430745,2020s
PUBG: Battlegrounds,Horror,PC,2010.0,1.2995258894849415,2010s
Genshin Impact,Simulation,Mobile,2023.0,7.8329966199137155,2020s
Apex Legends,Shooter,Xbox,2014.0,9.110724987067632,2010s
Hitman 3,Shooter,PlayStation,2017.0,3.525586075932176,2010s
Genshin Impact,Shooter,Mobile,2006.0,5.524369969400562,2000s
League of Legends,Racing,PC,2010.0,1.2732817204763642,2010s
PUBG: Battlegrounds,Action,Nintendo Switch,2020.0,4.175272667319096,2020s
Grand Theft Auto V,Shooter,Nintendo Switch,2011.0,5.448783316522409,2010s
God of War,Survival,PlayStation,2004.0,8.565072472956802,2000s
World of Warcraft,Horror,PlayStation,2005.0,9.920397227135512,2000s
The Elder Scrolls V: Skyrim,Sports,Nintendo Switch,2020.0,8.7606895629395,2020s
The Division 2,Sports,Xbox,2017.0,5.565392207178003,2010s
Elden Ring,Stealth,PlayStation,2012.0,1.462620752508137,2010s
League of Legends,Role-playing,Mobile,2011.0,6.312005826096888,2010s
Among Us,Action,Xbox,2003.0,5.01848879976417,2000s
Resident Evil Village,Shooter,PlayStation,2021.0,3.763976049914561,2020s
Sea of Thieves,Horror,Xbox,2009.0,1.8511119136565493,2000s
Grand Theft Auto IV,Action,Mobile,2010.0,1.6837524423963273,2010s
Forza Horizon 4,Shooter,Xbox,2022.0,6.231162885394743,2020s
Resident Evil Village,Survival,PlayStation,2010.0,6.669450248681248,2010s
Monster Hunter: World,Survival,PlayStation,2015.0,4.149482174926759,2010s
Sekiro: Shadows Die Twice,Horror,Mobile,2008.0,8.57667352825143,2000s
Overwatch,Horror,PlayStation,2011.0,1.9061131934646585,2010s
Control,Sports,PlayStation,2015.0,9.61174881916911,2010s
Fall Guys: Ultimate Knockout,Stealth,PlayStation,2021.0,3.363349637302405,2020s
Super Mario Odyssey,Survival,PC,2020.0,4.681645992798357,2020s
Assassin's Creed Valhalla,Fighting,PC,2005.0,6.041501065751047,2000s
Hitman 3,Role-playing,Mobile,2013.0,1.079064908348601,2010s
Dark Souls III,Survival,PlayStation,2019.0,2.380011092002945,2010s
The Division 2,Stealth,PC,2007.0,5.494261427740663,2000s
Grand Theft Auto IV,Action,Nintendo Switch,2018.0,4.355060347578901,2010s
Call of Duty: Modern Warfare,Puzzle,Xbox,2012.0,6.256329973300042,2010s
Rocket League,Platformer,Nintendo Switch,2019.0,9.202157892829463,2010s
Hitman 3,Strategy,Nintendo Switch,2005.0,8.479398604539973,2000s
The Legend of Zelda: Breath of the Wild,Adventure,PlayStation,2018.0,7.167349237477091,2010s
Halo Infinite,Puzzle,Xbox,2019.0,2.450780519204068,2010s
Assassin's Creed Valhalla,Simulation,Xbox,2018.0,4.506925994581418,2010s
The Witcher 3: Wild Hunt,Racing,Xbox,2009.0,5.391800299900744,2000s
Apex Legends,Puzzle,Mobile,2005.0,6.179014027914508,2000s
Fall Guys: Ultimate Knockout,Puzzle,PlayStation,2013.0,7.867803672224402,2010s
Super Mario Odyssey,Puzzle,Xbox,2019.0,4.092988973895549,2010s
Call of Duty: Modern Warfare,Role-playing,Xbox,2002.0,6.07648859473656,2000s
Madden NFL 21,Racing,Xbox,2017.0,7.121210015783464,2010s
Borderlands 3,Strategy,PC,2023.0,6.711485362274379,2020s
FIFA 21,Action,Nintendo Switch,2017.0,5.912107071903236,2010s
The Sims 4,Action,Nintendo Switch,2014.0,9.745791052961897,2010s
Overwatch,Platformer,Mobile,2016.0,7.693115678739407,2010s
The Sims 4,Action,Xbox,2017.0,6.664336600467869,2010s
Apex Legends,Platformer,PC,2022.0,8.19206785496555,2020s
Dying Light,Puzzle,PlayStation,2004.0,1.833389425334174,2000s
Far Cry 5,Strategy,Mobile,2020.0,2.8850116949886644,2020s
PUBG,Racing,Mobile,2009.0,2.6629982348132266,2000s
Hitman 3,Simulation,Xbox,2004.0,3.963799714350752,2000s
Tetris,Fighting,PlayStation,2005.0,5.179722309412139,2000s
Far Cry 5,Action,Mobile,2018.0,1.9738522620848804,2010s
Fortnite,Role-playing,Mobile,2000.0,4.184935243744588,2000s
Dota 2,Fighting,Nintendo Switch,2009.0,3.020407012026666,2000s
Tetris,Action,Nintendo Switch,2001.0,8.181647921349184,2000s
NBA 2K21,Stealth,Xbox,2023.0,1.804074161860674,2020s
Valorant,Simulation,Mobile,2005.0,5.080583760274276,2000s
GTA San Andreas,Racing,PC,2022.0,6.926829059699183,2020s
Mass Effect Legendary Edition,Role-playing,PC,2011.0,9.028672825349602,2010s
Sea of Thieves,Adventure,Nintendo Switch,2012.0,5.662480933071768,2010s
Control,Survival,Xbox,2008.0,6.30872657031426,2000s
PUBG: Battlegrounds,Action,Nintendo Switch,2020.0,8.798580708786911,2020s
Hades,Strategy,Mobile,2000.0,6.182314425989434,2000s
Overwatch,Sports,Mobile,2007.0,2.472062496711586,2000s
Call of Duty: Modern Warfare,Adventure,Nintendo Switch,2012.0,6.921901688698957,2010s
League of Legends: Wild Rift,Stealth,Xbox,2011.0,7.872389114272358,2010s
FIFA 21,Survival,Nintendo Switch,2016.0,6.998727478507226,2010s
Rocket League,Stealth,Nintendo Switch,2002.0,6.599060848751584,2000s
Fall Guys: Ultimate Knockout,Puzzle,Mobile,2004.0,2.3700368547746025,2000s
Sea of Thieves,Racing,Nintendo Switch,2013.0,5.412017438618938,2010s
Fall Guys: Ultimate Knockout,Stealth,Mobile,2000.0,5.2662768407422735,2000s
World of Warcraft,Adventure,Xbox,2006.0,3.3362027926395577,2000s
The Sims 4,Stealth,Xbox,2000.0,6.105588560229585,2000s
Watch Dogs: Legion,Puzzle,PlayStation,2011.0,2.317811183401893,2010s
Overwatch,Racing,Nintendo Switch,2013.0,5.848862953376811,2010s
Red Dead Redemption 2,Stealth,Mobile,2010.0,6.204011620480856,2010s
Dying Light,Fighting,PlayStation,2005.0,8.53209073308058,2000s
Sekiro: Shadows Die Twice,Role-playing,Xbox,2016.0,8.338947215963202,2010s
PUBG Mobile,Shooter,Nintendo Switch,2023.0,1.6043219184240949,2020s
Elden Ring,Adventure,Mobile,2003.0,7.156626882665572,2000s
PUBG: Battlegrounds,Platformer,Mobile,2021.0,4.210462560785517,2020s
God of War,Adventure,Xbox,2001.0,1.9567286902373475,2000s
Grand Theft Auto V,Simulation,Nintendo Switch,2010.0,2.1328376926525143,2010s
The Legend of Zelda: Breath of the Wild,Fighting,Xbox,2018.0,1.223835186154766,2010s
Red Dead Redemption 2,Role-playing,Xbox,2010.0,1.4016003427722468,2010s
Grand Theft Auto V,Racing,Nintendo Switch,2003.0,9.615747440919025,2000s
NBA 2K21,Puzzle,PC,2005.0,6.746632377101378,2000s
Monster Hunter: World,Puzzle,Mobile,2013.0,5.604060264718771,2010s
Sekiro: Shadows Die Twice,Platformer,Nintendo Switch,2021.0,9.8622319991163,2020s
FIFA 21,Shooter,PlayStation,2022.0,6.95752655412188,2020s
Dark Souls III,Strategy,Xbox,2018.0,5.028808930686422,2010s
Forza Horizon 4,Survival,PlayStation,2021.0,9.264714515883936,2020s
The Legend of Zelda: Breath of the Wild,Simulation,Mobile,2019.0,6.731369944874179,2010s
Grand Theft Auto IV,Fighting,Xbox,2015.0,7.701360735237208,2010s
Far Cry 5,Sports,PC,2016.0,4.823328995331496,2010s
Sea of Thieves,Puzzle,Mobile,2014.0,6.551468579159798,2010s
Dying Light,Horror,PC,2016.0,7.41614074526152,2010s
Dying Light,Action,Xbox,2000.0,6.458598047399352,2000s
The Sims 4,Puzzle,Nintendo Switch,2003.0,5.019992500536201,2000s
Red Dead Redemption 2,Action,Mobile,2012.0,1.203814466850023,2010s
Halo Infinite,Sports,PC,2021.0,5.022021672161763,2020s
Red Dead Redemption 2,Shooter,Xbox,2005.0,6.2486094388324585,2000s
World of Warcraft,Survival,Xbox,2010.0,4.075107300635853,2010s
The Legend of Zelda: Breath of the Wild,Sports,Xbox,2022.0,5.123248555502383,2020s
GTA San Andreas,Strategy,PlayStation,2006.0,4.436887772325671,2000s
GTA San Andreas,Adventure,Xbox,2004.0,9.80901294006556,2000s
GTA San Andreas,Role-playing,PC,2003.0,2.6256077828562807,2000s
Among Us,Fighting,Nintendo Switch,2000.0,5.636981564470828,2000s
Valorant,Role-playing,Xbox,2006.0,6.2791650850830765,2000s
Fall Guys: Ultimate Knockout,Adventure,Nintendo Switch,2014.0,9.908233451941165,2010s
The Sims 4,Horror,Nintendo Switch,2006.0,9.767321040958526,2000s
World of Warcraft,Fighting,Xbox,2002.0,4.33677591674535,2000s
Minecraft Dungeons,Strategy,PlayStation,2007.0,1.4999622738375862,2000s
The Division 2,Stealth,PC,2023.0,6.232583335865369,2020s
Fall Guys: Ultimate Knockout,Strategy,PlayStation,2006.0,3.157667524576982,2000s
Valorant,Platformer,PlayStation,2003.0,4.917711108557995,2000s
Fall Guys: Ultimate Knockout,Action,Mobile,2002.0,9.026567165759728,2000s
Death Stranding,Survival,PlayStation,2018.0,6.90812049421426,2010s
Among Us,Horror,PlayStation,2008.0,8.68091396048137,2000s
Horizon Zero Dawn,Stealth,PC,2003.0,2.394756628540522,2000s
Dota 2,Platformer,Xbox,2021.0,9.289469837903171,2020s
PUBG,Shooter,PlayStation,2008.0,3.004786717762155,2000s
Cyberpunk 2077,Shooter,Xbox,2014.0,6.345063741772054,2010s
Apex Legends,Platformer,PC,2009.0,1.1095081903256605,2000s
God of War,Simulation,PlayStation,2020.0,6.742603544511113,2020s
Hitman 3,Platformer,PlayStation,2014.0,3.899988215653681,2010s
Among Us,Adventure,Mobile,2007.0,5.051737919709385,2000s
Apex Legends,Platformer,Nintendo Switch,2006.0,4.437948410577208,2000s
Overwatch,Sports,Mobile,2007.0,7.200968640979181,2000s
Genshin Impact,Role-playing,Xbox,2005.0,7.45154714330845,2000s
The Legend of Zelda: Breath of the Wild,Survival,Nintendo Switch,2002.0,9.851311967693444,2000s
Hades,Simulation,PC,2002.0,3.708855240525762,2000s
Watch Dogs: Legion,Stealth,Xbox,2010.0,7.670259283329287,2010s
Red Dead Redemption 2,Platformer,Mobile,2012.0,9.867932253586098,2010s
Dying Light,Adventure,PlayStation,2012.0,6.645802624963379,2010s
Counter-Strike: Global Offensive,Fighting,Mobile,2016.0,5.433014228304444,2010s
The Elder Scrolls V: Skyrim,Platformer,Mobile,2002.0,7.074713867141597,2000s
Elden Ring,Fighting,Xbox,2020.0,2.3745032558548305,2020s
Rocket League,Racing,Mobile,2018.0,2.2466983645871728,2010s
Cyberpunk 2077,Puzzle,Nintendo Switch,2010.0,3.0908292886551574,2010s
Far Cry 5,Puzzle,PC,2018.0,8.487312594821098,2010s
Elden Ring,Stealth,Xbox,2014.0,6.673658281405373,2010s
Hades,Adventure,PlayStation,2000.0,1.9205692667010053,2000s
World of Warcraft,Fighting,Mobile,2000.0,4.9556745643921785,2000s
Elden Ring,Sports,PC,2018.0,4.862828743122597,2010s
Fortnite,Action,PC,2010.0,7.721258047969536,2010s
Death Stranding,Platformer,PlayStation,2001.0,4.405127268527021,2000s
PUBG Mobile,Horror,PlayStation,2018.0,2.395362130471576,2010s
Monster Hunter: World,Platformer,Xbox,2010.0,7.00595200442644,2010s
Grand Theft Auto V,Strategy,Nintendo Switch,2023.0,9.512489405183551,2020s
GTA San Andreas,Shooter,PC,2007.0,9.191844586472849,2000s
Far Cry 5,Strategy,Mobile,2011.0,2.828949705568946,2010s
Death Stranding,Survival,PlayStation,2006.0,5.84239289860405,2000s
The Sims 4,Horror,Nintendo Switch,2021.0,6.526579476321022,2020s
NBA 2K21,Platformer,Xbox,2013.0,5.282062695875149,2010s
NBA 2K21,Survival,Nintendo Switch,2019.0,1.4000729888613206,2010s
Genshin Impact,Sports,PC,2021.0,5.593989360389049,2020s
World of Warcraft,Horror,PlayStation,2001.0,5.182515163627161,2000s
Fall Guys: Ultimate Knockout,Action,Xbox,2020.0,8.952469249503844,2020s
Forza Horizon 4,Stealth,Xbox,2018.0,9.048764046454007,2010s
Watch Dogs: Legion,Fighting,Xbox,2011.0,9.093777535367275,2010s
Overwatch,Sports,PC,2011.0,2.086705418847048,2010s
Minecraft Dungeons,Racing,Mobile,2004.0,2.6597203366717945,2000s
Far Cry 5,Platformer,Nintendo Switch,2020.0,3.213494482964581,2020s
Grand Theft Auto IV,Simulation,PlayStation,2009.0,5.780715522896854,2000s
Dark Souls III,Strategy,PlayStation,2011.0,4.940152227295097,2010s
Rocket League,Role-playing,PlayStation,2003.0,9.101607760240924,2000s
League of Legends: Wild Rift,Survival,PlayStation,2016.0,7.608482380427529,2010s
Sea of Thieves,Shooter,Nintendo Switch,2011.0,7.848089697426745,2010s
The Elder Scrolls V: Skyrim,Survival,Nintendo Switch,2011.0,8.239866052980522,2010s
Rocket League,Fighting,PlayStation,2007.0,6.761235466202312,2000s
Apex Legends,Simulation,Xbox,2023.0,8.305100838387087,2020s
Hades,Strategy,Mobile,2007.0,6.60529920645958,2000s
God of War,Survival,PC,2010.0,7.125943834372217,2010s
Mass Effect Legendary Edition,Fighting,Xbox,2002.0,6.519818611166034,2000s
Madden NFL 21,Shooter,PC,2015.0,4.621263043588459,2010s
Tetris,Survival,Mobile,2019.0,2.816490007871908,2010s
Grand Theft Auto V,Sports,Mobile,2011.0,1.3359738893744542,2010s
Minecraft,Action,Mobile,2004.0,2.3618583824349173,2000s
Death Stranding,Role-playing,Nintendo Switch,2002.0,6.381584260667832,2000s
The Legend of Zelda: Breath of the Wild,Horror,Nintendo Switch,2023.0,1.3352847574511892,2020s
Ghost of Tsushima,Sports,Mobile,2008.0,2.1654291660244174,2000s
Monster Hunter: World,Puzzle,Nintendo Switch,2006.0,9.433606967285282,2000s
Red Dead Redemption 2,Fighting,Xbox,2020.0,8.792950772196845,2020s
Call of Duty: Modern Warfare,Shooter,PC,2016.0,4.507830546377369,2010s
Dying Light,Simulation,Mobile,2015.0,1.0325858688331362,2010s
League of Legends,Stealth,Nintendo Switch,2019.0,7.976409448678662,2010s
PUBG Mobile,Stealth,Xbox,2022.0,5.051365247385939,2020s
World of Warcraft,Sports,Nintendo Switch,2016.0,5.879288506316418,2010s
Counter-Strike: Global Offensive,Strategy,Mobile,2005.0,4.638840849619836,2000s
Rocket League,Shooter,Nintendo Switch,2001.0,4.89238847484337,2000s
Borderlands 3,Sports,PC,2018.0,3.431596241035402,2010s
NBA 2K21,Sports,Mobile,2009.0,5.701960885402986,2000s
Among Us,Action,PC,2018.0,1.5155204913227305,2010s
Resident Evil Village,Shooter,Xbox,2002.0,3.187408930700854,2000s
Control,Shooter,PlayStation,2013.0,2.408019699587572,2010s
Borderlands 3,Horror,Xbox,2010.0,4.434284349567055,2010s
Minecraft,Horror,PC,2012.0,9.243028273091587,2010s
Grand Theft Auto V,Fighting,PlayStation,2022.0,1.6232325878664282,2020s
Genshin Impact,Sports,PlayStation,2021.0,5.56677745220909,2020s
Hitman 3,Racing,Xbox,2023.0,8.574317357752431,2020s
Death Stranding,Platformer,Nintendo Switch,2018.0,8.689615347695655,2010s
Rocket League,Horror,Xbox,2002.0,5.628085276319916,2000s
The Elder Scrolls V: Skyrim,Adventure,Mobile,2005.0,1.641381478077914,2000s
Hitman 3,Role-playing,Mobile,2004.0,2.4082989056454838,2000s
League of Legends: Wild Rift,Role-playing,Xbox,2002.0,1.8430130696893827,2000s
Rocket League,Puzzle,Xbox,2023.0,7.088713800890305,2020s
Valorant,Platformer,Mobile,2003.0,6.763120674609538,2000s
The Division 2,Racing,PlayStation,2022.0,1.9442077916454636,2020s
Mass Effect Legendary Edition,Simulation,Xbox,2000.0,9.025071613742153,2000s
Super Mario Odyssey,Fighting,PlayStation,2020.0,5.391907892380671,2020s
Counter-Strike: Global Offensive,Stealth,Mobile,2022.0,4.99669234865822,2020s
Super Mario Odyssey,Sports,Xbox,2017.0,6.944109829874119,2010s
Dying Light,Role-playing,Xbox,2022.0,9.819841316285366,2020s
Ghost of Tsushima,Action,Xbox,2018.0,3.8615188236362,2010s
Mass Effect Legendary Edition,Action,PC,2008.0,8.255706622373733,2000s
The Legend of Zelda: Breath of the Wild,Sports,Mobile,2002.0,3.222286500986632,2000s
Counter-Strike: Global Offensive,Action,Nintendo Switch,2008.0,2.110177504901715,2000s
Sekiro: Shadows Die Twice,Action,PlayStation,2004.0,9.821339044773008,2000s
Cyberpunk 2077,Adventure,PC,2020.0,8.521180031056868,2020s
Control,Shooter,Mobile,2009.0,1.343145223802381,2000s
Among Us,Survival,Mobile,2013.0,5.06548680781142,2010s
Dark Souls III,Stealth,Xbox,2016.0,8.916676137637115,2010s
Forza Horizon 4,Strategy,Nintendo Switch,2011.0,3.846760791869503,2010s
Mass Effect Legendary Edition,Adventure,PC,2015.0,9.2049970180822,2010s
Cyberpunk 2077,Survival,PC,2001.0,8.848351435873905,2000s
League of Legends,Action,Mobile,2008.0,4.859617993783326,2000s
Horizon Zero Dawn,Survival,PlayStation,2002.0,3.486885236513432,2000s
Minecraft Dungeons,Fighting,Nintendo Switch,2015.0,8.716031069716225,2010s
The Sims 4,Survival,PlayStation,2012.0,4.211640788391005,2010s
Apex Legends,Puzzle,Nintendo Switch,2015.0,6.26459283464747,2010s
The Legend of Zelda: Breath of the Wild,Survival,Nintendo Switch,2004.0,8.856623809492213,2000s
PUBG: Battlegrounds,Survival,PC,2009.0,1.2367169923146912,2000s
Elden Ring,Puzzle,PlayStation,2020.0,8.387858454582394,2020s
Valorant,Simulation,PlayStation,2012.0,3.4325879450767127,2010s
Sekiro: Shadows Die Twice,Stealth,PlayStation,2016.0,2.246593954344474,2010s
Valorant,Horror,Mobile,2004.0,6.719709115195585,2000s
Dying Light,Action,Xbox,2005.0,3.638137075591113,2000s
The Witcher 3: Wild Hunt,Sports,PC,2022.0,9.759091122327437,2020s
Ghost of Tsushima,Adventure,Nintendo Switch,2016.0,6.979893577927125,2010s
Madden NFL 21,Stealth,Nintendo Switch,2021.0,7.417429197268119,2020s
Far Cry 5,Action,Mobile,2010.0,3.870117035479635,2010s
Apex Legends,Horror,Nintendo Switch,2017.0,4.789708917995062,2010s
League of Legends,Simulation,Nintendo Switch,2007.0,7.56129696650686,2000s
Rocket League,Simulation,Xbox,2003.0,9.564207035716564,2000s
Minecraft,Fighting,Nintendo Switch,2017.0,5.051405133757814,2010s
The Witcher 3: Wild Hunt,Sports,PlayStation,2000.0,1.694544616433502,2000s
Sea of Thieves,Racing,Mobile,2002.0,4.870860885621408,2000s
Animal Crossing: New Horizons,Fighting,Mobile,2022.0,1.6048591078095842,2020s
Minecraft,Action,Mobile,2002.0,9.139530841652972,2000s
NBA 2K21,Role-playing,Xbox,2004.0,9.996196453869272,2000s
Destiny 2,Stealth,Nintendo Switch,2014.0,3.738886511839134,2010s
The Legend of Zelda: Breath of the Wild,Role-playing,PC,2011.0,5.055008319626655,2010s
Rocket League,Sports,Nintendo Switch,2018.0,3.029131842140425,2010s
Overwatch,Horror,PlayStation,2009.0,3.425562254643878,2000s
Valorant,Strategy,Mobile,2013.0,1.3445491511938477,2010s
Sekiro: Shadows Die Twice,Action,Mobile,2011.0,4.987346810191241,2010s
PUBG,Platformer,PC,2007.0,1.1671073896943,2000s
Far Cry 5,Action,Xbox,2001.0,8.639815934494813,2000s
Genshin Impact,Strategy,Mobile,2002.0,5.727517462654439,2000s
Cyberpunk 2077,Platformer,Xbox,2005.0,5.674363015544006,2000s
Sekiro: Shadows Die Twice,Simulation,PlayStation,2017.0,9.945844684980797,2010s
The Legend of Zelda: Breath of the Wild,Horror,PlayStation,2006.0,9.035296370447288,2000s
Death Stranding,Horror,PC,2010.0,2.902323394432111,2010s
World of Warcraft,Fighting,PC,2016.0,2.881088735367337,2010s
Mass Effect Legendary Edition,Simulation,PlayStation,2018.0,5.852651730675793,2010s
Animal Crossing: New Horizons,Strategy,PlayStation,2012.0,6.642360993889691,2010s
Destiny 2,Simulation,Xbox,2001.0,8.895647494815412,2000s
League of Legends: Wild Rift,Horror,Xbox,2010.0,2.949385220992968,2010s
Sea of Thieves,Racing,PC,2006.0,1.348463061476435,2000s
League of Legends,Fighting,Mobile,2020.0,1.329432946202047,2020s
Among Us,Fighting,Mobile,2021.0,5.5760171848321685,2020s
Ghost of Tsushima,Stealth,Nintendo Switch,2005.0,1.6431695855774318,2000s
Among Us,Platformer,Nintendo Switch,2014.0,2.7553579370668944,2010s
GTA San Andreas,Simulation,Xbox,2014.0,1.1653625419580642,2010s
League of Legends: Wild Rift,Survival,Mobile,2006.0,4.184600409480996,2000s
PUBG Mobile,Role-playing,Xbox,2018.0,7.806109321911965,2010s
Animal Crossing: New Horizons,Puzzle,Mobile,2014.0,8.599623639043806,2010s
Death Stranding,Action,PlayStation,2015.0,5.783788168383241,2010s
Far Cry 5,Simulation,PlayStation,2017.0,6.875993854905991,2010s
NBA 2K21,Sports,Nintendo Switch,2023.0,5.71528677283018,2020s
Resident Evil Village,Fighting,Xbox,2022.0,6.47297677216821,2020s
Grand Theft Auto IV,Sports,Nintendo Switch,2015.0,7.350496515579202,2010s
Fall Guys: Ultimate Knockout,Survival,Nintendo Switch,2023.0,3.167874464037892,2020s
The Division 2,Puzzle,PC,2006.0,9.356124436172063,2000s
PUBG: Battlegrounds,Sports,Nintendo Switch,2012.0,4.533320434263587,2010s
Grand Theft Auto V,Strategy,Mobile,2004.0,7.733704685704136,2000s
Monster Hunter: World,Horror,PlayStation,2011.0,1.5437288213067788,2010s
Apex Legends,Simulation,Mobile,2004.0,9.7085856109099,2000s
Minecraft,Puzzle,Nintendo Switch,2004.0,9.994526572821451,2000s
FIFA 21,Strategy,PC,2020.0,8.274649124959318,2020s
Sea of Thieves,Strategy,Xbox,2019.0,3.62220944022135,2010s
The Sims 4,Fighting,PlayStation,2017.0,1.0469488279711958,2010s
PUBG Mobile,Stealth,Nintendo Switch,2015.0,7.816235952486887,2010s
Dying Light,Action,Nintendo Switch,2023.0,3.491496093297342,2020s
Dying Light,Horror,PlayStation,2016.0,1.112920946490715,2010s
NBA 2K21,Platformer,PlayStation,2015.0,8.067939954194479,2010s
Death Stranding,Role-playing,PlayStation,2001.0,5.661324744825739,2000s
Cyberpunk 2077,Adventure,Mobile,2008.0,9.361357467682533,2000s
Sea of Thieves,Sports,PlayStation,2018.0,3.5210271113043605,2010s
Dying Light,Fighting,PlayStation,2006.0,2.662996176442185,2000s
Grand Theft Auto IV,Role-playing,PlayStation,2022.0,3.41904512559294,2020s
Mass Effect Legendary Edition,Action,Nintendo Switch,2014.0,1.3847485847734775,2010s
Horizon Zero Dawn,Simulation,Nintendo Switch,2002.0,5.058906399764021,2000s
FIFA 21,Puzzle,PC,2010.0,3.034008168202649,2010s
League of Legends,Simulation,PC,2021.0,5.049155192150629,2020s
Dota 2,Adventure,PC,2002.0,2.3213340976850523,2000s
Overwatch,Strategy,Xbox,2009.0,2.652871955189919,2000s
Minecraft,Horror,PC,2014.0,3.269121132576544,2010s
PUBG Mobile,Puzzle,Mobile,2015.0,1.0847908778565984,2010s
Animal Crossing: New Horizons,Role-playing,Nintendo Switch,2015.0,1.399730992723605,2010s
Cyberpunk 2077,Platformer,Mobile,2018.0,9.9077867956353,2010s
NBA 2K21,Strategy,Nintendo Switch,2002.0,1.173737023928553,2000s
The Sims 4,Strategy,Mobile,2002.0,7.830449030316521,2000s
Hades,Stealth,Mobile,2000.0,7.428017812235805,2000s
Genshin Impact,Adventure,Xbox,2020.0,4.6601160576368255,2020s
Assassin's Creed Valhalla,Sports,Xbox,2012.0,2.644888491394185,2010s
FIFA 21,Fighting,Nintendo Switch,2005.0,4.21270834585818,2000s
Elden Ring,Adventure,Nintendo Switch,2016.0,2.569978235755712,2010s
Halo Master Chief Collection,Adventure,Nintendo Switch,2011.0,6.496117848576411,2010s
Hades,Horror,Xbox,2012.0,1.4809083788958262,2010s
The Witcher 3: Wild Hunt,Role-playing,Mobile,2010.0,5.038445297799873,2010s
Counter-Strike: Global Offensive,Sports,Nintendo Switch,2014.0,7.596826196837435,2010s
Elden Ring,Horror,PC,2008.0,3.2888644724785783,2000s
Tetris,Action,Xbox,2010.0,2.500516969872617,2010s
Grand Theft Auto V,Fighting,Xbox,2006.0,3.3070310180157247,2000s
Dying Light,Action,Mobile,2009.0,8.059043331210304,2000s
Overwatch,Platformer,PC,2007.0,1.772334303294918,2000s
The Witcher 3: Wild Hunt,Sports,Nintendo Switch,2015.0,5.83809878620812,2010s
Halo Infinite,Survival,PlayStation,2015.0,2.1389957793937797,2010s
Ghost of Tsushima,Racing,Nintendo Switch,2010.0,6.227850447826288,2010s
GTA San Andreas,Adventure,PC,2006.0,8.518586575611426,2000s
PUBG Mobile,Survival,PlayStation,2004.0,9.191532157396177,2000s
Monster Hunter: World,Survival,Mobile,2005.0,5.709388160936193,2000s
Dark Souls III,Fighting,Mobile,2017.0,3.836143540749773,2010s
PUBG: Battlegrounds,Puzzle,PlayStation,2014.0,6.816778578778894,2010s
Horizon Zero Dawn,Fighting,Mobile,2015.0,9.001966734587617,2010s
NBA 2K21,Racing,PlayStation,2021.0,4.52970177859185,2020s
Red Dead Redemption 2,Fighting,Mobile,2011.0,6.113593932938466,2010s
Destiny 2,Role-playing,Xbox,2000.0,1.0592980229624185,2000s
Call of Duty: Modern Warfare,Racing,Mobile,2002.0,8.144294320954145,2000s
Genshin Impact,Fighting,Mobile,2016.0,5.687192105569324,2010s
PUBG: Battlegrounds,Racing,PC,2015.0,5.780728021858234,2010s
Dark Souls III,Simulation,Xbox,2011.0,4.020492606629118,2010s
Watch Dogs: Legion,Horror,Xbox,2011.0,7.917229071668869,2010s
Sekiro: Shadows Die Twice,Horror,Nintendo Switch,2011.0,9.775461783353162,2010s
Minecraft Dungeons,Survival,PC,2004.0,7.401541434735271,2000s
PUBG Mobile,Sports,Nintendo Switch,2022.0,8.166583875611298,2020s
Elden Ring,Racing,Mobile,2002.0,2.015179824624243,2000s
Among Us,Puzzle,PlayStation,2005.0,8.478583434803571,2000s
Hades,Racing,PC,2019.0,1.1099465237942865,2010s
Borderlands 3,Horror,Nintendo Switch,2023.0,3.6816739318817855,2020s
Control,Simulation,Xbox,2001.0,7.955080747512118,2000s
Horizon Zero Dawn,Sports,PC,2000.0,4.499417102106923,2000s
Ghost of Tsushima,Action,Xbox,2022.0,6.926475513084036,2020s
Borderlands 3,Survival,Nintendo Switch,2001.0,9.870276120158351,2000s
The Elder Scrolls V: Skyrim,Strategy,PlayStation,2021.0,1.0979427866718434,2020s
Resident Evil Village,Puzzle,PlayStation,2008.0,5.715468536720504,2000s
Ghost of Tsushima,Horror,PC,2009.0,9.000688515926017,2000s
God of War,Survival,Nintendo Switch,2010.0,3.785114395918292,2010s
FIFA 21,Shooter,PC,2006.0,6.82334157166071,2000s
Sekiro: Shadows Die Twice,Strategy,Mobile,2015.0,6.120623501781089,2010s
Red Dead Redemption 2,Adventure,Mobile,2020.0,7.511432254417061,2020s
Dark Souls III,Shooter,PC,2008.0,9.172436500092893,2000s
Resident Evil Village,Role-playing,PC,2016.0,8.93852207185158,2010s
Mass Effect Legendary Edition,Role-playing,Nintendo Switch,2000.0,9.378065693711346,2000s
The Witcher 3: Wild Hunt,Stealth,PlayStation,2007.0,8.232458142313451,2000s
God of War,Strategy,PC,2002.0,5.775887229889417,2000s
Animal Crossing: New Horizons,Fighting,PlayStation,2003.0,5.805071484979196,2000s
Halo Master Chief Collection,Sports,Nintendo Switch,2011.0,4.450781362876757,2010s
Hitman 3,Stealth,Mobile,2008.0,3.150749728967128,2000s
Tetris,Sports,Nintendo Switch,2005.0,7.102303120132218,2000s
Ghost of Tsushima,Sports,PlayStation,2005.0,4.308670637872712,2000s
Tetris,Role-playing,Nintendo Switch,2002.0,6.011898189451325,2000s
NBA 2K21,Survival,Mobile,2020.0,6.439920985214435,2020s
Fall Guys: Ultimate Knockout,Survival,Nintendo Switch,2007.0,4.907539881019838,2000s
Ghost of Tsushima,Platformer,PlayStation,2006.0,5.713057327174503,2000s
Monster Hunter: World,Action,PC,2011.0,4.438773864589663,2010s
PUBG,Fighting,Xbox,2018.0,8.674483059788901,2010s
Red Dead Redemption 2,Sports,PC,2010.0,9.05851482901214,2010s
Assassin's Creed Valhalla,Strategy,Xbox,2012.0,5.989932206871419,2010s
Call of Duty: Modern Warfare,Platformer,PlayStation,2020.0,9.163644018368457,2020s
Halo Infinite,Horror,PC,2000.0,1.5686940360001769,2000s
Forza Horizon 4,Platformer,PC,2008.0,1.858157673753637,2000s
Dark Souls III,Horror,Xbox,2013.0,5.9695974891009165,2010s
Dying Light,Role-playing,Mobile,2003.0,9.869871162116576,2000s
Ghost of Tsushima,Sports,PC,2016.0,8.908963828496146,2010s
Ghost of Tsushima,Puzzle,PlayStation,2021.0,6.570191856217535,2020s
The Sims 4,Strategy,PC,2011.0,4.92239912553093,2010s
Hades,Racing,PC,2006.0,5.429597156016522,2000s
Sekiro: Shadows Die Twice,Action,Nintendo Switch,2002.0,4.628946270462711,2000s
Sea of Thieves,Strategy,Mobile,2001.0,8.888187733377968,2000s
PUBG Mobile,Adventure,Xbox,2003.0,7.531001402329402,2000s
Monster Hunter: World,Sports,PC,2018.0,1.3439641200415902,2010s
Madden NFL 21,Action,PC,2003.0,9.242491501364496,2000s
Cyberpunk 2077,Horror,PC,2011.0,2.918692503093073,2010s
Hades,Shooter,PlayStation,2011.0,3.026347919257751,2010s
PUBG: Battlegrounds,Stealth,Mobile,2004.0,7.588967909760735,2000s
Sea of Thieves,Action,Xbox,2015.0,8.486600070132695,2010s
Red Dead Redemption 2,Role-playing,Nintendo Switch,2003.0,2.9580625041695296,2000s
Among Us,Puzzle,PC,2019.0,8.812748953747262,2010s
FIFA 21,Role-playing,Xbox,2015.0,1.6363543062475927,2010s
Halo Infinite,Adventure,Xbox,2023.0,5.219308577157744,2020s
Hitman 3,Action,PC,2020.0,4.428099939271483,2020s
Sekiro: Shadows Die Twice,Racing,Nintendo Switch,2003.0,4.656156425206186,2000s
Watch Dogs: Legion,Action,Xbox,2016.0,6.873247096729398,2010s
Halo Infinite,Adventure,Nintendo Switch,2014.0,9.541337065983107,2010s
Ghost of Tsushima,Sports,Xbox,2004.0,6.235317921649611,2000s
Death Stranding,Action,Nintendo Switch,2021.0,3.1656631897461134,2020s
Apex Legends,Horror,Xbox,2012.0,5.720018494010012,2010s
Minecraft,Horror,PlayStation,2017.0,6.510477068166328,2010s
PUBG: Battlegrounds,Sports,Nintendo Switch,2023.0,4.244820524912928,2020s
Counter-Strike: Global Offensive,Strategy,PlayStation,2021.0,4.068104079857135,2020s
Dying Light,Survival,PC,2014.0,9.921729456266654,2010s
Minecraft,Strategy,PlayStation,2021.0,3.9374393283297735,2020s
FIFA 21,Fighting,Nintendo Switch,2003.0,7.5571776667530335,2000s
Forza Horizon 4,Role-playing,PlayStation,2013.0,9.329040590381757,2010s
Dark Souls III,Survival,Xbox,2013.0,5.9964098096700775,2010s
The Elder Scrolls V: Skyrim,Fighting,Mobile,2015.0,6.950809106998716,2010s
Sekiro: Shadows Die Twice,Fighting,Nintendo Switch,2007.0,9.669186580803782,2000s
Fortnite,Racing,Xbox,2011.0,1.4567340001240674,2010s
FIFA 21,Stealth,PlayStation,2019.0,9.319639932315845,2010s
The Division 2,Survival,PlayStation,2021.0,7.929554488279273,2020s
God of War,Strategy,PC,2017.0,7.12530459412968,2010s
Fall Guys: Ultimate Knockout,Survival,Xbox,2005.0,1.1624020236037502,2000s
The Legend of Zelda: Breath of the Wild,Stealth,PlayStation,2007.0,3.9258734992823694,2000s
The Legend of Zelda: Breath of the Wild,Action,Xbox,2002.0,6.328075160380782,2000s
Dying Light,Survival,Mobile,2016.0,6.423032022959191,2010s
PUBG,Action,Xbox,2011.0,7.138536990585367,2010s
PUBG: Battlegrounds,Stealth,Mobile,2003.0,9.22791349047584,2000s
Destiny 2,Adventure,PC,2005.0,2.605699127746587,2000s
God of War,Simulation,Xbox,2020.0,2.193157991648196,2020s
PUBG,Simulation,Nintendo Switch,2008.0,6.935584146271388,2000s
Fall Guys: Ultimate Knockout,Adventure,Xbox,2006.0,6.7013281189318255,2000s
Destiny 2,Platformer,PC,2022.0,2.3902575657188456,2020s
Cyberpunk 2077,Racing,PC,2013.0,5.858496036760652,2010s
Tetris,Racing,PC,2007.0,5.612377219945644,2000s
Forza Horizon 4,Simulation,PC,2019.0,8.009370351312672,2010s
PUBG: Battlegrounds,Sports,Xbox,2009.0,5.610599010888437,2000s
Tetris,Puzzle,Mobile,2006.0,7.140744744828032,2000s
Hades,Fighting,Mobile,2005.0,8.919854650408148,2000s
Far Cry 5,Adventure,Nintendo Switch,2010.0,6.222817296455245,2010s
Resident Evil Village,Shooter,Mobile,2009.0,5.595729567121289,2000s
Super Mario Odyssey,Fighting,PC,2018.0,4.004001129424442,2010s
The Legend of Zelda: Breath of the Wild,Adventure,PlayStation,2017.0,7.051504246276649,2010s
The Sims 4,Sports,Nintendo Switch,2023.0,3.1377208395972707,2020s
Among Us,Survival,PlayStation,2023.0,4.045750484400658,2020s
Borderlands 3,Racing,PC,2019.0,4.007350203649471,2010s
Madden NFL 21,Strategy,Nintendo Switch,2014.0,9.539235124904591,2010s
Counter-Strike: Global Offensive,Adventure,PC,2012.0,7.776560292495032,2010s
Sekiro: Shadows Die Twice,Adventure,Mobile,2020.0,4.203960217525905,2020s
Tetris,Simulation,Xbox,2003.0,7.6491585414406735,2000s
FIFA 21,Strategy,PC,2019.0,6.670038959365783,2010s
The Division 2,Shooter,Mobile,2022.0,2.2519743067062152,2020s
Red Dead Redemption 2,Platformer,Mobile,2001.0,6.550296384033417,2000s
Red Dead Redemption 2,Survival,Xbox,2012.0,8.107456365843325,2010s
Cyberpunk 2077,Simulation,Mobile,2005.0,9.401426748359668,2000s
Resident Evil Village,Simulation,Xbox,2002.0,1.3451036343390794,2000s
Minecraft,Simulation,Nintendo Switch,2006.0,7.8959704686950785,2000s
NBA 2K21,Action,PC,2003.0,2.7031487237381544,2000s
The Legend of Zelda: Breath of the Wild,Puzzle,Nintendo Switch,2002.0,6.213246860000879,2000s
Halo Master Chief Collection,Strategy,Xbox,2002.0,6.415781663896707,2000s
Destiny 2,Strategy,Xbox,2023.0,1.6889635717720743,2020s
Rocket League,Shooter,PC,2011.0,7.737338957808106,2010s
Resident Evil Village,Sports,PC,2019.0,5.164480173080908,2010s
Elden Ring,Simulation,Nintendo Switch,2015.0,9.772505712046764,2010s
Minecraft Dungeons,Simulation,PlayStation,2017.0,8.124567028021708,2010s
Grand Theft Auto IV,Survival,PC,2015.0,2.035868604559975,2010s
Cyberpunk 2077,Shooter,PC,2014.0,2.933996418549253,2010s
Animal Crossing: New Horizons,Role-playing,PlayStation,2001.0,2.3958039657492822,2000s
GTA San Andreas,Horror,Xbox,2016.0,5.370325073773055,2010s
Dark Souls III,Adventure,PlayStation,2012.0,8.440861031108017,2010s
Grand Theft Auto V,Fighting,Mobile,2000.0,6.0391889483897625,2000s
The Sims 4,Simulation,Nintendo Switch,2000.0,5.117046795249134,2000s
NBA 2K21,Strategy,Mobile,2019.0,3.3941191989511226,2010s
Call of Duty: Modern Warfare,Puzzle,Mobile,2006.0,1.8679878716066465,2000s
Mass Effect Legendary Edition,Shooter,PlayStation,2011.0,2.179010957113044,2010s
Death Stranding,Shooter,Xbox,2012.0,4.022019639342352,2010s
Far Cry 5,Simulation,PlayStation,2021.0,3.2028677570024064,2020s
Assassin's Creed Valhalla,Stealth,Nintendo Switch,2014.0,5.102741377393873,2010s
God of War,Racing,PlayStation,2018.0,6.369489498539102,2010s
Elden Ring,Stealth,Nintendo Switch,2004.0,5.966841181661285,2000s
Apex Legends,Adventure,Mobile,2022.0,1.388529628619528,2020s
NBA 2K21,Strategy,PC,2011.0,3.056355603837332,2010s
Sekiro: Shadows Die Twice,Platformer,Mobile,2023.0,2.3821226207056085,2020s
Death Stranding,Stealth,Nintendo Switch,2008.0,8.930250471584866,2000s
League of Legends: Wild Rift,Platformer,Nintendo Switch,2002.0,6.357536938604709,2000s
Sekiro: Shadows Die Twice,Strategy,PC,2008.0,7.653680629136986,2000s
Genshin Impact,Shooter,Xbox,2019.0,7.809752570108448,2010s
Valorant,Adventure,PC,2014.0,4.700098649277418,2010s
Fall Guys: Ultimate Knockout,Adventure,Nintendo Switch,2004.0,2.6186531811270157,2000s
The Sims 4,Stealth,PC,2015.0,4.3485154867533335,2010s
Fall Guys: Ultimate Knockout,Platformer,Nintendo Switch,2008.0,3.5196287286637307,2000s
Dying Light,Puzzle,PC,2016.0,1.2716924868929809,2010s
GTA San Andreas,Adventure,Mobile,2004.0,1.7370436776066844,2000s
League of Legends,Shooter,PlayStation,2017.0,1.9658886187675624,2010s
Red Dead Redemption 2,Strategy,PlayStation,2007.0,1.7549239498376026,2000s
PUBG: Battlegrounds,Role-playing,PC,2002.0,4.38390921224665,2000s
Minecraft,Fighting,PlayStation,2023.0,9.831847192605492,2020s
Valorant,Sports,Nintendo Switch,2015.0,8.127488358127774,2010s
Far Cry 5,Racing,Nintendo Switch,2021.0,1.2120499631982986,2020s
Sea of Thieves,Action,Xbox,2022.0,7.94313652320029,2020s
PUBG Mobile,Platformer,Mobile,2010.0,7.986892823991391,2010s
Grand Theft Auto IV,Fighting,Xbox,2009.0,4.950962343372883,2000s
Tetris,Stealth,PlayStation,2006.0,3.0259635263560325,2000s
Dark Souls III,Role-playing,PC,2004.0,5.5426704839265,2000s
Minecraft,Horror,PlayStation,2019.0,3.71718180828384,2010s
FIFA 21,Puzzle,PC,2019.0,5.6283342732448345,2010s
The Sims 4,Strategy,PC,2003.0,4.010735973193685,2000s
Apex Legends,Platformer,Nintendo Switch,2002.0,1.8983883560158212,2000s
FIFA 21,Sports,Mobile,2021.0,7.1470006900045,2020s
Horizon Zero Dawn,Horror,PC,2012.0,5.647605339625647,2010s
Forza Horizon 4,Action,PlayStation,2002.0,1.320726955444719,2000s
Minecraft,Survival,PlayStation,2015.0,2.054386693832712,2010s
Sea of Thieves,Platformer,Mobile,2019.0,1.9717028446600904,2010s
League of Legends,Simulation,Nintendo Switch,2008.0,5.412336299104443,2000s
Counter-Strike: Global Offensive,Stealth,Mobile,2000.0,6.3511667961460505,2000s
Destiny 2,Strategy,Nintendo Switch,2021.0,6.436469138656881,2020s
Hades,Platformer,Mobile,2011.0,6.177960587462683,2010s
Monster Hunter: World,Sports,Xbox,2018.0,4.056060212747616,2010s
Dying Light,Puzzle,PC,2015.0,1.176653592135938,2010s
Minecraft Dungeons,Simulation,PC,2014.0,1.6699878739129494,2010s
Hitman 3,Platformer,Xbox,2000.0,1.523105214253071,2000s
God of War,Survival,PC,2010.0,9.319428755252815,2010s
God of War,Shooter,PC,2015.0,7.125042259754534,2010s
League of Legends,Fighting,Nintendo Switch,2013.0,8.879169798215504,2010s
Apex Legends,Horror,PC,2014.0,6.840390821950674,2010s
Dying Light,Sports,Nintendo Switch,2010.0,6.539073303024754,2010s
PUBG: Battlegrounds,Survival,PC,2010.0,1.4778875819968476,2010s
Red Dead Redemption 2,Sports,Nintendo Switch,2002.0,8.58690415545917,2000s
Sea of Thieves,Fighting,Mobile,2020.0,7.99316304031341,2020s
FIFA 21,Adventure,PC,2010.0,8.33734898047662,2010s
The Division 2,Action,Mobile,2023.0,3.653098471074968,2020s
Assassin's Creed Valhalla,Platformer,PC,2023.0,9.23230270523072,2020s
Valorant,Adventure,Nintendo Switch,2021.0,7.959470206564128,2020s
Ghost of Tsushima,Adventure,PC,2023.0,8.911898907877037,2020s
Grand Theft Auto IV,Strategy,Nintendo Switch,2012.0,7.670204131454423,2010s
Genshin Impact,Survival,PlayStation,2001.0,2.651011814846221,2000s
PUBG,Sports,PlayStation,2008.0,1.9069489528242036,2000s
Dying Light,Shooter,Xbox,2004.0,6.422050415156469,2000s
The Witcher 3: Wild Hunt,Survival,Mobile,2008.0,1.3206926441025386,2000s
Fortnite,Strategy,Xbox,2007.0,1.9375148337723167,2000s
Death Stranding,Horror,PC,2003.0,9.810365851466726,2000s
Assassin's Creed Valhalla,Puzzle,PC,2013.0,6.654985158577792,2010s
Red Dead Redemption 2,Stealth,Mobile,2012.0,6.612436745468385,2010s
Far Cry 5,Shooter,Mobile,2000.0,7.887850844793678,2000s
Dota 2,Simulation,Nintendo Switch,2011.0,7.831178459050335,2010s
Call of Duty: Modern Warfare,Role-playing,Nintendo Switch,2019.0,9.251476050739276,2010s
Among Us,Simulation,Xbox,2023.0,8.364699953086498,2020s
Death Stranding,Survival,PlayStation,2020.0,9.051761514038136,2020s
Rocket League,Platformer,PC,2014.0,2.945599513592191,2010s
Elden Ring,Survival,Xbox,2013.0,1.108909733778614,2010s
Assassin's Creed Valhalla,Survival,PlayStation,2020.0,2.418656158134437,2020s
Destiny 2,Simulation,PC,2013.0,2.393438267476806,2010s
Rocket League,Racing,Nintendo Switch,2022.0,6.329107975675072,2020s
Grand Theft Auto V,Stealth,Nintendo Switch,2013.0,1.7314116618940418,2010s
FIFA 21,Strategy,PC,2015.0,6.298776730951549,2010s
Borderlands 3,Survival,PlayStation,2014.0,8.641514355922363,2010s
Resident Evil Village,Horror,Mobile,2011.0,2.977106773154314,2010s
Far Cry 5,Adventure,Xbox,2016.0,5.758444858079159,2010s
Counter-Strike: Global Offensive,Action,Nintendo Switch,2003.0,6.711180123381187,2000s
Animal Crossing: New Horizons,Sports,Mobile,2013.0,3.1110849279810626,2010s
Far Cry 5,Role-playing,PlayStation,2003.0,9.501226777638164,2000s
Counter-Strike: Global Offensive,Simulation,Xbox,2005.0,1.7477979143738782,2000s
Horizon Zero Dawn,Shooter,Nintendo Switch,2000.0,2.2705784299946385,2000s
Halo Infinite,Fighting,Nintendo Switch,2003.0,1.713458925067502,2000s
The Division 2,Racing,PC,2019.0,2.1317422760765963,2010s
The Witcher 3: Wild Hunt,Racing,Nintendo Switch,2012.0,6.786071280234143,2010s
Genshin Impact,Shooter,Mobile,2020.0,6.548447997012919,2020s
The Witcher 3: Wild Hunt,Simulation,Xbox,2010.0,8.36275030195566,2010s
Counter-Strike: Global Offensive,Horror,Nintendo Switch,2013.0,4.329104804159222,2010s
Control,Racing,PC,2021.0,8.605398954173591,2020s
Forza Horizon 4,Survival,PC,2012.0,5.8385246704366764,2010s
Sea of Thieves,Fighting,PC,2021.0,7.900108454922967,2020s
NBA 2K21,Action,Mobile,2002.0,4.950416352580337,2000s
Halo Infinite,Racing,Mobile,2016.0,1.032274494747361,2010s
Super Mario Odyssey,Adventure,PlayStation,2001.0,8.451517313361732,2000s
Among Us,Adventure,Xbox,2004.0,6.437468293281189,2000s
Super Mario Odyssey,Puzzle,Mobile,2006.0,9.293515977503978,2000s
Call of Duty: Modern Warfare,Simulation,Nintendo Switch,2016.0,7.929958290211843,2010s
FIFA 21,Horror,PC,2010.0,2.468271364480968,2010s
Madden NFL 21,Sports,Xbox,2005.0,8.209406493801591,2000s
Far Cry 5,Strategy,Mobile,2007.0,4.072951879853813,2000s
Halo Infinite,Adventure,Nintendo Switch,2009.0,6.210642675616667,2000s
Minecraft Dungeons,Action,PlayStation,2020.0,8.544713548408708,2020s
Horizon Zero Dawn,Strategy,Mobile,2003.0,9.690714368169068,2000s
Valorant,Survival,Nintendo Switch,2005.0,7.65837308240287,2000s
God of War,Fighting,Mobile,2001.0,2.49551366866909,2000s
NBA 2K21,Role-playing,Mobile,2021.0,6.820653952915125,2020s
Hitman 3,Strategy,Xbox,2023.0,6.630009150353902,2020s
Apex Legends,Sports,PC,2007.0,9.173695418947831,2000s
Cyberpunk 2077,Survival,PC,2010.0,7.75334871963606,2010s
Counter-Strike: Global Offensive,Puzzle,PC,2011.0,2.2713475036826285,2010s
Among Us,Survival,Xbox,2011.0,6.708899111537306,2010s
Death Stranding,Simulation,PC,2012.0,2.030750343449171,2010s
God of War,Sports,PC,2000.0,5.073411543936762,2000s
Sekiro: Shadows Die Twice,Strategy,Xbox,2010.0,6.421368809245772,2010s
Minecraft,Strategy,PC,2022.0,1.4062397365553674,2020s
World of Warcraft,Strategy,Mobile,2001.0,8.07961364199386,2000s
Sea of Thieves,Survival,Mobile,2006.0,1.8600317094975551,2000s
Dota 2,Strategy,Mobile,2004.0,5.757540626674304,2000s
Call of Duty: Modern Warfare,Role-playing,Mobile,2000.0,3.5364508228609406,2000s
Red Dead Redemption 2,Platformer,PC,2016.0,7.493261676614908,2010s
The Legend of Zelda: Breath of the Wild,Strategy,PlayStation,2018.0,6.972723771167891,2010s
Minecraft,Shooter,Nintendo Switch,2016.0,2.6243735147773783,2010s
Death Stranding,Platformer,Nintendo Switch,2019.0,6.177285877278299,2010s
The Witcher 3: Wild Hunt,Sports,Nintendo Switch,2007.0,3.361814804073812,2000s
Grand Theft Auto IV,Horror,Nintendo Switch,2001.0,2.384805463407496,2000s
The Legend of Zelda: Breath of the Wild,Platformer,PC,2016.0,9.394637687936411,2010s
Sea of Thieves,Platformer,PlayStation,2020.0,7.324266313254968,2020s
Destiny 2,Action,PlayStation,2018.0,1.6028671701111945,2010s
PUBG Mobile,Sports,Nintendo Switch,2009.0,8.440936703287308,2000s
The Witcher 3: Wild Hunt,Strategy,PlayStation,2014.0,1.356332868085905,2010s
Counter-Strike: Global Offensive,Stealth,PC,2023.0,4.675768075207383,2020s
Watch Dogs: Legion,Action,Xbox,2021.0,9.245834142330049,2020s
Valorant,Adventure,Mobile,2022.0,2.9999267362040447,2020s
Cyberpunk 2077,Strategy,Xbox,2008.0,7.158728471397102,2000s
Minecraft,Simulation,Xbox,2020.0,4.889376938016898,2020s
Dying Light,Fighting,Nintendo Switch,2012.0,5.188046295289451,2010s
Mass Effect Legendary Edition,Adventure,Xbox,2014.0,4.716801778305307,2010s
Fall Guys: Ultimate Knockout,Action,PC,2010.0,9.342503873809733,2010s
Halo Infinite,Stealth,Mobile,2014.0,4.897027823226408,2010s
The Sims 4,Strategy,Mobile,2012.0,1.5301828557542612,2010s
Elden Ring,Stealth,Mobile,2022.0,8.987980592417738,2020s
The Division 2,Role-playing,Mobile,2008.0,7.960412776462332,2000s
The Legend of Zelda: Breath of the Wild,Simulation,PlayStation,2009.0,3.456282052191217,2000s
Super Mario Odyssey,Fighting,PC,2016.0,8.598821153060836,2010s
NBA 2K21,Fighting,PC,2003.0,6.389822952471271,2000s
Fortnite,Horror,Xbox,2014.0,1.3570606691928733,2010s
The Division 2,Horror,Xbox,2000.0,6.696300553446775,2000s
The Elder Scrolls V: Skyrim,Adventure,PlayStation,2015.0,2.022809974172245,2010s
PUBG,Strategy,Mobile,2021.0,8.890785173894184,2020s
Death Stranding,Puzzle,PlayStation,2022.0,9.894366068507104,2020s
Assassin's Creed Valhalla,Racing,Xbox,2018.0,9.281349377255465,2010s
Watch Dogs: Legion,Sports,Xbox,2011.0,7.968504787978156,2010s
Mass Effect Legendary Edition,Platformer,PlayStation,2018.0,7.834283732034613,2010s
World of Warcraft,Racing,Nintendo Switch,2005.0,8.258124405482814,2000s
Overwatch,Simulation,Nintendo Switch,2014.0,1.224265925239987,2010s
Resident Evil Village,Platformer,PlayStation,2023.0,3.882138535930356,2020s
Halo Master Chief Collection,Racing,Mobile,2009.0,9.703957518009476,2000s
Mass Effect Legendary Edition,Role-playing,Mobile,2021.0,3.926566051742496,2020s
Mass Effect Legendary Edition,Action,PC,2023.0,7.178165115494957,2020s
The Elder Scrolls V: Skyrim,Racing,Mobile,2017.0,8.51347247992872,2010s
Call of Duty: Modern Warfare,Platformer,Xbox,2010.0,6.427158739373379,2010s
Hitman 3,Shooter,PC,2017.0,6.614413751786124,2010s
Genshin Impact,Strategy,Xbox,2005.0,2.907632361634816,2000s
Valorant,Action,PlayStation,2022.0,8.146139073626028,2020s
Rocket League,Platformer,Mobile,2001.0,7.250411111793441,2000s
Ghost of Tsushima,Simulation,Mobile,2008.0,7.338279121990721,2000s
Tetris,Racing,Nintendo Switch,2014.0,6.107289427557618,2010s
Borderlands 3,Shooter,PlayStation,2015.0,5.699937893996046,2010s
Far Cry 5,Sports,Xbox,2013.0,3.982731967202716,2010s
Dota 2,Action,Nintendo Switch,2006.0,8.219209485614162,2000s
Resident Evil Village,Adventure,Mobile,2013.0,2.3773252072086306,2010s
Super Mario Odyssey,Stealth,Mobile,2002.0,4.578755768790357,2000s
Grand Theft Auto IV,Shooter,Nintendo Switch,2005.0,2.0992676498554186,2000s
League of Legends: Wild Rift,Platformer,Xbox,2015.0,4.901623457435112,2010s
Elden Ring,Simulation,Mobile,2012.0,9.423927033168365,2010s
League of Legends,Shooter,Nintendo Switch,2011.0,4.395133174613814,2010s
League of Legends: Wild Rift,Puzzle,Mobile,2010.0,9.657392381421085,2010s
NBA 2K21,Adventure,PC,2023.0,4.333730840870423,2020s
Rocket League,Puzzle,Nintendo Switch,2013.0,9.567104855016265,2010s
Tetris,Platformer,PlayStation,2011.0,8.222155591993495,2010s
Minecraft Dungeons,Horror,Mobile,2022.0,9.929234337102177,2020s
Sekiro: Shadows Die Twice,Adventure,Nintendo Switch,2002.0,3.2040883452219653,2000s
Genshin Impact,Action,PlayStation,2010.0,3.833524897525044,2010s
Genshin Impact,Survival,PlayStation,2004.0,2.3597466388496318,2000s
Minecraft Dungeons,Stealth,PC,2011.0,7.649245245545838,2010s
NBA 2K21,Shooter,PlayStation,2010.0,9.072817861571089,2010s
Elden Ring,Horror,Xbox,2000.0,7.4709318742419555,2000s
The Division 2,Simulation,Xbox,2016.0,6.439610722104542,2010s
The Witcher 3: Wild Hunt,Strategy,Nintendo Switch,2015.0,7.407307846433482,2010s
Super Mario Odyssey,Role-playing,Xbox,2022.0,3.859329408911892,2020s
Watch Dogs: Legion,Shooter,PlayStation,2019.0,9.630337148535752,2010s
Sekiro: Shadows Die Twice,Puzzle,Mobile,2003.0,5.811148468111027,2000s
Sea of Thieves,Sports,PC,2013.0,1.306772250190779,2010s
World of Warcraft,Role-playing,Nintendo Switch,2019.0,7.532320619071661,2010s
Resident Evil Village,Horror,PlayStation,2012.0,9.480162399339658,2010s
Mass Effect Legendary Edition,Sports,Xbox,2018.0,1.466617652535012,2010s
Watch Dogs: Legion,Shooter,Mobile,2013.0,2.830408498894851,2010s
Sea of Thieves,Platformer,Mobile,2001.0,1.4207026220727532,2000s
Death Stranding,Sports,Mobile,2018.0,9.159696872324185,2010s
The Sims 4,Adventure,Xbox,2023.0,8.050841135356567,2020s
NBA 2K21,Survival,PC,2000.0,7.790371344849763,2000s
Fall Guys: Ultimate Knockout,Puzzle,PC,2021.0,5.341326949710084,2020s
The Division 2,Shooter,Nintendo Switch,2010.0,6.831630091887229,2010s
Valorant,Sports,Mobile,2013.0,9.443074111013669,2010s
NBA 2K21,Adventure,PC,2023.0,5.152551547182572,2020s
Among Us,Role-playing,PC,2021.0,2.751313698012252,2020s
Halo Master Chief Collection,Survival,Mobile,2023.0,1.4559578310878476,2020s
Madden NFL 21,Shooter,PlayStation,2000.0,2.5170628551270204,2000s
Borderlands 3,Stealth,PlayStation,2001.0,4.167614206147097,2000s
GTA San Andreas,Sports,Mobile,2004.0,2.506756512093194,2000s
Ghost of Tsushima,Survival,PlayStation,2019.0,9.849529853632314,2010s
Grand Theft Auto V,Simulation,PC,2001.0,6.3729241555657765,2000s
Dark Souls III,Stealth,PlayStation,2014.0,8.44999828032425,2010s
Minecraft Dungeons,Sports,PC,2013.0,8.476887730681472,2010s
Far Cry 5,Role-playing,Xbox,2002.0,9.066544510974264,2000s
God of War,Stealth,Mobile,2014.0,1.4086667779922308,2010s
Control,Sports,Nintendo Switch,2015.0,6.930916100458972,2010s
Death Stranding,Platformer,Mobile,2016.0,7.490745525697053,2010s
Assassin's Creed Valhalla,Sports,Xbox,2009.0,9.620203922408296,2000s
PUBG: Battlegrounds,Puzzle,Nintendo Switch,2015.0,5.808067012730136,2010s
Sekiro: Shadows Die Twice,Adventure,Mobile,2023.0,6.701676096640782,2020s
Grand Theft Auto IV,Action,PC,2012.0,8.282758398743107,2010s
Counter-Strike: Global Offensive,Horror,Mobile,2017.0,2.008766339329872,2010s
Sekiro: Shadows Die Twice,Racing,PlayStation,2022.0,4.46977725855435,2020s
God of War,Survival,Nintendo Switch,2004.0,7.177705184122761,2000s
Rocket League,Survival,Mobile,2023.0,2.231076741587495,2020s
Resident Evil Village,Role-playing,PC,2019.0,9.082836388578286,2010s
Super Mario Odyssey,Sports,Mobile,2021.0,6.745606147369058,2020s
Borderlands 3,Adventure,PC,2010.0,3.139707808866236,2010s
Horizon Zero Dawn,Racing,PC,2003.0,4.424593766893006,2000s
Sekiro: Shadows Die Twice,Adventure,PC,2021.0,7.009667351233914,2020s
Apex Legends,Racing,PlayStation,2017.0,1.4125864712915708,2010s
Elden Ring,Stealth,Xbox,2004.0,1.6954103150809456,2000s
Elden Ring,Role-playing,Xbox,2015.0,7.570831020129789,2010s
Hades,Racing,Xbox,2018.0,3.971324732504756,2010s
The Division 2,Role-playing,Mobile,2012.0,2.697948043491168,2010s
Assassin's Creed Valhalla,Simulation,PC,2005.0,3.494828801341233,2000s
Death Stranding,Shooter,PC,2012.0,2.18486990696872,2010s
PUBG Mobile,Horror,Xbox,2016.0,2.6292515941835157,2010s
Grand Theft Auto IV,Racing,PlayStation,2017.0,5.862899941117299,2010s
NBA 2K21,Shooter,Nintendo Switch,2000.0,2.728786132569411,2000s
The Sims 4,Horror,PlayStation,2022.0,3.6791292019474544,2020s
Cyberpunk 2077,Horror,Mobile,2010.0,1.654910035234637,2010s
FIFA 21,Sports,PC,2012.0,1.9763923497534093,2010s
Animal Crossing: New Horizons,Racing,PlayStation,2023.0,4.302309121204338,2020s
Cyberpunk 2077,Puzzle,Nintendo Switch,2002.0,5.297030879121055,2000s
Forza Horizon 4,Role-playing,PC,2020.0,1.0176691998226266,2020s
Elden Ring,Racing,Mobile,2007.0,1.1587638554166548,2000s
Fortnite,Strategy,PC,2021.0,1.2137503875555802,2020s
Halo Master Chief Collection,Survival,Xbox,2013.0,7.90148528024806,2010s
Hitman 3,Shooter,Mobile,2010.0,5.730561633730675,2010s
League of Legends: Wild Rift,Stealth,Mobile,2009.0,7.182956562056914,2000s
Ghost of Tsushima,Adventure,PC,2001.0,7.112690960784924,2000s
Among Us,Survival,Nintendo Switch,2016.0,7.672930472195432,2010s
Minecraft,Racing,PC,2015.0,2.564943857164104,2010s
Call of Duty: Modern Warfare,Stealth,Nintendo Switch,2011.0,9.714763139981644,2010s
Borderlands 3,Adventure,Mobile,2020.0,6.664294686867732,2020s
Halo Infinite,Racing,Xbox,2008.0,8.483375098648297,2000s
Sekiro: Shadows Die Twice,Platformer,PlayStation,2009.0,2.7355005349881454,2000s
Apex Legends,Adventure,Nintendo Switch,2023.0,8.123508521343215,2020s
Mass Effect Legendary Edition,Strategy,Mobile,2006.0,9.259430827917534,2000s
Genshin Impact,Puzzle,Xbox,2000.0,2.1865384766923825,2000s
Far Cry 5,Fighting,PlayStation,2017.0,7.066853472447855,2010s
The Elder Scrolls V: Skyrim,Puzzle,Xbox,2023.0,4.1019629109567,2020s
Halo Master Chief Collection,Sports,Mobile,2006.0,3.3578846805702898,2000s
Forza Horizon 4,Strategy,Mobile,2007.0,2.2579232791983985,2000s
Dark Souls III,Horror,PlayStation,2017.0,7.54217502544842,2010s
Genshin Impact,Platformer,Mobile,2010.0,6.133971136125398,2010s
Call of Duty: Modern Warfare,Strategy,Mobile,2000.0,6.82710656724672,2000s
Horizon Zero Dawn,Racing,Mobile,2023.0,1.6999064781305289,2020s
The Witcher 3: Wild Hunt,Fighting,PlayStation,2004.0,1.2230981770026863,2000s
Monster Hunter: World,Fighting,Nintendo Switch,2001.0,7.933061462584964,2000s
Death Stranding,Adventure,Xbox,2020.0,7.261504120253242,2020s
Fall Guys: Ultimate Knockout,Stealth,Nintendo Switch,2015.0,3.168297456317628,2010s
Animal Crossing: New Horizons,Puzzle,Mobile,2021.0,9.428913455228106,2020s
Borderlands 3,Racing,Mobile,2011.0,2.169510706751828,2010s
League of Legends,Fighting,Xbox,2019.0,3.948722143394064,2010s
Dota 2,Adventure,Mobile,2003.0,3.84526511698851,2000s
The Witcher 3: Wild Hunt,Sports,Xbox,2019.0,2.8478895056087987,2010s
Control,Role-playing,Xbox,2011.0,1.9952166466587704,2010s
Elden Ring,Stealth,Nintendo Switch,2016.0,2.427695113761746,2010s
FIFA 21,Horror,Nintendo Switch,2021.0,3.575211391825778,2020s
World of Warcraft,Sports,PlayStation,2006.0,1.2714942032234453,2000s
Genshin Impact,Horror,PC,2016.0,8.102140607087637,2010s
Cyberpunk 2077,Sports,PC,2011.0,6.165959240154711,2010s
PUBG: Battlegrounds,Sports,PC,2023.0,1.819089811549605,2020s
Cyberpunk 2077,Strategy,Xbox,2001.0,7.092426004779657,2000s
Apex Legends,Shooter,PlayStation,2003.0,7.0107522217110265,2000s
Destiny 2,Racing,PlayStation,2010.0,3.3468482442801464,2010s
Animal Crossing: New Horizons,Stealth,Xbox,2023.0,1.4485840667814576,2020s
Call of Duty: Modern Warfare,Puzzle,Nintendo Switch,2002.0,5.957072375490399,2000s
Far Cry 5,Adventure,Mobile,2014.0,5.360543450445557,2010s
Mass Effect Legendary Edition,Role-playing,PlayStation,2017.0,3.704521554482296,2010s
Fall Guys: Ultimate Knockout,Adventure,Xbox,2001.0,7.515327641213693,2000s
Cyberpunk 2077,Stealth,PlayStation,2018.0,7.730377146009404,2010s
Watch Dogs: Legion,Adventure,Xbox,2003.0,5.303280597997116,2000s
PUBG,Strategy,Nintendo Switch,2020.0,4.630411546251279,2020s
Grand Theft Auto IV,Adventure,Xbox,2008.0,5.976061366887306,2000s
Sea of Thieves,Puzzle,PC,2000.0,5.095845863959889,2000s
Sea of Thieves,Sports,Mobile,2001.0,9.031875513746668,2000s
Watch Dogs: Legion,Simulation,Nintendo Switch,2018.0,6.55362959917157,2010s
The Division 2,Racing,Xbox,2001.0,3.4670446612879635,2000s
GTA San Andreas,Fighting,Nintendo Switch,2000.0,1.732087293266222,2000s
Animal Crossing: New Horizons,Role-playing,Mobile,2010.0,4.126744737987799,2010s
Halo Master Chief Collection,Simulation,Xbox,2016.0,9.776365339102052,2010s
Resident Evil Village,Simulation,Nintendo Switch,2003.0,8.627024818420896,2000s
Madden NFL 21,Strategy,PlayStation,2003.0,1.5902313501037098,2000s
League of Legends: Wild Rift,Simulation,Xbox,2007.0,3.4939290196860835,2000s
Mass Effect Legendary Edition,Platformer,Xbox,2020.0,5.35828737013177,2020s
Resident Evil Village,Survival,PC,2003.0,4.141701361301914,2000s
Sekiro: Shadows Die Twice,Shooter,Mobile,2010.0,1.4697006412794011,2010s
Hades,Platformer,Mobile,2008.0,7.72132763951027,2000s
Hitman 3,Horror,Nintendo Switch,2016.0,3.919529994328395,2010s
Grand Theft Auto IV,Simulation,Nintendo Switch,2020.0,4.278686641134889,2020s
FIFA 21,Fighting,Nintendo Switch,2021.0,2.660381819169233,2020s
PUBG,Stealth,Mobile,2012.0,1.1744329051848514,2010s
The Sims 4,Sports,PlayStation,2015.0,8.149730813803657,2010s
Madden NFL 21,Puzzle,PC,2004.0,4.2062504524634505,2000s
PUBG: Battlegrounds,Action,PlayStation,2011.0,7.864679716536902,2010s
Grand Theft Auto IV,Racing,PlayStation,2010.0,4.875836350553007,2010s
Genshin Impact,Simulation,PlayStation,2002.0,3.284291210548791,2000s
Elden Ring,Action,Nintendo Switch,2004.0,7.639987155569863,2000s
Monster Hunter: World,Adventure,Mobile,2010.0,6.971823853379327,2010s
Counter-Strike: Global Offensive,Survival,Xbox,2011.0,7.418591148169903,2010s
Monster Hunter: World,Horror,PlayStation,2002.0,8.688968293442983,2000s
Overwatch,Action,Nintendo Switch,2011.0,2.6510303482881663,2010s
Hades,Survival,PlayStation,2006.0,4.463703604775912,2000s
The Witcher 3: Wild Hunt,Role-playing,PC,2001.0,1.1064413276766023,2000s
Dark Souls III,Simulation,PlayStation,2003.0,7.724530530384619,2000s
Monster Hunter: World,Role-playing,PlayStation,2004.0,3.840676469141317,2000s
PUBG: Battlegrounds,Action,Mobile,2021.0,3.370487217550972,2020s
Horizon Zero Dawn,Role-playing,Mobile,2000.0,5.161480641314199,2000s
Fortnite,Puzzle,Mobile,2007.0,7.0911297338836325,2000s
League of Legends,Puzzle,Xbox,2001.0,2.0441107886642405,2000s
Forza Horizon 4,Simulation,Mobile,2014.0,9.934953082213775,2010s
Elden Ring,Simulation,Mobile,2003.0,4.799985841829978,2000s
Apex Legends,Platformer,PC,2004.0,8.629922106059455,2000s
The Sims 4,Stealth,PlayStation,2013.0,2.7160862908260457,2010s
Among Us,Stealth,Mobile,2000.0,5.981659957223511,2000s
Grand Theft Auto V,Fighting,Nintendo Switch,2023.0,9.42058014489279,2020s
Super Mario Odyssey,Adventure,Nintendo Switch,2023.0,4.739717327240767,2020s
Apex Legends,Strategy,PlayStation,2018.0,6.419325929546537,2010s
Minecraft,Racing,Nintendo Switch,2010.0,8.878571105046971,2010s
Forza Horizon 4,Sports,PC,2011.0,8.127858027796892,2010s
The Sims 4,Survival,Xbox,2004.0,5.157579057287369,2000s
God of War,Sports,PlayStation,2012.0,6.835814045927721,2010s
Fortnite,Shooter,Nintendo Switch,2007.0,2.1724317218485085,2000s
Horizon Zero Dawn,Shooter,PlayStation,2012.0,1.9879593516780156,2010s
PUBG Mobile,Puzzle,Xbox,2018.0,5.77803719649139,2010s
Destiny 2,Fighting,Xbox,2003.0,4.559101622566634,2000s
PUBG,Survival,Xbox,2000.0,6.856489285194226,2000s
PUBG,Stealth,PlayStation,2005.0,4.458369686479154,2000s
The Division 2,Shooter,PlayStation,2014.0,1.5034799432696395,2010s
Control,Stealth,PlayStation,2000.0,9.9931941966884,2000s
Dying Light,Racing,Xbox,2021.0,1.960221376593369,2020s
League of Legends: Wild Rift,Adventure,PC,2015.0,9.029616478679143,2010s
FIFA 21,Role-playing,Nintendo Switch,2001.0,4.351091709643068,2000s
Monster Hunter: World,Adventure,PlayStation,2014.0,9.17834247154996,2010s
FIFA 21,Survival,Mobile,2018.0,4.131265260989474,2010s
Hitman 3,Sports,PlayStation,2012.0,1.465956870866245,2010s
Minecraft Dungeons,Survival,PC,2001.0,7.335345909081791,2000s
Fortnite,Role-playing,PlayStation,2013.0,4.66500091868159,2010s
The Elder Scrolls V: Skyrim,Platformer,PC,2000.0,1.6971155709748849,2000s
Halo Master Chief Collection,Role-playing,Mobile,2004.0,9.281982532742076,2000s
God of War,Survival,PlayStation,2010.0,2.1780855423738408,2010s
Apex Legends,Platformer,Mobile,2013.0,7.878137293726539,2010s
Halo Infinite,Racing,PC,2019.0,2.0080079564592634,2010s
Call of Duty: Modern Warfare,Role-playing,PlayStation,2023.0,7.431642669137789,2020s
Resident Evil Village,Survival,Xbox,2016.0,3.6424590787447233,2010s
Tetris,Stealth,Nintendo Switch,2014.0,5.103852556773119,2010s
Halo Master Chief Collection,Platformer,PC,2021.0,1.3532387094395055,2020s
League of Legends,Horror,Mobile,2006.0,9.737597604428224,2000s
PUBG: Battlegrounds,Platformer,PlayStation,2023.0,9.39479511010724,2020s
Super Mario Odyssey,Role-playing,Mobile,2016.0,4.936673776468688,2010s
Halo Master Chief Collection,Role-playing,Xbox,2011.0,8.646347698935774,2010s
GTA San Andreas,Action,Xbox,2000.0,3.944523951694609,2000s
Horizon Zero Dawn,Adventure,Xbox,2013.0,1.7763625923116837,2010s
Animal Crossing: New Horizons,Simulation,Nintendo Switch,2020.0,5.076108601909489,2020s
Grand Theft Auto V,Strategy,Nintendo Switch,2014.0,3.3436680852222698,2010s
NBA 2K21,Platformer,Mobile,2018.0,2.287157428057342,2010s
FIFA 21,Platformer,Xbox,2002.0,6.640586893790207,2000s
The Division 2,Shooter,Nintendo Switch,2002.0,5.004444156967662,2000s
PUBG,Shooter,Xbox,2001.0,4.548192741063238,2000s
Destiny 2,Shooter,Xbox,2016.0,4.915018353475107,2010s
The Sims 4,Action,Xbox,2022.0,9.611027962956577,2020s
Hitman 3,Stealth,PC,2022.0,7.034013051904632,2020s
Borderlands 3,Simulation,Nintendo Switch,2001.0,6.437727599231858,2000s
Cyberpunk 2077,Role-playing,Nintendo Switch,2017.0,9.55868795914422,2010s
Horizon Zero Dawn,Puzzle,PC,2023.0,6.930850203711183,2020s
Dying Light,Fighting,Nintendo Switch,2010.0,2.560296523172659,2010s
FIFA 21,Horror,PC,2017.0,1.796667228075984,2010s
Dark Souls III,Stealth,PC,2018.0,8.572734899300388,2010s
The Elder Scrolls V: Skyrim,Racing,PC,2014.0,9.625036990840927,2010s
Assassin's Creed Valhalla,Simulation,Nintendo Switch,2010.0,5.431297672525005,2010s
Fall Guys: Ultimate Knockout,Racing,Mobile,2004.0,2.3678384002626376,2000s
The Witcher 3: Wild Hunt,Shooter,PlayStation,2020.0,7.583289643506312,2020s
Watch Dogs: Legion,Strategy,PlayStation,2009.0,7.475176479808851,2000s
FIFA 21,Survival,PlayStation,2008.0,9.658561337681098,2000s
Elden Ring,Action,Xbox,2014.0,7.218621924707764,2010s
Grand Theft Auto IV,Sports,Mobile,2013.0,3.677980742176557,2010s
Sea of Thieves,Shooter,Xbox,2002.0,1.7610977555600082,2000s
Among Us,Racing,PlayStation,2000.0,3.131715460166146,2000s
Genshin Impact,Puzzle,PC,2007.0,4.304011843658175,2000s
Destiny 2,Racing,Mobile,2011.0,6.8479751769579655,2010s
Madden NFL 21,Racing,Mobile,2006.0,4.231876096071619,2000s
Animal Crossing: New Horizons,Action,Nintendo Switch,2014.0,8.21873664790914,2010s
FIFA 21,Platformer,PC,2014.0,6.448737025385707,2010s
The Legend of Zelda: Breath of the Wild,Horror,PC,2000.0,8.363340219120229,2000s
Grand Theft Auto V,Role-playing,Xbox,2008.0,3.0982204290421387,2000s
Cyberpunk 2077,Racing,Nintendo Switch,2015.0,3.790681333819663,2010s
Dota 2,Racing,PC,2021.0,1.22583439705849,2020s
Monster Hunter: World,Action,Xbox,2009.0,4.535853876157903,2000s
Counter-Strike: Global Offensive,Adventure,PlayStation,2019.0,9.465062078601218,2010s
Assassin's Creed Valhalla,Role-playing,PC,2011.0,7.285848255833748,2010s
League of Legends,Strategy,Xbox,2020.0,1.1328199661720777,2020s
Destiny 2,Sports,PC,2017.0,9.844574455180272,2010s
Apex Legends,Strategy,Nintendo Switch,2007.0,7.279555243857932,2000s
GTA San Andreas,Horror,Mobile,2003.0,9.136519617917608,2000s
Borderlands 3,Role-playing,PC,2003.0,5.227142925369223,2000s
Minecraft,Action,PlayStation,2022.0,1.815414394660258,2020s
NBA 2K21,Role-playing,Mobile,2008.0,8.505073976959054,2000s
Elden Ring,Adventure,Nintendo Switch,2007.0,4.741190300718149,2000s
Minecraft,Fighting,PlayStation,2020.0,2.549954956095437,2020s
Apex Legends,Action,PlayStation,2017.0,4.163935707254623,2010s
Horizon Zero Dawn,Action,Xbox,2001.0,4.492026429373864,2000s
Assassin's Creed Valhalla,Strategy,PC,2000.0,4.07604096493449,2000s
Cyberpunk 2077,Puzzle,Nintendo Switch,2015.0,3.0646491602161423,2010s
Animal Crossing: New Horizons,Fighting,Mobile,2001.0,3.945310292142453,2000s
World of Warcraft,Sports,Nintendo Switch,2018.0,4.257130603147775,2010s
Genshin Impact,Stealth,PC,2017.0,1.622484191188749,2010s
Grand Theft Auto V,Shooter,Mobile,2017.0,6.0005466569010295,2010s
Sea of Thieves,Shooter,PC,2004.0,4.031255903381748,2000s
PUBG,Action,Mobile,2005.0,9.88196552560351,2000s
Counter-Strike: Global Offensive,Sports,Xbox,2007.0,9.224479893842451,2000s
Ghost of Tsushima,Stealth,Nintendo Switch,2010.0,1.0788321535409804,2010s
Watch Dogs: Legion,Horror,PC,2003.0,2.4661356504639755,2000s
Watch Dogs: Legion,Role-playing,Xbox,2001.0,3.565630852454941,2000s
Minecraft,Role-playing,Mobile,2009.0,1.1149790899949616,2000s
Fortnite,Fighting,Mobile,2007.0,1.8932893316751465,2000s
Dota 2,Role-playing,Nintendo Switch,2000.0,3.7237818294064295,2000s
League of Legends: Wild Rift,Stealth,Xbox,2022.0,3.375352884140771,2020s
Watch Dogs: Legion,Survival,Xbox,2008.0,4.386196961514255,2000s
NBA 2K21,Stealth,Mobile,2023.0,5.513398084425793,2020s
The Sims 4,Puzzle,Xbox,2014.0,4.904049348564046,2010s
Far Cry 5,Platformer,Nintendo Switch,2005.0,4.827538797773872,2000s
Tetris,Platformer,Mobile,2010.0,2.1197483069846457,2010s
Hitman 3,Strategy,Nintendo Switch,2002.0,1.0981635364351012,2000s
The Division 2,Strategy,Nintendo Switch,2000.0,4.093309813452878,2000s
Hitman 3,Survival,Nintendo Switch,2008.0,6.028742423621447,2000s
World of Warcraft,Survival,Xbox,2017.0,8.693139009691615,2010s
Death Stranding,Fighting,PC,2012.0,7.557290778587975,2010s
Control,Role-playing,Mobile,2010.0,3.0230491750031683,2010s
Super Mario Odyssey,Action,Nintendo Switch,2000.0,8.98995099323828,2000s
Death Stranding,Fighting,Xbox,2007.0,7.869549893351968,2000s
Mass Effect Legendary Edition,Action,PC,2021.0,8.12968053612811,2020s
FIFA 21,Horror,Mobile,2020.0,4.040394114121317,2020s
Horizon Zero Dawn,Adventure,Nintendo Switch,2023.0,8.9316441265212,2020s
Dark Souls III,Horror,PC,2006.0,9.007260895817868,2000s
GTA San Andreas,Strategy,PC,2015.0,3.1665075227709,2010s
Grand Theft Auto IV,Racing,Nintendo Switch,2017.0,8.666710822800027,2010s
Dark Souls III,Platformer,Nintendo Switch,2001.0,1.435687768754847,2000s
The Legend of Zelda: Breath of the Wild,Sports,PlayStation,2002.0,4.4651691459558425,2000s
Far Cry 5,Survival,PC,2003.0,5.740852409627829,2000s
Apex Legends,Racing,PlayStation,2013.0,2.0337114489375625,2010s
Horizon Zero Dawn,Shooter,PC,2008.0,3.900624128232205,2000s
Red Dead Redemption 2,Role-playing,Nintendo Switch,2006.0,3.7896479269462864,2000s
Halo Infinite,Action,Nintendo Switch,2020.0,5.192439927644079,2020s
The Division 2,Horror,Mobile,2021.0,7.718881020181618,2020s
Animal Crossing: New Horizons,Strategy,PlayStation,2000.0,6.221535815167343,2000s
Valorant,Puzzle,Xbox,2014.0,2.2063145302715927,2010s
The Division 2,Sports,Nintendo Switch,2022.0,7.702987264707755,2020s
World of Warcraft,Role-playing,Xbox,2018.0,5.241278791021276,2010s
Tetris,Simulation,PC,2019.0,2.19811577119198,2010s
PUBG Mobile,Puzzle,Xbox,2006.0,8.746523152633937,2000s
Forza Horizon 4,Survival,Nintendo Switch,2010.0,7.438486774443677,2010s
The Sims 4,Simulation,PC,2023.0,4.423502186232046,2020s
Call of Duty: Modern Warfare,Adventure,Mobile,2023.0,8.988319458678372,2020s
Watch Dogs: Legion,Horror,Nintendo Switch,2000.0,2.230221382773512,2000s
Borderlands 3,Horror,PC,2013.0,7.537984057755525,2010s
Fortnite,Stealth,Xbox,2019.0,1.3811340774796168,2010s
Elden Ring,Platformer,PC,2002.0,6.759256268453402,2000s
Cyberpunk 2077,Simulation,PlayStation,2023.0,8.766126567246168,2020s
Fortnite,Role-playing,Xbox,2015.0,9.770035276992886,2010s
Tetris,Puzzle,PlayStation,2011.0,3.559299065990293,2010s
Dark Souls III,Adventure,Nintendo Switch,2000.0,6.57768650834613,2000s
Destiny 2,Survival,PlayStation,2003.0,9.710068469237378,2000s
Minecraft Dungeons,Simulation,Nintendo Switch,2019.0,6.921112221643524,2010s
Dying Light,Shooter,Nintendo Switch,2000.0,1.087444131091957,2000s
League of Legends: Wild Rift,Racing,PlayStation,2002.0,2.519384290542348,2000s
Super Mario Odyssey,Puzzle,PlayStation,2015.0,4.512538075539607,2010s
The Legend of Zelda: Breath of the Wild,Horror,Xbox,2003.0,5.132560102692709,2000s
Hades,Simulation,Nintendo Switch,2013.0,5.702001794255781,2010s
League of Legends: Wild Rift,Strategy,PlayStation,2009.0,6.709151120443166,2000s
Genshin Impact,Puzzle,Nintendo Switch,2018.0,3.8285871631134567,2010s
Minecraft,Horror,PC,2016.0,2.2680737115287117,2010s
Halo Infinite,Role-playing,Xbox,2008.0,2.8121615472437176,2000s
Far Cry 5,Racing,PlayStation,2019.0,2.6476450742059203,2010s
Control,Sports,Mobile,2022.0,9.385775850742794,2020s
Monster Hunter: World,Shooter,Nintendo Switch,2014.0,6.893321186769958,2010s
God of War,Sports,Xbox,2004.0,5.161030044152719,2000s
Super Mario Odyssey,Survival,PlayStation,2018.0,6.802249981168266,2010s
The Legend of Zelda: Breath of the Wild,Puzzle,PlayStation,2009.0,2.108110239921844,2000s
Grand Theft Auto IV,Horror,Nintendo Switch,2004.0,1.2825485842519666,2000s
Mass Effect Legendary Edition,Horror,PlayStation,2001.0,8.369717209336734,2000s
Genshin Impact,Action,PlayStation,2017.0,7.98579949921686,2010s
Hitman 3,Horror,Xbox,2008.0,4.315287777611677,2000s
Watch Dogs: Legion,Action,Mobile,2010.0,3.1631727287276634,2010s
Halo Master Chief Collection,Adventure,PlayStation,2021.0,2.493642048764567,2020s
Madden NFL 21,Role-playing,Xbox,2001.0,3.451877670516957,2000s
Apex Legends,Role-playing,Nintendo Switch,2010.0,8.162526222857956,2010s
Dying Light,Fighting,Xbox,2015.0,9.431590724955162,2010s
Fortnite,Strategy,Nintendo Switch,2021.0,9.544678506445752,2020s
Horizon Zero Dawn,Survival,Mobile,2019.0,5.111036310193393,2010s
Assassin's Creed Valhalla,Shooter,PlayStation,2014.0,9.909501550062148,2010s
Halo Infinite,Adventure,PC,2016.0,2.6390683798176373,2010s
Red Dead Redemption 2,Strategy,PC,2000.0,4.91704640725937,2000s
Fortnite,Platformer,Xbox,2021.0,4.701627764509322,2020s
Call of Duty: Modern Warfare,Action,PC,2005.0,9.792331425698151,2000s
Call of Duty: Modern Warfare,Stealth,Mobile,2008.0,4.929011992301945,2000s
Control,Adventure,Nintendo Switch,2005.0,6.373482091290068,2000s
Control,Simulation,Mobile,2009.0,4.411928344895861,2000s
League of Legends: Wild Rift,Racing,Mobile,2002.0,4.1470433596775145,2000s
GTA San Andreas,Role-playing,Xbox,2003.0,6.921248271301928,2000s
FIFA 21,Adventure,PlayStation,2000.0,1.1946135795274364,2000s
Among Us,Puzzle,Xbox,2022.0,9.441824626301797,2020s
Call of Duty: Modern Warfare,Action,Nintendo Switch,2021.0,1.4793925061392632,2020s
The Witcher 3: Wild Hunt,Racing,Nintendo Switch,2003.0,2.5950321852176086,2000s
PUBG,Survival,Nintendo Switch,2017.0,4.4685258789798485,2010s
Ghost of Tsushima,Puzzle,PlayStation,2000.0,9.262760700893342,2000s
Dying Light,Adventure,Mobile,2014.0,9.897799677336078,2010s
Sekiro: Shadows Die Twice,Platformer,Mobile,2000.0,5.298518944808259,2000s
The Elder Scrolls V: Skyrim,Sports,Nintendo Switch,2005.0,2.6926743194616485,2000s
Minecraft Dungeons,Simulation,PlayStation,2011.0,3.216825790067404,2010s
Resident Evil Village,Survival,Nintendo Switch,2000.0,9.87526390982825,2000s
Overwatch,Survival,PC,2007.0,4.033883449297553,2000s
The Legend of Zelda: Breath of the Wild,Adventure,PC,2013.0,7.474364107475576,2010s
Resident Evil Village,Platformer,Mobile,2020.0,7.513947642838028,2020s
Death Stranding,Horror,Xbox,2008.0,2.0468740994503207,2000s
Grand Theft Auto V,Survival,Xbox,2019.0,9.641928596667364,2010s
Resident Evil Village,Shooter,PlayStation,2003.0,1.020545387594582,2000s
Call of Duty: Modern Warfare,Simulation,Mobile,2011.0,6.901599644549179,2010s
Minecraft,Sports,Xbox,2004.0,2.647355661027124,2000s
Genshin Impact,Puzzle,PlayStation,2010.0,8.272726007275207,2010s
Fortnite,Racing,Nintendo Switch,2005.0,8.791935893429654,2000s
Sekiro: Shadows Die Twice,Role-playing,PlayStation,2011.0,8.961361232781215,2010s
Tetris,Horror,Mobile,2017.0,9.738066795664247,2010s
Cyberpunk 2077,Fighting,Xbox,2017.0,4.1909336434673286,2010s
Halo Infinite,Adventure,Nintendo Switch,2006.0,5.993768958187362,2000s
Fortnite,Fighting,PlayStation,2005.0,1.79804414473289,2000s
Rocket League,Platformer,PC,2021.0,3.003097114520431,2020s
PUBG,Fighting,Nintendo Switch,2001.0,5.142902416875486,2000s
The Legend of Zelda: Breath of the Wild,Racing,PlayStation,2021.0,8.445306903955023,2020s
Hades,Platformer,PlayStation,2022.0,1.0887720488954231,2020s
Watch Dogs: Legion,Strategy,Xbox,2000.0,3.261220947385964,2000s
Hades,Simulation,Nintendo Switch,2006.0,8.778184601411478,2000s
Rocket League,Stealth,Xbox,2005.0,7.307688155074951,2000s
Cyberpunk 2077,Sports,Xbox,2015.0,4.031530598058664,2010s
Control,Racing,PlayStation,2021.0,6.862717989061286,2020s
Watch Dogs: Legion,Horror,Xbox,2021.0,3.667303816371209,2020s
Fortnite,Racing,Nintendo Switch,2020.0,1.5848033974436857,2020s
Hades,Horror,Nintendo Switch,2020.0,5.7115406400180655,2020s
Grand Theft Auto V,Fighting,Nintendo Switch,2006.0,2.240122115029312,2000s
Death Stranding,Action,Xbox,2000.0,1.4298032765276931,2000s
The Witcher 3: Wild Hunt,Racing,PlayStation,2010.0,4.508351120536045,2010s
Watch Dogs: Legion,Horror,PlayStation,2002.0,4.6931007871953305,2000s
Monster Hunter: World,Stealth,PC,2023.0,4.397984298357658,2020s
Sea of Thieves,Platformer,PC,2003.0,9.263121831324954,2000s
Death Stranding,Sports,Nintendo Switch,2001.0,5.202767889278911,2000s
Monster Hunter: World,Shooter,Nintendo Switch,2000.0,5.47255416975834,2000s
Valorant,Role-playing,PC,2008.0,5.77817825443308,2000s
Hades,Action,Nintendo Switch,2013.0,6.415910038769707,2010s
Fortnite,Action,Mobile,2008.0,8.975241993042834,2000s
Rocket League,Adventure,Nintendo Switch,2011.0,6.181382532983932,2010s
Animal Crossing: New Horizons,Role-playing,PlayStation,2001.0,4.817137008845698,2000s
FIFA 21,Puzzle,PlayStation,2001.0,4.889732062228202,2000s
Far Cry 5,Shooter,PC,2020.0,8.69435712671287,2020s
Counter-Strike: Global Offensive,Survival,PlayStation,2017.0,4.788338902202485,2010s
Minecraft Dungeons,Strategy,PC,2008.0,9.78619309892895,2000s
Red Dead Redemption 2,Strategy,Nintendo Switch,2023.0,4.559367470603053,2020s
Tetris,Simulation,PlayStation,2021.0,8.815357039867111,2020s
GTA San Andreas,Action,PlayStation,2019.0,3.610140491299881,2010s
Ghost of Tsushima,Adventure,PlayStation,2019.0,2.628312890152614,2010s
Grand Theft Auto V,Stealth,PC,2014.0,6.282627437699766,2010s
Monster Hunter: World,Sports,PC,2019.0,3.5476453154978933,2010s
League of Legends,Horror,PC,2004.0,8.897996934364468,2000s
Cyberpunk 2077,Simulation,Nintendo Switch,2000.0,5.312050247995462,2000s
The Elder Scrolls V: Skyrim,Strategy,Nintendo Switch,2009.0,5.875119325027855,2000s
Apex Legends,Strategy,Nintendo Switch,2008.0,3.4386361046058744,2000s
Super Mario Odyssey,Sports,Mobile,2010.0,2.889072973684751,2010s
World of Warcraft,Fighting,Xbox,2000.0,2.3754526118370536,2000s
Overwatch,Strategy,Xbox,2018.0,2.572727987587582,2010s
Monster Hunter: World,Strategy,Xbox,2017.0,1.4351224492717711,2010s
Assassin's Creed Valhalla,Fighting,Nintendo Switch,2004.0,9.935585724992729,2000s
Halo Infinite,Sports,PlayStation,2002.0,6.022167675416687,2000s
Mass Effect Legendary Edition,Platformer,Xbox,2016.0,5.601005580436299,2010s
World of Warcraft,Survival,PlayStation,2004.0,6.93704626358109,2000s
The Elder Scrolls V: Skyrim,Sports,Xbox,2000.0,4.338647454033386,2000s
Monster Hunter: World,Strategy,Mobile,2001.0,8.730997256053957,2000s
Rocket League,Simulation,Mobile,2021.0,5.3262644688907885,2020s
GTA San Andreas,Adventure,Xbox,2003.0,4.051563024529996,2000s
Red Dead Redemption 2,Fighting,Mobile,2023.0,6.99815275910532,2020s
God of War,Horror,PC,2002.0,8.379344870342525,2000s
Destiny 2,Fighting,Mobile,2019.0,5.930257993625581,2010s
Far Cry 5,Fighting,Nintendo Switch,2019.0,5.354689959313612,2010s
Mass Effect Legendary Edition,Role-playing,Xbox,2022.0,3.9858666674940295,2020s
PUBG,Stealth,PlayStation,2007.0,1.5456088998255568,2000s
Among Us,Strategy,Mobile,2005.0,4.607454894389575,2000s
Counter-Strike: Global Offensive,Survival,Mobile,2021.0,2.383256217173643,2020s
GTA San Andreas,Role-playing,PlayStation,2005.0,6.405647437312671,2000s
Elden Ring,Horror,Nintendo Switch,2005.0,8.952932418453775,2000s
League of Legends: Wild Rift,Horror,Mobile,2013.0,4.632350231155882,2010s
Grand Theft Auto V,Fighting,Xbox,2009.0,5.2151581331970736,2000s
Grand Theft Auto IV,Puzzle,PC,2002.0,1.518862995513612,2000s
World of Warcraft,Action,Xbox,2000.0,6.610731934834548,2000s
Elden Ring,Survival,Nintendo Switch,2007.0,2.8092514763228174,2000s
PUBG Mobile,Stealth,Xbox,2023.0,8.113536882448265,2020s
Resident Evil Village,Simulation,Mobile,2002.0,4.0509895476092055,2000s
The Legend of Zelda: Breath of the Wild,Shooter,PC,2023.0,1.712503468378523,2020s
Resident Evil Village,Simulation,PlayStation,2023.0,2.879165441863963,2020s
Monster Hunter: World,Simulation,Nintendo Switch,2016.0,3.826567741646012,2010s
Grand Theft Auto IV,Platformer,PlayStation,2019.0,2.920084866633532,2010s
Destiny 2,Horror,Mobile,2004.0,7.439078583065864,2000s
Grand Theft Auto IV,Shooter,Xbox,2005.0,9.661519250208254,2000s
Call of Duty: Modern Warfare,Adventure,PlayStation,2002.0,3.915430476785617,2000s
Death Stranding,Horror,Nintendo Switch,2016.0,9.128012393926689,2010s
Hades,Sports,PlayStation,2004.0,7.5533617018035155,2000s
Cyberpunk 2077,Stealth,PC,2003.0,2.6231258390489653,2000s
Control,Horror,Xbox,2022.0,5.082123561165919,2020s
Borderlands 3,Role-playing,Mobile,2019.0,8.235229201873896,2010s
Dota 2,Survival,PlayStation,2016.0,7.487479696751761,2010s
Hitman 3,Horror,Xbox,2013.0,2.319899613280993,2010s
PUBG Mobile,Survival,Xbox,2008.0,1.858974387329932,2000s
Sekiro: Shadows Die Twice,Stealth,Mobile,2020.0,9.439212154294244,2020s
World of Warcraft,Platformer,Mobile,2002.0,1.3285617474708813,2000s
Grand Theft Auto IV,Role-playing,Xbox,2020.0,6.547799002692109,2020s
Monster Hunter: World,Horror,PlayStation,2008.0,5.161147965038222,2000s
Dota 2,Racing,Mobile,2006.0,2.4784543389592084,2000s
Fortnite,Stealth,Nintendo Switch,2012.0,4.445260666082403,2010s
Fall Guys: Ultimate Knockout,Strategy,Mobile,2001.0,3.419112745887443,2000s
Animal Crossing: New Horizons,Fighting,PC,2021.0,5.423360604963752,2020s
Grand Theft Auto IV,Fighting,PC,2011.0,1.332269439687704,2010s
League of Legends,Stealth,Xbox,2023.0,5.5065058739233255,2020s
The Witcher 3: Wild Hunt,Fighting,Mobile,2005.0,3.20853105294782,2000s
Watch Dogs: Legion,Shooter,Xbox,2011.0,4.35531785414289,2010s
Borderlands 3,Action,PC,2011.0,4.884492677488073,2010s
Resident Evil Village,Shooter,PC,2000.0,6.15527982777514,2000s
PUBG,Action,PC,2002.0,1.4450939108844345,2000s
The Legend of Zelda: Breath of the Wild,Racing,PlayStation,2014.0,6.392452607277754,2010s
Monster Hunter: World,Survival,PlayStation,2005.0,9.918053429723448,2000s
PUBG,Puzzle,Xbox,2015.0,9.077959214092296,2010s
PUBG,Survival,Mobile,2020.0,3.5362758350756907,2020s
The Sims 4,Strategy,PlayStation,2017.0,6.576865303132017,2010s
Hitman 3,Racing,PC,2014.0,7.458513632007786,2010s
Cyberpunk 2077,Sports,PC,2002.0,3.732323091062903,2000s
PUBG Mobile,Adventure,Mobile,2019.0,4.67810448828449,2010s
Far Cry 5,Strategy,PlayStation,2008.0,5.768089738386697,2000s
The Sims 4,Fighting,PlayStation,2004.0,1.6923181109126306,2000s
Resident Evil Village,Role-playing,Nintendo Switch,2016.0,3.311718976241456,2010s
Sea of Thieves,Shooter,Mobile,2003.0,1.2318259171293584,2000s
Monster Hunter: World,Sports,PC,2000.0,8.037030102888131,2000s
The Legend of Zelda: Breath of the Wild,Shooter,PC,2019.0,1.215806320953988,2010s
Sekiro: Shadows Die Twice,Role-playing,Xbox,2012.0,8.007916029662587,2010s
Minecraft,Simulation,PlayStation,2010.0,2.24430675415933,2010s
Borderlands 3,Fighting,PC,2021.0,9.898957686295065,2020s
Hades,Racing,PlayStation,2015.0,4.074975154698969,2010s
Genshin Impact,Horror,PC,2011.0,2.91350366626646,2010s
The Legend of Zelda: Breath of the Wild,Racing,Xbox,2018.0,1.928091966163448,2010s
Grand Theft Auto IV,Fighting,Nintendo Switch,2001.0,4.758705066762292,2000s
Genshin Impact,Platformer,Mobile,2007.0,3.1842405797361497,2000s
PUBG Mobile,Action,Mobile,2022.0,9.250770974508066,2020s
Apex Legends,Shooter,Mobile,2023.0,1.2449342920641708,2020s
Overwatch,Sports,Nintendo Switch,2018.0,4.507176017721665,2010s
The Sims 4,Stealth,PlayStation,2005.0,3.8133644290038,2000s
Mass Effect Legendary Edition,Strategy,Xbox,2017.0,7.113597279459317,2010s
GTA San Andreas,Stealth,PC,2010.0,5.701322454969115,2010s
The Division 2,Stealth,PlayStation,2013.0,2.7068922868339773,2010s
The Legend of Zelda: Breath of the Wild,Role-playing,Xbox,2008.0,6.816921446404119,2000s
Hades,Role-playing,Nintendo Switch,2015.0,2.971362160624043,2010s
Borderlands 3,Survival,Xbox,2008.0,5.84782461351393,2000s
Sekiro: Shadows Die Twice,Shooter,Mobile,2009.0,8.785708233918076,2000s
Monster Hunter: World,Survival,Nintendo Switch,2008.0,3.175112057473279,2000s
Elden Ring,Sports,PlayStation,2006.0,4.372423892971624,2000s
Borderlands 3,Stealth,PlayStation,2008.0,9.67107477631792,2000s
Ghost of Tsushima,Stealth,Nintendo Switch,2020.0,1.8186879897673145,2020s
Call of Duty: Modern Warfare,Racing,PlayStation,2022.0,4.618500163505045,2020s
League of Legends: Wild Rift,Role-playing,PC,2000.0,4.396519979206722,2000s
The Witcher 3: Wild Hunt,Adventure,Nintendo Switch,2006.0,5.053256770774835,2000s
Hitman 3,Sports,PC,2018.0,3.698113954112172,2010s
Destiny 2,Strategy,PC,2014.0,7.539288885868498,2010s
Destiny 2,Strategy,PC,2009.0,6.800793950179981,2000s
Dark Souls III,Platformer,Xbox,2022.0,6.871255751983925,2020s
PUBG Mobile,Adventure,PC,2016.0,6.862717439952451,2010s
The Elder Scrolls V: Skyrim,Simulation,Mobile,2023.0,9.773676965518188,2020s
The Legend of Zelda: Breath of the Wild,Puzzle,Xbox,2014.0,4.679024575301098,2010s
Minecraft Dungeons,Role-playing,Nintendo Switch,2010.0,7.550857295183944,2010s
Halo Infinite,Action,PC,2006.0,8.55559463162395,2000s
Apex Legends,Fighting,PC,2021.0,9.048896936256138,2020s
Dying Light,Survival,PC,2012.0,5.763342935702149,2010s
League of Legends,Racing,PC,2005.0,1.935166486004183,2000s
Elden Ring,Survival,PC,2017.0,9.826037700233291,2010s
Minecraft Dungeons,Fighting,Nintendo Switch,2020.0,7.410938011332292,2020s
Horizon Zero Dawn,Sports,Nintendo Switch,2012.0,1.631759359322702,2010s
NBA 2K21,Puzzle,Mobile,2022.0,7.104899340431194,2020s
Minecraft Dungeons,Survival,PlayStation,2015.0,7.552992205697384,2010s
Counter-Strike: Global Offensive,Sports,Nintendo Switch,2001.0,5.411005560286164,2000s
Cyberpunk 2077,Strategy,PC,2013.0,4.463342153494894,2010s
PUBG,Adventure,Nintendo Switch,2021.0,5.045750485612492,2020s
Borderlands 3,Survival,PlayStation,2004.0,6.257937902800959,2000s
Among Us,Puzzle,Xbox,2011.0,3.541502053202328,2010s
NBA 2K21,Shooter,Mobile,2008.0,9.82367927727618,2000s
Watch Dogs: Legion,Stealth,Xbox,2020.0,8.521578194298405,2020s
The Division 2,Adventure,Mobile,2005.0,4.484243325993718,2000s
The Legend of Zelda: Breath of the Wild,Racing,PlayStation,2004.0,4.445883788414685,2000s
Fall Guys: Ultimate Knockout,Strategy,Mobile,2011.0,5.451808227735505,2010s
The Legend of Zelda: Breath of the Wild,Stealth,Nintendo Switch,2009.0,8.528863799634328,2000s
Valorant,Action,Xbox,2018.0,9.22504616577474,2010s
The Division 2,Adventure,Mobile,2022.0,4.020153861078107,2020s
Madden NFL 21,Fighting,Xbox,2006.0,2.90440871495126,2000s
PUBG,Simulation,Mobile,2009.0,7.608111201437895,2000s
Madden NFL 21,Role-playing,Nintendo Switch,2010.0,3.950328581073796,2010s
Halo Master Chief Collection,Sports,Mobile,2004.0,8.064688191474485,2000s
The Division 2,Action,Xbox,2019.0,5.404799306815181,2010s
League of Legends: Wild Rift,Strategy,Nintendo Switch,2008.0,6.926551358162302,2000s
Sekiro: Shadows Die Twice,Horror,PlayStation,2007.0,4.960452996335082,2000s
Call of Duty: Modern Warfare,Survival,PC,2007.0,4.880660443368855,2000s
Assassin's Creed Valhalla,Racing,Xbox,2016.0,7.279641374857784,2010s
The Elder Scrolls V: Skyrim,Simulation,PC,2010.0,6.438678068955424,2010s
PUBG,Shooter,Mobile,2005.0,4.571990614279698,2000s
Monster Hunter: World,Sports,Mobile,2012.0,3.767475413474664,2010s
Control,Simulation,PC,2000.0,2.398167759936708,2000s
Overwatch,Simulation,Nintendo Switch,2020.0,7.0620399907109,2020s
Madden NFL 21,Strategy,Mobile,2016.0,6.002075210743412,2010s
Resident Evil Village,Puzzle,Mobile,2003.0,1.751721455277565,2000s
PUBG Mobile,Puzzle,Nintendo Switch,2019.0,1.4034161688007,2010s
League of Legends,Simulation,Nintendo Switch,2014.0,1.0576724703512776,2010s
Madden NFL 21,Survival,Nintendo Switch,2013.0,2.678561512598752,2010s
Dark Souls III,Action,Xbox,2017.0,1.9578178509030963,2010s
Watch Dogs: Legion,Strategy,PlayStation,2014.0,4.067904207782618,2010s
PUBG Mobile,Fighting,Xbox,2016.0,9.571104999435812,2010s
Valorant,Adventure,Mobile,2021.0,3.011088576953643,2020s
Madden NFL 21,Horror,PC,2014.0,5.409282950182885,2010s
The Division 2,Strategy,Xbox,2022.0,6.890845321928462,2020s
Watch Dogs: Legion,Horror,Mobile,2016.0,7.489950208013472,2010s
GTA San Andreas,Racing,Nintendo Switch,2015.0,1.9183717148523156,2010s
Horizon Zero Dawn,Platformer,Xbox,2022.0,1.6847878173282256,2020s
Dark Souls III,Puzzle,PC,2009.0,5.335146480117376,2000s
PUBG,Horror,PC,2022.0,1.0796008583240595,2020s
Far Cry 5,Fighting,PC,2021.0,6.959277913572043,2020s
Minecraft Dungeons,Puzzle,Xbox,2011.0,8.934032740097514,2010s
Dark Souls III,Simulation,Xbox,2000.0,6.32792504816279,2000s
Overwatch,Survival,Xbox,2023.0,2.427753858877883,2020s
Among Us,Simulation,PC,2011.0,9.718462987632837,2010s
Control,Platformer,PlayStation,2003.0,7.761196148088599,2000s
Minecraft,Puzzle,PC,2016.0,3.146031302903,2010s
Minecraft Dungeons,Action,PC,2014.0,9.537528290714816,2010s
Grand Theft Auto V,Shooter,Mobile,2012.0,6.815341907465711,2010s
Destiny 2,Simulation,PlayStation,2012.0,5.028168712346009,2010s
Watch Dogs: Legion,Role-playing,Xbox,2000.0,1.0889454193543595,2000s
Fall Guys: Ultimate Knockout,Puzzle,PlayStation,2022.0,6.128088347735444,2020s
Cyberpunk 2077,Horror,Xbox,2011.0,5.122145605984105,2010s
Rocket League,Action,Mobile,2004.0,3.4422342479497425,2000s
The Legend of Zelda: Breath of the Wild,Racing,Mobile,2023.0,7.257628714726601,2020s
GTA San Andreas,Action,Nintendo Switch,2013.0,9.36767259109871,2010s
Monster Hunter: World,Role-playing,Mobile,2023.0,2.682212844706483,2020s
Far Cry 5,Survival,PC,2002.0,4.20008921845872,2000s
Genshin Impact,Adventure,Xbox,2012.0,2.7967731404408807,2010s
Sekiro: Shadows Die Twice,Simulation,PlayStation,2009.0,2.9247875588161407,2000s
GTA San Andreas,Action,PC,2019.0,3.929403898918404,2010s
PUBG,Shooter,PlayStation,2019.0,6.216961882483179,2010s
Forza Horizon 4,Strategy,PC,2018.0,8.39006060299246,2010s
Dark Souls III,Horror,Xbox,2017.0,1.1530039487272077,2010s
Fortnite,Stealth,Mobile,2010.0,2.973055358993009,2010s
Minecraft Dungeons,Simulation,Xbox,2014.0,5.429025228730978,2010s
GTA San Andreas,Stealth,Mobile,2011.0,4.033269365687374,2010s
Minecraft Dungeons,Racing,Mobile,2022.0,6.777988635066169,2020s
Forza Horizon 4,Racing,Xbox,2013.0,2.4735478483821285,2010s
Minecraft Dungeons,Horror,Xbox,2019.0,8.327085627862445,2010s
Dark Souls III,Strategy,PC,2013.0,5.600973128342147,2010s
Fortnite,Survival,Mobile,2003.0,7.8920056998389025,2000s
Elden Ring,Shooter,Xbox,2008.0,2.2128830819160417,2000s
Sea of Thieves,Platformer,Xbox,2003.0,3.027393342549524,2000s
Valorant,Adventure,Xbox,2000.0,9.506302561192756,2000s
Resident Evil Village,Survival,Nintendo Switch,2004.0,8.750255590478545,2000s
Grand Theft Auto V,Sports,PC,2017.0,2.219575365502603,2010s
Horizon Zero Dawn,Horror,Mobile,2018.0,5.606619641239084,2010s
Dark Souls III,Survival,PC,2006.0,1.2398471302515648,2000s
World of Warcraft,Puzzle,Xbox,2006.0,9.936687906043968,2000s
PUBG Mobile,Racing,PlayStation,2003.0,9.98759989244992,2000s
League of Legends: Wild Rift,Puzzle,Xbox,2008.0,4.772591618384583,2000s
The Witcher 3: Wild Hunt,Action,PC,2021.0,5.279653673915228,2020s
Far Cry 5,Simulation,Mobile,2018.0,7.837934246152201,2010s
Apex Legends,Strategy,PC,2015.0,2.4127965413996577,2010s
Sekiro: Shadows Die Twice,Fighting,Nintendo Switch,2022.0,2.1828037939443488,2020s
Red Dead Redemption 2,Role-playing,PlayStation,2006.0,4.369268027544292,2000s
Far Cry 5,Adventure,Mobile,2006.0,3.6781491080236814,2000s
GTA San Andreas,Racing,Xbox,2022.0,8.044085105468458,2020s
Among Us,Sports,Xbox,2007.0,1.2064574521642064,2000s
Dying Light,Stealth,Xbox,2007.0,7.387202213777425,2000s
Forza Horizon 4,Shooter,PlayStation,2001.0,9.600246542556087,2000s
The Sims 4,Strategy,Xbox,2003.0,8.112270035870939,2000s
PUBG: Battlegrounds,Shooter,PlayStation,2018.0,1.3761610709988568,2010s
Borderlands 3,Action,PlayStation,2006.0,5.798137640450578,2000s
PUBG,Role-playing,PlayStation,2016.0,3.883967237572463,2010s
Hitman 3,Simulation,PC,2010.0,5.335811522354099,2010s
Cyberpunk 2077,Sports,Mobile,2016.0,4.028530061160261,2010s
Destiny 2,Sports,Xbox,2007.0,5.063946974980652,2000s
Destiny 2,Stealth,Mobile,2006.0,3.610228784586272,2000s
League of Legends: Wild Rift,Racing,Xbox,2001.0,2.9495082166522115,2000s
PUBG Mobile,Adventure,Xbox,2017.0,1.9117666071608403,2010s
Dark Souls III,Racing,Nintendo Switch,2006.0,9.754731249844252,2000s
PUBG Mobile,Puzzle,Mobile,2005.0,7.799615329240069,2000s
The Sims 4,Horror,PlayStation,2002.0,7.199389739144032,2000s
The Sims 4,Role-playing,Mobile,2017.0,2.1906721386986927,2010s
God of War,Platformer,Mobile,2006.0,2.7587672302511117,2000s
Overwatch,Role-playing,Nintendo Switch,2008.0,9.028510491338013,2000s
Fall Guys: Ultimate Knockout,Strategy,Mobile,2006.0,6.393611104905568,2000s
Control,Stealth,Xbox,2019.0,7.957327008357503,2010s
Control,Shooter,PlayStation,2011.0,1.989626279195232,2010s
Dota 2,Strategy,PlayStation,2014.0,9.771993797070657,2010s
Destiny 2,Racing,PlayStation,2018.0,1.111705786103272,2010s
Forza Horizon 4,Simulation,Mobile,2021.0,8.414517279168791,2020s
League of Legends,Fighting,PlayStation,2019.0,6.057767296655687,2010s
Far Cry 5,Platformer,Mobile,2008.0,6.161707540779801,2000s
Apex Legends,Fighting,PC,2009.0,3.5196112438267413,2000s
Halo Master Chief Collection,Survival,Nintendo Switch,2016.0,6.081520969318548,2010s
Apex Legends,Racing,Nintendo Switch,2006.0,7.134754462598747,2000s
Destiny 2,Adventure,Nintendo Switch,2011.0,4.825369535686026,2010s
Fortnite,Strategy,Mobile,2020.0,9.336612938549036,2020s
Mass Effect Legendary Edition,Adventure,PlayStation,2015.0,8.013304474978817,2010s
Genshin Impact,Adventure,PC,2008.0,9.42319075762016,2000s
Rocket League,Adventure,Mobile,2001.0,5.05901361080396,2000s
Assassin's Creed Valhalla,Action,Nintendo Switch,2004.0,9.452490679260208,2000s
Horizon Zero Dawn,Strategy,PC,2007.0,3.0909345246793323,2000s
Resident Evil Village,Adventure,Nintendo Switch,2016.0,9.193950453893317,2010s
The Elder Scrolls V: Skyrim,Puzzle,Nintendo Switch,2002.0,8.066914689240654,2000s
The Legend of Zelda: Breath of the Wild,Adventure,PlayStation,2014.0,6.281050309110057,2010s
Super Mario Odyssey,Role-playing,Nintendo Switch,2006.0,4.187171908989154,2000s
Horizon Zero Dawn,Fighting,Xbox,2007.0,9.11844953536606,2000s
Horizon Zero Dawn,Sports,PC,2009.0,2.280859362765713,2000s
Monster Hunter: World,Action,PC,2013.0,6.1285528798442295,2010s
Among Us,Action,PC,2009.0,1.4721368279008271,2000s
Sea of Thieves,Fighting,Mobile,2013.0,1.499091865736114,2010s
Minecraft,Shooter,PlayStation,2022.0,7.8387487118807,2020s
The Division 2,Role-playing,Nintendo Switch,2006.0,7.802196538656665,2000s
Borderlands 3,Adventure,Nintendo Switch,2010.0,8.945790109703266,2010s
Far Cry 5,Role-playing,PlayStation,2007.0,2.473516234372547,2000s
Animal Crossing: New Horizons,Action,PlayStation,2023.0,4.930004511380354,2020s
Control,Simulation,PlayStation,2023.0,5.152979091343504,2020s
Assassin's Creed Valhalla,Sports,Xbox,2014.0,5.6390788745891545,2010s
Minecraft,Fighting,PlayStation,2017.0,9.653251159483297,2010s
Cyberpunk 2077,Sports,Nintendo Switch,2014.0,1.9585621227396828,2010s
Horizon Zero Dawn,Puzzle,PlayStation,2020.0,2.911749208797985,2020s
Sea of Thieves,Adventure,PC,2018.0,4.566085065649146,2010s
Hades,Role-playing,PC,2008.0,1.371817208607111,2000s
Tetris,Strategy,Nintendo Switch,2012.0,3.437057757272343,2010s
Grand Theft Auto V,Simulation,PlayStation,2010.0,7.6015695894968465,2010s
Sekiro: Shadows Die Twice,Horror,Nintendo Switch,2008.0,1.7476202153772746,2000s
Animal Crossing: New Horizons,Racing,Xbox,2005.0,9.650318426147248,2000s
Grand Theft Auto IV,Racing,PlayStation,2022.0,8.114250037989624,2020s
Halo Infinite,Racing,Nintendo Switch,2005.0,1.3846572065481233,2000s
God of War,Simulation,PC,2021.0,6.573194301760506,2020s
PUBG: Battlegrounds,Survival,PC,2016.0,4.521442287091973,2010s
Far Cry 5,Action,PC,2015.0,7.190625240947396,2010s
Control,Platformer,PC,2006.0,1.1591236255399775,2000s
FIFA 21,Simulation,Mobile,2009.0,7.473557430130287,2000s
Fall Guys: Ultimate Knockout,Stealth,Mobile,2003.0,8.667100951754337,2000s
NBA 2K21,Horror,Mobile,2009.0,8.498166930359508,2000s
Hitman 3,Sports,Xbox,2018.0,2.231805640029093,2010s
Dark Souls III,Adventure,Xbox,2001.0,9.629730511644375,2000s
Halo Infinite,Racing,Xbox,2018.0,2.0223108732455546,2010s
League of Legends,Puzzle,PlayStation,2006.0,5.08848818383732,2000s
Hitman 3,Simulation,PC,2009.0,9.707548959913703,2000s
Minecraft Dungeons,Simulation,Nintendo Switch,2023.0,2.8468601381733536,2020s
Mass Effect Legendary Edition,Survival,Xbox,2010.0,7.044007433668454,2010s
Elden Ring,Simulation,PlayStation,2007.0,1.017807680457235,2000s
The Legend of Zelda: Breath of the Wild,Puzzle,PlayStation,2021.0,3.391537310880804,2020s
Animal Crossing: New Horizons,Fighting,Nintendo Switch,2010.0,8.456574708965409,2010s
The Elder Scrolls V: Skyrim,Puzzle,Xbox,2013.0,8.671719652443166,2010s
Dying Light,Shooter,Mobile,2010.0,2.700808455837196,2010s
PUBG Mobile,Racing,Nintendo Switch,2006.0,2.5144819827727285,2000s
Monster Hunter: World,Horror,Xbox,2007.0,8.58184694491319,2000s
Rocket League,Simulation,Xbox,2022.0,5.124654511755728,2020s
Fortnite,Horror,Nintendo Switch,2017.0,8.885197850778324,2010s
The Legend of Zelda: Breath of the Wild,Simulation,Nintendo Switch,2005.0,6.142890656037015,2000s
Valorant,Stealth,PC,2023.0,5.1132334930493695,2020s
Ghost of Tsushima,Horror,PC,2004.0,8.028605781514813,2000s
Sea of Thieves,Survival,PlayStation,2003.0,2.8437284898400192,2000s
Sea of Thieves,Racing,PlayStation,2020.0,6.063998080805797,2020s
The Legend of Zelda: Breath of the Wild,Shooter,Nintendo Switch,2017.0,5.583619146453875,2010s
League of Legends,Racing,PlayStation,2019.0,9.165879468685157,2010s
Madden NFL 21,Sports,Nintendo Switch,2000.0,9.699545157643024,2000s
Forza Horizon 4,Adventure,Xbox,2016.0,7.3952213804556255,2010s
Far Cry 5,Fighting,Xbox,2000.0,2.9304403070372764,2000s
Far Cry 5,Simulation,PlayStation,2005.0,4.846600483434598,2000s
PUBG,Sports,PC,2019.0,7.982635382149056,2010s
Animal Crossing: New Horizons,Platformer,PlayStation,2001.0,4.891742245625757,2000s
Hades,Simulation,Mobile,2023.0,4.933922395372781,2020s
GTA San Andreas,Platformer,Xbox,2016.0,7.917294991556737,2010s
Minecraft Dungeons,Horror,PC,2005.0,6.441232758380305,2000s
Dying Light,Adventure,Xbox,2009.0,6.352271262942421,2000s
League of Legends,Simulation,Mobile,2021.0,4.616166788810654,2020s
Far Cry 5,Strategy,PlayStation,2012.0,8.667512212864935,2010s
FIFA 21,Horror,PC,2016.0,4.570393827528897,2010s
Sea of Thieves,Puzzle,PlayStation,2014.0,8.370355719898333,2010s
PUBG,Shooter,Nintendo Switch,2010.0,4.54252278173286,2010s
Minecraft Dungeons,Racing,Nintendo Switch,2010.0,4.7670179353681,2010s
Red Dead Redemption 2,Puzzle,Mobile,2001.0,4.1724689647594015,2000s
GTA San Andreas,Puzzle,PC,2023.0,2.6289584631352847,2020s
The Elder Scrolls V: Skyrim,Simulation,Mobile,2020.0,5.137847641672572,2020s
FIFA 21,Role-playing,PC,2010.0,8.936409952252003,2010s
Red Dead Redemption 2,Strategy,PC,2006.0,6.834881217984489,2000s
Halo Master Chief Collection,Strategy,PlayStation,2003.0,5.230095531595631,2000s
Hitman 3,Racing,PlayStation,2008.0,7.712010331833314,2000s
Madden NFL 21,Horror,PlayStation,2008.0,2.4441512217158,2000s
Among Us,Role-playing,PC,2017.0,8.221774508878438,2010s
God of War,Horror,PC,2017.0,5.825916460999205,2010s
The Division 2,Simulation,PC,2007.0,1.592056178000399,2000s
Elden Ring,Stealth,PlayStation,2021.0,9.988145159405654,2020s
League of Legends: Wild Rift,Platformer,PlayStation,2020.0,8.407727303721785,2020s
Super Mario Odyssey,Horror,PC,2023.0,7.660437973931324,2020s
Fall Guys: Ultimate Knockout,Puzzle,PlayStation,2023.0,2.8057342263891547,2020s
Dota 2,Platformer,PlayStation,2010.0,3.0088256120200016,2010s
The Elder Scrolls V: Skyrim,Fighting,Mobile,2022.0,3.416797276875746,2020s
Fall Guys: Ultimate Knockout,Strategy,Mobile,2021.0,2.7249093376740543,2020s
League of Legends: Wild Rift,Platformer,Xbox,2017.0,9.873118053541974,2010s
Red Dead Redemption 2,Fighting,Mobile,2023.0,4.111057328143887,2020s
League of Legends: Wild Rift,Sports,PlayStation,2001.0,3.429837776874978,2000s
The Elder Scrolls V: Skyrim,Fighting,PlayStation,2020.0,4.429398029029001,2020s
Dark Souls III,Racing,Xbox,2012.0,3.983797159816449,2010s
Dota 2,Horror,Nintendo Switch,2008.0,1.4448894031526245,2000s
Borderlands 3,Horror,Nintendo Switch,2019.0,5.6880306484520045,2010s
Sekiro: Shadows Die Twice,Sports,Mobile,2003.0,8.743901943295953,2000s
FIFA 21,Shooter,Xbox,2003.0,1.2559967497487543,2000s
Call of Duty: Modern Warfare,Adventure,PC,2010.0,3.0393046981543543,2010s
Resident Evil Village,Fighting,Mobile,2011.0,5.14277888140953,2010s
Grand Theft Auto V,Racing,Nintendo Switch,2011.0,7.183909184996677,2010s
Mass Effect Legendary Edition,Simulation,Xbox,2001.0,9.512885992519422,2000s
The Division 2,Action,PlayStation,2000.0,9.278210547441466,2000s
Elden Ring,Fighting,PC,2015.0,5.692238098296267,2010s
Minecraft Dungeons,Action,Mobile,2014.0,7.970033544610561,2010s
Fortnite,Horror,PlayStation,2006.0,3.3232756069572007,2000s
Ghost of Tsushima,Simulation,PC,2020.0,8.741313294119072,2020s
Elden Ring,Racing,Mobile,2004.0,6.242032180772326,2000s
God of War,Sports,PC,2001.0,5.558265447155167,2000s
Super Mario Odyssey,Racing,PlayStation,2000.0,2.4290142763108578,2000s
Resident Evil Village,Stealth,Xbox,2015.0,1.8847281729507417,2010s
League of Legends,Fighting,PC,2016.0,7.356947434130484,2010s
Counter-Strike: Global Offensive,Shooter,PlayStation,2016.0,7.50829668868911,2010s
Horizon Zero Dawn,Adventure,Xbox,2010.0,2.960922839991284,2010s
Resident Evil Village,Role-playing,Xbox,2021.0,4.355054560937571,2020s
PUBG Mobile,Racing,PC,2008.0,5.01861591908657,2000s
Borderlands 3,Survival,Nintendo Switch,2002.0,4.773597190772959,2000s
The Legend of Zelda: Breath of the Wild,Fighting,PlayStation,2007.0,8.526684997231888,2000s
Mass Effect Legendary Edition,Sports,Mobile,2000.0,9.396636914119712,2000s
Cyberpunk 2077,Simulation,PC,2012.0,1.189963967242328,2010s
Resident Evil Village,Fighting,Nintendo Switch,2019.0,8.508309861808833,2010s
Apex Legends,Fighting,Nintendo Switch,2012.0,8.12191737722112,2010s
Sea of Thieves,Fighting,Nintendo Switch,2000.0,2.763556259739853,2000s
Halo Master Chief Collection,Action,PC,2006.0,6.377792614742415,2000s
Grand Theft Auto V,Role-playing,Nintendo Switch,2004.0,3.245206873342308,2000s
Tetris,Action,Nintendo Switch,2020.0,6.092538042188204,2020s
Genshin Impact,Horror,Mobile,2005.0,6.008408931521918,2000s
Hades,Racing,PlayStation,2020.0,5.369229172498441,2020s
The Legend of Zelda: Breath of the Wild,Strategy,Nintendo Switch,2023.0,8.208443723326262,2020s
Minecraft Dungeons,Survival,Xbox,2022.0,2.138943455747909,2020s
Hades,Stealth,Mobile,2006.0,8.61177375199129,2000s
Rocket League,Role-playing,Xbox,2008.0,7.228628983462917,2000s
Hades,Racing,PlayStation,2020.0,2.6344618516430494,2020s
Minecraft,Sports,Nintendo Switch,2002.0,9.1023158037144,2000s
Sea of Thieves,Puzzle,Mobile,2002.0,8.296795731797904,2000s
Control,Shooter,PC,2022.0,6.936649484644567,2020s
Forza Horizon 4,Stealth,Xbox,2021.0,9.398486019991813,2020s
Ghost of Tsushima,Shooter,PlayStation,2000.0,7.754652008037017,2000s
Overwatch,Racing,Xbox,2014.0,3.2530657429177814,2010s
Overwatch,Survival,PC,2010.0,5.206814531731527,2010s
Minecraft,Role-playing,Xbox,2011.0,9.139395855172754,2010s
Among Us,Sports,Mobile,2022.0,8.635226649359732,2020s
Madden NFL 21,Fighting,Xbox,2006.0,5.992034907212104,2000s
The Witcher 3: Wild Hunt,Sports,Xbox,2005.0,1.2338899456857544,2000s
The Legend of Zelda: Breath of the Wild,Action,PC,2023.0,1.347310361385014,2020s
Rocket League,Platformer,PC,2014.0,1.6509216456310982,2010s
Among Us,Survival,Mobile,2018.0,3.07199094148448,2010s
Call of Duty: Modern Warfare,Fighting,Mobile,2023.0,2.0541858770049317,2020s
Resident Evil Village,Puzzle,PlayStation,2023.0,2.702026533383544,2020s
NBA 2K21,Fighting,Xbox,2005.0,8.965452179003695,2000s
Halo Infinite,Adventure,Xbox,2000.0,4.1793397763926246,2000s
Counter-Strike: Global Offensive,Simulation,PC,2015.0,3.18070285064702,2010s
The Elder Scrolls V: Skyrim,Fighting,PlayStation,2023.0,5.455565121806086,2020s
Minecraft Dungeons,Adventure,PC,2015.0,9.327695042749369,2010s
Horizon Zero Dawn,Simulation,Nintendo Switch,2011.0,9.773382025986056,2010s
GTA San Andreas,Shooter,Nintendo Switch,2016.0,6.737822589812637,2010s
Madden NFL 21,Simulation,Xbox,2004.0,4.104493337098699,2000s
The Elder Scrolls V: Skyrim,Survival,PlayStation,2013.0,1.703799097443448,2010s
The Elder Scrolls V: Skyrim,Simulation,Nintendo Switch,2008.0,9.421718562694489,2000s
Fall Guys: Ultimate Knockout,Strategy,Xbox,2005.0,2.2615845727657327,2000s
Sea of Thieves,Strategy,PlayStation,2008.0,4.003860530253947,2000s
Elden Ring,Shooter,PC,2017.0,9.722318029684915,2010s
Hitman 3,Platformer,PlayStation,2010.0,5.9438578716535,2010s
Assassin's Creed Valhalla,Simulation,Xbox,2016.0,4.29103194513735,2010s
Tetris,Puzzle,PC,2019.0,8.131505673881922,2010s
Red Dead Redemption 2,Fighting,PC,2011.0,7.308887498551957,2010s
Dying Light,Adventure,PlayStation,2013.0,5.1339757111833535,2010s
Far Cry 5,Platformer,Mobile,2018.0,7.47981247019231,2010s
Assassin's Creed Valhalla,Racing,PlayStation,2017.0,3.4903920259419605,2010s
Dota 2,Survival,PC,2021.0,6.984120039911335,2020s
League of Legends: Wild Rift,Platformer,PlayStation,2018.0,5.622501625149475,2010s
The Elder Scrolls V: Skyrim,Platformer,PlayStation,2013.0,3.0428696289737003,2010s
Red Dead Redemption 2,Sports,PC,2010.0,7.931867553342495,2010s
Counter-Strike: Global Offensive,Sports,Mobile,2010.0,1.019490535485223,2010s
Control,Adventure,Xbox,2001.0,3.9838959680810433,2000s
Destiny 2,Action,PC,2012.0,4.923064402371143,2010s
Minecraft Dungeons,Role-playing,Xbox,2012.0,6.799427356785143,2010s
God of War,Simulation,PlayStation,2022.0,5.388305358205696,2020s
League of Legends,Sports,PlayStation,2007.0,3.142724426767307,2000s
GTA San Andreas,Puzzle,Mobile,2021.0,5.538121562489322,2020s
Among Us,Stealth,Nintendo Switch,2006.0,3.3247769568328858,2000s
Destiny 2,Racing,Xbox,2017.0,6.163153073679408,2010s
Valorant,Strategy,PC,2007.0,7.292401706460658,2000s
League of Legends,Shooter,Xbox,2018.0,2.7863286642077423,2010s
God of War,Fighting,Xbox,2011.0,4.645793188437237,2010s
Mass Effect Legendary Edition,Puzzle,PC,2009.0,1.2415903160365829,2000s
Monster Hunter: World,Action,PC,2002.0,5.249249295905968,2000s
Dark Souls III,Adventure,PC,2020.0,9.313445328780908,2020s
Horizon Zero Dawn,Horror,Xbox,2013.0,2.699823756959787,2010s
The Elder Scrolls V: Skyrim,Sports,Mobile,2023.0,2.827677191055052,2020s
Apex Legends,Horror,Xbox,2010.0,9.702992540392932,2010s
Halo Master Chief Collection,Platformer,Nintendo Switch,2018.0,6.517821324616722,2010s
Minecraft Dungeons,Shooter,Xbox,2017.0,6.418058808771844,2010s
Fortnite,Strategy,Nintendo Switch,2005.0,9.069145084883855,2000s
Fortnite,Shooter,Nintendo Switch,2022.0,1.2382587235538334,2020s
Ghost of Tsushima,Strategy,Xbox,2021.0,4.779053511824485,2020s
Fall Guys: Ultimate Knockout,Adventure,Xbox,2001.0,6.0245782180217935,2000s
Tetris,Puzzle,PC,2005.0,5.317360814447573,2000s
GTA San Andreas,Puzzle,Mobile,2005.0,4.60860328692196,2000s
Resident Evil Village,Stealth,Mobile,2008.0,5.6103851812145065,2000s
The Elder Scrolls V: Skyrim,Strategy,Nintendo Switch,2012.0,7.679139741710658,2010s
Halo Infinite,Survival,Nintendo Switch,2019.0,3.2958624095994806,2010s
Watch Dogs: Legion,Puzzle,PC,2000.0,8.266884479920925,2000s
Ghost of Tsushima,Stealth,Mobile,2015.0,3.887534158709977,2010s
Control,Fighting,Xbox,2006.0,6.876390651388197,2000s
Monster Hunter: World,Survival,PlayStation,2005.0,7.575676891132522,2000s
Valorant,Role-playing,PlayStation,2003.0,9.056316837894435,2000s
Genshin Impact,Horror,Xbox,2012.0,8.678332899035322,2010s
Genshin Impact,Stealth,PC,2019.0,4.834510472195857,2010s
Tetris,Shooter,Nintendo Switch,2005.0,5.811935623218845,2000s
Minecraft,Adventure,Mobile,2001.0,9.405845021346584,2000s
PUBG Mobile,Sports,PC,2002.0,1.4343367364067152,2000s
Hades,Simulation,PlayStation,2010.0,4.479190449446531,2010s
Tetris,Stealth,PC,2000.0,8.262556646954643,2000s
Horizon Zero Dawn,Simulation,PC,2008.0,9.27342303362722,2000s
Borderlands 3,Stealth,PlayStation,2006.0,5.624774774570303,2000s
The Elder Scrolls V: Skyrim,Shooter,Xbox,2015.0,3.7984749633118096,2010s
Super Mario Odyssey,Fighting,Xbox,2014.0,8.906596403828376,2010s
Control,Adventure,PC,2004.0,7.109794395504975,2000s
Death Stranding,Strategy,Nintendo Switch,2014.0,3.0566534646063213,2010s
Halo Master Chief Collection,Simulation,Xbox,2022.0,6.47546294587287,2020s
Death Stranding,Racing,PC,2018.0,2.234762586340061,2010s
Halo Infinite,Survival,PlayStation,2002.0,8.708201415992942,2000s
Watch Dogs: Legion,Role-playing,Nintendo Switch,2009.0,2.107800695756443,2000s
Forza Horizon 4,Sports,Nintendo Switch,2019.0,4.564849148210742,2010s
PUBG Mobile,Stealth,PC,2011.0,4.570477503279887,2010s
Halo Infinite,Survival,Mobile,2008.0,8.07520016443969,2000s
Tetris,Puzzle,PlayStation,2019.0,2.1076572223324685,2010s
Mass Effect Legendary Edition,Adventure,Mobile,2015.0,2.57852345216589,2010s
Grand Theft Auto V,Survival,PlayStation,2018.0,8.234884468889105,2010s
World of Warcraft,Racing,PlayStation,2009.0,7.7722800559374,2000s
Fall Guys: Ultimate Knockout,Platformer,PlayStation,2017.0,5.605212677861159,2010s
Fall Guys: Ultimate Knockout,Action,PC,2020.0,2.598871468558015,2020s
Halo Infinite,Racing,PlayStation,2009.0,5.349034264655844,2000s
NBA 2K21,Sports,Mobile,2015.0,8.602246675449617,2010s
Sekiro: Shadows Die Twice,Fighting,Mobile,2016.0,5.9545915443065205,2010s
Red Dead Redemption 2,Role-playing,Nintendo Switch,2007.0,3.675695521984463,2000s
The Legend of Zelda: Breath of the Wild,Puzzle,Mobile,2007.0,7.380149891246202,2000s
Rocket League,Stealth,PlayStation,2012.0,8.302772538157221,2010s
The Elder Scrolls V: Skyrim,Puzzle,Nintendo Switch,2000.0,4.401305057052767,2000s
Hades,Sports,PC,2010.0,7.734755886943804,2010s
Resident Evil Village,Strategy,Nintendo Switch,2020.0,4.508657945112189,2020s
Watch Dogs: Legion,Stealth,Mobile,2015.0,9.492543567112428,2010s
Borderlands 3,Horror,PC,2020.0,3.082283666464161,2020s
Madden NFL 21,Strategy,Nintendo Switch,2016.0,1.618757736836625,2010s
Hades,Horror,Nintendo Switch,2022.0,3.009291465421289,2020s
GTA San Andreas,Fighting,Nintendo Switch,2012.0,4.304459085089031,2010s
Watch Dogs: Legion,Platformer,Mobile,2008.0,1.6101281178099565,2000s
Dying Light,Puzzle,Nintendo Switch,2011.0,4.047429889103952,2010s
Elden Ring,Horror,Xbox,2012.0,2.880239073233708,2010s
Sea of Thieves,Fighting,Xbox,2002.0,2.474982829581457,2000s
Valorant,Puzzle,Mobile,2009.0,6.147199935344119,2000s
Minecraft,Stealth,PlayStation,2003.0,3.8867264108649913,2000s
The Legend of Zelda: Breath of the Wild,Simulation,Xbox,2002.0,4.451685558715306,2000s
League of Legends,Stealth,PC,2013.0,2.223082528355775,2010s
Sekiro: Shadows Die Twice,Strategy,Mobile,2002.0,7.122202510718658,2000s
League of Legends: Wild Rift,Horror,PC,2012.0,9.141946078360435,2010s
Mass Effect Legendary Edition,Shooter,Nintendo Switch,2012.0,9.02849216226239,2010s
League of Legends: Wild Rift,Adventure,Nintendo Switch,2011.0,9.852759600447696,2010s
League of Legends: Wild Rift,Shooter,Nintendo Switch,2002.0,2.2723516539630526,2000s
Death Stranding,Role-playing,Mobile,2000.0,2.693216391370012,2000s
Monster Hunter: World,Racing,Mobile,2006.0,6.187689339182962,2000s
Cyberpunk 2077,Adventure,Mobile,2020.0,5.474334029803134,2020s
Minecraft,Survival,Mobile,2012.0,1.5667983265305692,2010s
The Elder Scrolls V: Skyrim,Stealth,PC,2009.0,8.13360676723893,2000s
Destiny 2,Shooter,PlayStation,2020.0,6.531219947127766,2020s
Minecraft Dungeons,Fighting,PlayStation,2017.0,2.411122931668288,2010s
Tetris,Role-playing,Xbox,2016.0,4.407027927308512,2010s
The Sims 4,Horror,Nintendo Switch,2003.0,5.58977845383896,2000s
The Sims 4,Adventure,Mobile,2018.0,5.894993510678331,2010s
Death Stranding,Shooter,PC,2017.0,1.8160425724461435,2010s
Hades,Puzzle,PC,2010.0,9.397289647283168,2010s
League of Legends: Wild Rift,Sports,Nintendo Switch,2002.0,5.066174681350328,2000s
GTA San Andreas,Platformer,Xbox,2005.0,2.017393837530148,2000s
Valorant,Role-playing,PlayStation,2005.0,3.916344129383484,2000s
GTA San Andreas,Strategy,Xbox,2005.0,5.743603439438983,2000s
GTA San Andreas,Puzzle,PlayStation,2011.0,2.3507437740174457,2010s
Assassin's Creed Valhalla,Platformer,PlayStation,2022.0,5.631638690363289,2020s
Ghost of Tsushima,Shooter,Mobile,2011.0,9.330137478016196,2010s
League of Legends: Wild Rift,Simulation,PC,2022.0,3.853513418538681,2020s
NBA 2K21,Role-playing,Mobile,2004.0,2.649689889665292,2000s
Counter-Strike: Global Offensive,Sports,Nintendo Switch,2018.0,6.586315138923847,2010s
Sekiro: Shadows Die Twice,Platformer,Xbox,2003.0,9.247176381798278,2000s
Control,Horror,Nintendo Switch,2023.0,4.797091586661772,2020s
Fall Guys: Ultimate Knockout,Fighting,Mobile,2019.0,7.915491693954717,2010s
Far Cry 5,Shooter,PC,2021.0,6.252961683653088,2020s
Resident Evil Village,Platformer,Nintendo Switch,2008.0,5.654223753882416,2000s
Valorant,Stealth,Xbox,2004.0,4.967195193969097,2000s
Halo Master Chief Collection,Role-playing,Nintendo Switch,2018.0,5.354436625352617,2010s
League of Legends,Puzzle,Nintendo Switch,2016.0,2.0761456577107618,2010s
Grand Theft Auto IV,Platformer,PlayStation,2014.0,5.85662110043514,2010s
The Legend of Zelda: Breath of the Wild,Platformer,Xbox,2007.0,6.606687275828188,2000s
Assassin's Creed Valhalla,Action,Nintendo Switch,2016.0,3.52095703494541,2010s
Madden NFL 21,Simulation,Mobile,2018.0,5.423507005186204,2010s
Minecraft,Racing,Xbox,2018.0,7.702901997349462,2010s
Far Cry 5,Shooter,PC,2019.0,8.119393600052835,2010s
Horizon Zero Dawn,Role-playing,PC,2012.0,7.6380258216964,2010s
PUBG Mobile,Sports,PlayStation,2001.0,8.731876199662802,2000s
Grand Theft Auto V,Platformer,Xbox,2008.0,2.914006237189147,2000s
GTA San Andreas,Strategy,Nintendo Switch,2020.0,8.164085802578759,2020s
Sea of Thieves,Fighting,Mobile,2021.0,3.2437947332111112,2020s
League of Legends: Wild Rift,Adventure,PlayStation,2016.0,5.889312584194255,2010s
PUBG Mobile,Puzzle,Nintendo Switch,2019.0,8.52427095630357,2010s
Forza Horizon 4,Strategy,PlayStation,2008.0,2.853993201780789,2000s
Halo Master Chief Collection,Adventure,Mobile,2008.0,6.928136433819205,2000s
Halo Infinite,Racing,Xbox,2004.0,8.341131156548908,2000s
Horizon Zero Dawn,Role-playing,PlayStation,2009.0,7.519700370875626,2000s
Ghost of Tsushima,Racing,Nintendo Switch,2008.0,1.7760819895433744,2000s
The Elder Scrolls V: Skyrim,Platformer,Xbox,2013.0,1.831880018393489,2010s
League of Legends,Adventure,PlayStation,2012.0,4.104396788475878,2010s
Watch Dogs: Legion,Adventure,Nintendo Switch,2003.0,8.010427737110284,2000s
The Witcher 3: Wild Hunt,Sports,PlayStation,2003.0,4.626504043262781,2000s
Minecraft,Sports,PC,2008.0,1.6152587687680289,2000s
Control,Stealth,PC,2013.0,8.120824871585864,2010s
Dark Souls III,Stealth,PC,2006.0,5.131877064817057,2000s
Monster Hunter: World,Simulation,Nintendo Switch,2017.0,9.14043028931979,2010s
The Elder Scrolls V: Skyrim,Survival,Xbox,2010.0,7.71912351166003,2010s
Genshin Impact,Racing,PC,2015.0,8.22043728870425,2010s
Dark Souls III,Simulation,Mobile,2001.0,5.88648779421629,2000s
Madden NFL 21,Survival,Mobile,2017.0,7.942641062929878,2010s
Hitman 3,Horror,PlayStation,2016.0,9.37136967779527,2010s
Animal Crossing: New Horizons,Sports,Xbox,2018.0,8.096382473847086,2010s
League of Legends,Platformer,PC,2021.0,5.944526550154746,2020s
Resident Evil Village,Shooter,Nintendo Switch,2007.0,2.465716910501292,2000s
Madden NFL 21,Shooter,PC,2004.0,5.945968362107959,2000s
Forza Horizon 4,Puzzle,PlayStation,2013.0,9.014272666441464,2010s
Call of Duty: Modern Warfare,Adventure,PlayStation,2012.0,4.198695442069271,2010s
NBA 2K21,Racing,Mobile,2001.0,2.3831849696009124,2000s
Cyberpunk 2077,Role-playing,Nintendo Switch,2002.0,1.6412613160053442,2000s
Resident Evil Village,Shooter,PlayStation,2015.0,1.5930965990727417,2010s
The Elder Scrolls V: Skyrim,Fighting,PC,2002.0,5.212349250643375,2000s
Call of Duty: Modern Warfare,Survival,PlayStation,2007.0,3.0552718241288,2000s
Sekiro: Shadows Die Twice,Stealth,Mobile,2019.0,1.9966174278170297,2010s
Death Stranding,Action,PlayStation,2008.0,3.58512365163085,2000s
FIFA 21,Shooter,Xbox,2002.0,4.675587417873477,2000s
PUBG Mobile,Sports,PlayStation,2020.0,7.33265169066065,2020s
Monster Hunter: World,Racing,Xbox,2021.0,3.3367964096668734,2020s
Mass Effect Legendary Edition,Adventure,Mobile,2004.0,9.247378497009738,2000s
Red Dead Redemption 2,Shooter,Xbox,2008.0,9.62819383734016,2000s
World of Warcraft,Strategy,PC,2012.0,9.148895409874354,2010s
Dota 2,Stealth,Nintendo Switch,2012.0,3.2916514030560524,2010s
Halo Master Chief Collection,Sports,Nintendo Switch,2006.0,9.94888600255118,2000s
Assassin's Creed Valhalla,Action,PC,2014.0,9.892687446114753,2010s
Grand Theft Auto IV,Survival,Nintendo Switch,2007.0,5.85609704174205,2000s
Hitman 3,Survival,Xbox,2004.0,9.076131249037864,2000s
Sekiro: Shadows Die Twice,Racing,Nintendo Switch,2013.0,9.009359842169811,2010s
Borderlands 3,Platformer,PC,2011.0,7.8353248002857105,2010s
FIFA 21,Sports,Xbox,2005.0,8.173780222428697,2000s
Halo Infinite,Stealth,Nintendo Switch,2020.0,7.439802556984758,2020s
Among Us,Role-playing,Nintendo Switch,2022.0,5.9012366696190695,2020s
Hades,Stealth,Nintendo Switch,2000.0,6.961768760822883,2000s
World of Warcraft,Puzzle,PlayStation,2012.0,7.685373509386745,2010s
The Legend of Zelda: Breath of the Wild,Strategy,PlayStation,2019.0,3.4617086219977886,2010s
The Legend of Zelda: Breath of the Wild,Adventure,PlayStation,2001.0,2.2989496099823783,2000s
Mass Effect Legendary Edition,Adventure,Nintendo Switch,2006.0,9.22009521327196,2000s
Sekiro: Shadows Die Twice,Horror,PC,2011.0,9.915254910078046,2010s
Borderlands 3,Sports,PlayStation,2023.0,6.271812964675068,2020s
Red Dead Redemption 2,Horror,Xbox,2013.0,9.253275848125853,2010s
Tetris,Fighting,PlayStation,2023.0,1.1585562555148945,2020s
The Elder Scrolls V: Skyrim,Adventure,Mobile,2023.0,3.1369646273705456,2020s
Halo Master Chief Collection,Shooter,PlayStation,2021.0,4.279865939609542,2020s
Genshin Impact,Platformer,PC,2017.0,1.4509402223980057,2010s
Sekiro: Shadows Die Twice,Sports,PC,2000.0,6.603029893413451,2000s
The Witcher 3: Wild Hunt,Puzzle,PlayStation,2023.0,8.487779535782707,2020s
Fortnite,Shooter,PC,2002.0,9.129505011473162,2000s
Minecraft,Sports,PlayStation,2007.0,6.926736282425333,2000s
Control,Simulation,PlayStation,2005.0,9.641988851262935,2000s
Dota 2,Strategy,PlayStation,2006.0,9.797675097306326,2000s
Red Dead Redemption 2,Shooter,PlayStation,2015.0,9.709892783396912,2010s
The Division 2,Shooter,Xbox,2008.0,1.0203610974384836,2000s
Super Mario Odyssey,Platformer,Mobile,2015.0,4.04719916411762,2010s
PUBG,Platformer,Xbox,2018.0,3.4121328625628866,2010s
Watch Dogs: Legion,Simulation,PC,2015.0,1.50129492203125,2010s
Death Stranding,Platformer,Nintendo Switch,2008.0,2.2582186050158333,2000s
Tetris,Puzzle,PlayStation,2022.0,8.615184094535685,2020s
Dark Souls III,Racing,Nintendo Switch,2016.0,7.565239544256995,2010s
Fall Guys: Ultimate Knockout,Adventure,PC,2010.0,5.965728402713061,2010s
The Witcher 3: Wild Hunt,Sports,Mobile,2015.0,8.847224204979184,2010s
Tetris,Fighting,PC,2014.0,4.263540442455227,2010s
Halo Master Chief Collection,Fighting,Mobile,2004.0,3.662628533459924,2000s
Cyberpunk 2077,Racing,Nintendo Switch,2008.0,8.280578858064706,2000s
Far Cry 5,Stealth,Nintendo Switch,2015.0,7.427528277719156,2010s
Dota 2,Strategy,PlayStation,2003.0,4.337173081535709,2000s
PUBG Mobile,Sports,Xbox,2001.0,9.4353453467866,2000s
GTA San Andreas,Racing,Xbox,2001.0,6.717575488135848,2000s
Elden Ring,Role-playing,PlayStation,2008.0,2.255895772807229,2000s
Monster Hunter: World,Survival,PlayStation,2005.0,3.742792518388889,2000s
The Division 2,Horror,PlayStation,2004.0,6.924339105270119,2000s
The Legend of Zelda: Breath of the Wild,Fighting,Mobile,2010.0,7.613861908254017,2010s
Far Cry 5,Sports,Mobile,2010.0,3.537259169527177,2010s
Hitman 3,Stealth,Xbox,2012.0,9.148385289026226,2010s
Horizon Zero Dawn,Stealth,Xbox,2017.0,1.6457918187405154,2010s
League of Legends: Wild Rift,Racing,PC,2018.0,9.909251571305164,2010s
Overwatch,Platformer,PlayStation,2010.0,2.7704434117138383,2010s
League of Legends,Survival,Xbox,2011.0,8.456793164688623,2010s
The Division 2,Shooter,PC,2013.0,9.22174655123286,2010s
Halo Infinite,Puzzle,Mobile,2014.0,9.423415421353267,2010s
The Sims 4,Puzzle,Nintendo Switch,2011.0,8.596326677973794,2010s
Mass Effect Legendary Edition,Adventure,PC,2009.0,9.141551730267686,2000s
The Division 2,Simulation,PC,2011.0,8.530634685984975,2010s
Overwatch,Horror,Nintendo Switch,2002.0,2.69776200924622,2000s
The Sims 4,Simulation,Mobile,2016.0,6.500295746719722,2010s
Hitman 3,Adventure,PC,2022.0,4.5759504839923695,2020s
Death Stranding,Role-playing,Mobile,2022.0,6.960218903514086,2020s
Hitman 3,Racing,PC,2011.0,3.621834471053461,2010s
Cyberpunk 2077,Platformer,PC,2010.0,4.8100002122625165,2010s
Assassin's Creed Valhalla,Role-playing,PC,2004.0,7.630646236722893,2000s
Ghost of Tsushima,Racing,Nintendo Switch,2001.0,7.60395039630228,2000s
Cyberpunk 2077,Simulation,Nintendo Switch,2015.0,2.395248689191797,2010s
Death Stranding,Platformer,Mobile,2012.0,8.424552990281322,2010s
Monster Hunter: World,Shooter,PlayStation,2005.0,5.621860132748238,2000s
Ghost of Tsushima,Survival,Nintendo Switch,2009.0,4.069603056663369,2000s
Elden Ring,Action,PlayStation,2021.0,2.732637908008858,2020s
PUBG: Battlegrounds,Stealth,PlayStation,2000.0,9.61989857308846,2000s
FIFA 21,Racing,Mobile,2016.0,8.991715851349262,2010s
Dota 2,Survival,PC,2005.0,6.735701145998509,2000s
Red Dead Redemption 2,Action,PC,2021.0,3.4602694155129337,2020s
Halo Infinite,Horror,Mobile,2014.0,3.2714430998673123,2010s
Destiny 2,Fighting,Nintendo Switch,2001.0,5.451958964955528,2000s
PUBG: Battlegrounds,Shooter,Nintendo Switch,2022.0,9.80978330161132,2020s
Hitman 3,Sports,PC,2010.0,7.78745420875274,2010s
Watch Dogs: Legion,Shooter,PlayStation,2020.0,1.6243797733607923,2020s
Assassin's Creed Valhalla,Platformer,PC,2002.0,5.405724459798812,2000s
Assassin's Creed Valhalla,Action,PC,2018.0,3.8120904474731008,2010s
Dota 2,Stealth,Xbox,2005.0,6.809579395450305,2000s
Halo Infinite,Racing,Xbox,2014.0,2.309557312033653,2010s
Watch Dogs: Legion,Puzzle,Xbox,2011.0,7.329268985251715,2010s
Rocket League,Stealth,Mobile,2008.0,9.06834837388719,2000s
Fall Guys: Ultimate Knockout,Simulation,Nintendo Switch,2008.0,1.7962763421040595,2000s
Minecraft Dungeons,Sports,Xbox,2021.0,8.38920652132882,2020s
Among Us,Horror,Xbox,2017.0,5.507349249420752,2010s
Grand Theft Auto V,Action,Nintendo Switch,2014.0,8.471757656708217,2010s
Animal Crossing: New Horizons,Role-playing,PlayStation,2004.0,3.484110995713041,2000s
Mass Effect Legendary Edition,Platformer,Mobile,2009.0,8.55977859397111,2000s
League of Legends: Wild Rift,Sports,Mobile,2012.0,8.194454555162963,2010s
GTA San Andreas,Fighting,PC,2014.0,6.287483816539974,2010s
Resident Evil Village,Stealth,Mobile,2018.0,7.950488127883474,2010s
Ghost of Tsushima,Shooter,PC,2010.0,6.690170034008205,2010s
Cyberpunk 2077,Action,Xbox,2012.0,4.5131003739109765,2010s
Control,Puzzle,PC,2019.0,7.322909941388808,2010s
Minecraft,Shooter,PlayStation,2001.0,8.562722077399547,2000s
Borderlands 3,Puzzle,Mobile,2020.0,8.375871115235055,2020s
Red Dead Redemption 2,Strategy,Nintendo Switch,2013.0,2.7916583344425687,2010s
The Sims 4,Action,PlayStation,2009.0,9.34911324275443,2000s
Grand Theft Auto V,Survival,Mobile,2019.0,4.538278459569883,2010s
Hades,Action,PlayStation,2019.0,1.825085789390081,2010s
Minecraft,Adventure,Nintendo Switch,2022.0,1.0746434473265425,2020s
God of War,Platformer,PC,2007.0,7.917798826779684,2000s
Halo Master Chief Collection,Simulation,PC,2015.0,3.4076603993119403,2010s
Death Stranding,Racing,Nintendo Switch,2015.0,1.9983234802003915,2010s
Monster Hunter: World,Sports,PC,2022.0,6.473569385870736,2020s
Sekiro: Shadows Die Twice,Racing,Mobile,2009.0,6.653983157775928,2000s
Madden NFL 21,Adventure,PC,2013.0,1.437490483274251,2010s
Horizon Zero Dawn,Stealth,PlayStation,2017.0,2.664677663307635,2010s
Fortnite,Fighting,PC,2002.0,9.381168712437876,2000s
GTA San Andreas,Racing,Mobile,2014.0,2.013476215798069,2010s
Ghost of Tsushima,Platformer,Xbox,2007.0,1.2163506839520095,2000s
League of Legends,Sports,Nintendo Switch,2002.0,8.740300148119193,2000s
Fall Guys: Ultimate Knockout,Puzzle,Mobile,2000.0,2.978421918233804,2000s
Super Mario Odyssey,Action,Xbox,2005.0,8.643602622246984,2000s
Ghost of Tsushima,Puzzle,Nintendo Switch,2007.0,6.798153140624422,2000s
Overwatch,Strategy,Nintendo Switch,2019.0,7.9431457560724,2010s
Watch Dogs: Legion,Sports,PlayStation,2011.0,6.653747992687419,2010s
The Elder Scrolls V: Skyrim,Adventure,PC,2000.0,2.561882238972281,2000s
Fortnite,Action,PC,2006.0,2.682158798590702,2000s
The Sims 4,Action,PC,2009.0,5.212552771037058,2000s
Hitman 3,Platformer,Nintendo Switch,2006.0,7.19932306327593,2000s
Red Dead Redemption 2,Platformer,Mobile,2021.0,9.12676546738492,2020s
Among Us,Shooter,PC,2017.0,3.2327271521970924,2010s
Madden NFL 21,Puzzle,Xbox,2007.0,1.205607666433706,2000s
Halo Infinite,Simulation,PlayStation,2005.0,9.687117706466788,2000s
Dota 2,Strategy,PlayStation,2007.0,6.645117502805956,2000s
Ghost of Tsushima,Horror,Xbox,2005.0,8.134847304655473,2000s
Valorant,Racing,Nintendo Switch,2019.0,8.997091174884375,2010s
Resident Evil Village,Survival,PlayStation,2003.0,6.695736829183069,2000s
Monster Hunter: World,Survival,Nintendo Switch,2017.0,4.904675492753501,2010s
Halo Infinite,Role-playing,Xbox,2017.0,8.00531412668416,2010s
Counter-Strike: Global Offensive,Racing,PC,2009.0,6.974341032429198,2000s
The Witcher 3: Wild Hunt,Racing,Xbox,2007.0,7.710460964001113,2000s
Sea of Thieves,Simulation,Nintendo Switch,2015.0,3.862319547682672,2010s
Watch Dogs: Legion,Fighting,Xbox,2002.0,2.4336181547162985,2000s
Apex Legends,Adventure,Mobile,2009.0,7.22076445277841,2000s
PUBG Mobile,Role-playing,Xbox,2023.0,5.284194617236603,2020s
Elden Ring,Action,PlayStation,2004.0,4.48880490697965,2000s
Valorant,Racing,PlayStation,2006.0,6.695883240317105,2000s
Sekiro: Shadows Die Twice,Horror,Xbox,2022.0,2.5345498601899865,2020s
Mass Effect Legendary Edition,Simulation,Xbox,2001.0,5.328897206579286,2000s
PUBG,Role-playing,Xbox,2005.0,7.195403210881058,2000s
Mass Effect Legendary Edition,Platformer,PC,2003.0,6.47165468934072,2000s
Cyberpunk 2077,Fighting,PC,2007.0,1.444406055061155,2000s
Borderlands 3,Sports,Mobile,2020.0,3.195264975956337,2020s
Counter-Strike: Global Offensive,Puzzle,Nintendo Switch,2020.0,2.5889861109807155,2020s
The Legend of Zelda: Breath of the Wild,Racing,PlayStation,2009.0,2.7921793619112583,2000s
The Elder Scrolls V: Skyrim,Shooter,Xbox,2004.0,6.120054970446144,2000s
Resident Evil Village,Stealth,PC,2001.0,9.253314088670471,2000s
PUBG,Simulation,PC,2007.0,2.8597134697803672,2000s
Madden NFL 21,Sports,Mobile,2011.0,1.7440933052796876,2010s
Among Us,Sports,PlayStation,2013.0,8.839379800698289,2010s
Halo Master Chief Collection,Simulation,PC,2008.0,7.347792033294795,2000s
PUBG,Fighting,PC,2011.0,6.675888233014481,2010s
Ghost of Tsushima,Fighting,Xbox,2015.0,1.0640286585414285,2010s
Minecraft Dungeons,Stealth,Nintendo Switch,2017.0,6.483357546290879,2010s
Destiny 2,Action,Xbox,2011.0,8.171323390736605,2010s
Valorant,Puzzle,Nintendo Switch,2002.0,5.7357308324888665,2000s
Call of Duty: Modern Warfare,Action,Nintendo Switch,2007.0,2.4283504379885565,2000s
Valorant,Survival,Nintendo Switch,2023.0,7.048897634777615,2020s
Overwatch,Action,Mobile,2011.0,2.365234500314398,2010s
Horizon Zero Dawn,Platformer,Mobile,2012.0,4.957964180479849,2010s
Rocket League,Stealth,PC,2011.0,5.728002311855124,2010s
The Elder Scrolls V: Skyrim,Action,Xbox,2003.0,5.028565159353124,2000s
Grand Theft Auto IV,Fighting,PlayStation,2011.0,6.801998035798815,2010s
Hades,Survival,PlayStation,2023.0,5.738039517165733,2020s
FIFA 21,Shooter,PlayStation,2005.0,2.482781317393493,2000s
Destiny 2,Adventure,PlayStation,2020.0,8.918153563535348,2020s
Hades,Sports,Xbox,2011.0,4.336648117393042,2010s
Minecraft Dungeons,Strategy,Nintendo Switch,2022.0,9.38965856246952,2020s
Counter-Strike: Global Offensive,Strategy,Xbox,2016.0,1.070316849691361,2010s
Madden NFL 21,Strategy,Xbox,2019.0,2.123178014670998,2010s
Dying Light,Horror,Mobile,2020.0,7.39279378571482,2020s
GTA San Andreas,Role-playing,Nintendo Switch,2002.0,1.4973864304349156,2000s
Resident Evil Village,Shooter,Nintendo Switch,2021.0,8.143368096882856,2020s
Dota 2,Sports,PlayStation,2000.0,6.086691805708279,2000s
Minecraft,Role-playing,Xbox,2015.0,5.444625735464475,2010s
Animal Crossing: New Horizons,Action,PlayStation,2007.0,4.274973980483328,2000s
Dying Light,Puzzle,PC,2023.0,5.447369358791719,2020s
Mass Effect Legendary Edition,Racing,PlayStation,2010.0,3.432884812188042,2010s
Forza Horizon 4,Puzzle,Mobile,2006.0,2.7411417483557736,2000s
League of Legends: Wild Rift,Horror,PC,2022.0,5.7106473332068886,2020s
The Elder Scrolls V: Skyrim,Stealth,PC,2021.0,1.9112954636921755,2020s
Red Dead Redemption 2,Strategy,Nintendo Switch,2018.0,4.540350783250799,2010s
Rocket League,Role-playing,PC,2002.0,7.093933304191425,2000s
Watch Dogs: Legion,Puzzle,PlayStation,2018.0,5.05265026455154,2010s
The Sims 4,Adventure,PlayStation,2018.0,5.713331853496358,2010s
The Elder Scrolls V: Skyrim,Simulation,Xbox,2021.0,6.658152410972992,2020s
Genshin Impact,Horror,Mobile,2002.0,6.218521329965327,2000s
NBA 2K21,Stealth,Mobile,2008.0,2.0171722068887377,2000s
NBA 2K21,Racing,PC,2012.0,6.009610912862469,2010s
League of Legends,Strategy,Xbox,2004.0,6.778854574679501,2000s
Borderlands 3,Simulation,Xbox,2007.0,3.828018688010733,2000s
PUBG,Racing,Xbox,2006.0,7.282077835513831,2000s
Among Us,Racing,PC,2005.0,8.29557057502658,2000s
Death Stranding,Strategy,Nintendo Switch,2006.0,1.034002268902464,2000s
GTA San Andreas,Puzzle,PC,2018.0,6.179475879042151,2010s
Sea of Thieves,Platformer,Xbox,2014.0,1.9760041890030813,2010s
Overwatch,Stealth,PC,2004.0,1.2332524446937918,2000s
Fall Guys: Ultimate Knockout,Survival,PlayStation,2005.0,7.625701677645247,2000s
Minecraft,Role-playing,PlayStation,2011.0,6.290760637943079,2010s
Rocket League,Role-playing,PlayStation,2012.0,8.679219824095465,2010s
Fall Guys: Ultimate Knockout,Adventure,Nintendo Switch,2017.0,1.9432817808996847,2010s
Valorant,Platformer,PC,2013.0,7.699877914660055,2010s
Minecraft,Horror,Mobile,2012.0,9.085705131620813,2010s
Resident Evil Village,Role-playing,Mobile,2021.0,4.774455081950058,2020s
PUBG: Battlegrounds,Puzzle,PC,2014.0,5.006792468105394,2010s
Apex Legends,Sports,Xbox,2014.0,1.51534450741239,2010s
Grand Theft Auto IV,Shooter,Xbox,2020.0,8.323120347204215,2020s
Cyberpunk 2077,Action,Nintendo Switch,2006.0,3.69565005219638,2000s
Forza Horizon 4,Fighting,Xbox,2012.0,3.456525949064304,2010s
Madden NFL 21,Shooter,PlayStation,2010.0,4.713635535665645,2010s
Hades,Racing,PC,2008.0,1.0064310789740942,2000s
Monster Hunter: World,Racing,PlayStation,2008.0,4.711137750295983,2000s
Madden NFL 21,Racing,PC,2022.0,1.3234859772554337,2020s
Grand Theft Auto IV,Adventure,PlayStation,2014.0,4.357446767880607,2010s
GTA San Andreas,Fighting,Xbox,2014.0,2.443512904328612,2010s
Genshin Impact,Platformer,Xbox,2000.0,6.226937058604544,2000s
God of War,Stealth,PlayStation,2013.0,2.711559105965048,2010s
Dying Light,Shooter,Xbox,2005.0,9.021189598370835,2000s
Destiny 2,Sports,PlayStation,2000.0,8.842169782741346,2000s
Animal Crossing: New Horizons,Action,PlayStation,2001.0,3.0220198644839726,2000s
League of Legends,Action,PlayStation,2022.0,9.504078438184774,2020s
Tetris,Puzzle,PC,2022.0,6.002487194693341,2020s
Death Stranding,Survival,Mobile,2006.0,7.239325951483577,2000s
FIFA 21,Role-playing,PlayStation,2014.0,5.942085053435028,2010s
The Elder Scrolls V: Skyrim,Sports,PlayStation,2016.0,2.1905128203127,2010s
The Legend of Zelda: Breath of the Wild,Action,Xbox,2018.0,1.1679899402344938,2010s
Elden Ring,Simulation,PC,2006.0,6.686964094542689,2000s
Monster Hunter: World,Simulation,Xbox,2009.0,3.34190629518531,2000s
Horizon Zero Dawn,Horror,Xbox,2014.0,9.610602710372968,2010s
Horizon Zero Dawn,Adventure,PC,2013.0,6.956687340812438,2010s
Grand Theft Auto IV,Simulation,PC,2019.0,4.293092606280062,2010s
Watch Dogs: Legion,Racing,PlayStation,2004.0,9.06264299922859,2000s
Elden Ring,Simulation,PC,2011.0,8.047791119028613,2010s
Assassin's Creed Valhalla,Platformer,Mobile,2007.0,5.135631926300345,2000s
The Witcher 3: Wild Hunt,Survival,PlayStation,2001.0,6.331193011497574,2000s
Fortnite,Racing,Xbox,2015.0,8.58022218270115,2010s
Overwatch,Simulation,PlayStation,2019.0,9.537452332407204,2010s
Destiny 2,Adventure,Mobile,2023.0,6.263201435869263,2020s
PUBG: Battlegrounds,Platformer,Nintendo Switch,2014.0,3.143153225358626,2010s
The Division 2,Strategy,Mobile,2003.0,7.753859170059266,2000s
Rocket League,Action,PC,2006.0,3.26410293347063,2000s
Elden Ring,Shooter,Xbox,2000.0,4.92110137453593,2000s
Tetris,Fighting,PC,2015.0,8.670010796477433,2010s
Resident Evil Village,Survival,Mobile,2016.0,3.452495910123591,2010s
League of Legends,Role-playing,Mobile,2013.0,2.736189228359048,2010s
God of War,Stealth,PlayStation,2001.0,2.9985507593233565,2000s
Among Us,Shooter,PC,2019.0,7.439312828594881,2010s
Call of Duty: Modern Warfare,Horror,PC,2015.0,6.11288292195533,2010s
The Division 2,Survival,Xbox,2003.0,1.0258682000692083,2000s
Halo Infinite,Adventure,Nintendo Switch,2002.0,6.131080338459704,2000s
Genshin Impact,Stealth,Xbox,2021.0,2.0994580633747013,2020s
Death Stranding,Stealth,Nintendo Switch,2013.0,9.140466974147074,2010s
The Elder Scrolls V: Skyrim,Fighting,Xbox,2010.0,2.5835914929186385,2010s
NBA 2K21,Fighting,Xbox,2002.0,9.607474925797352,2000s
The Sims 4,Shooter,PC,2015.0,3.735082244536209,2010s
Genshin Impact,Shooter,PC,2020.0,8.716700514006108,2020s
FIFA 21,Stealth,PlayStation,2000.0,5.885042627597708,2000s
Apex Legends,Simulation,Mobile,2019.0,5.326917065930979,2010s
League of Legends,Strategy,PlayStation,2005.0,5.794795990327169,2000s
The Sims 4,Adventure,Mobile,2001.0,1.4124535492349342,2000s
Mass Effect Legendary Edition,Action,PlayStation,2000.0,3.4329030645219074,2000s
FIFA 21,Shooter,PC,2013.0,8.239384324591864,2010s
Halo Infinite,Sports,Xbox,2022.0,6.714277019575833,2020s
Elden Ring,Horror,PC,2003.0,7.851665127948552,2000s
Grand Theft Auto V,Action,Nintendo Switch,2020.0,8.862289112163221,2020s
Fall Guys: Ultimate Knockout,Adventure,PlayStation,2015.0,7.093311354551748,2010s
Rocket League,Action,Nintendo Switch,2001.0,9.134471549922797,2000s
The Division 2,Racing,Nintendo Switch,2008.0,4.185635300027183,2000s
Sea of Thieves,Platformer,PC,2010.0,7.602357107767881,2010s
Apex Legends,Stealth,Nintendo Switch,2007.0,2.3075756326610555,2000s
Sekiro: Shadows Die Twice,Fighting,PC,2019.0,4.376642161668176,2010s
Rocket League,Shooter,Nintendo Switch,2006.0,6.453403166616329,2000s
Monster Hunter: World,Survival,Mobile,2013.0,9.388299111511234,2010s
The Legend of Zelda: Breath of the Wild,Action,Xbox,2006.0,3.8403750808508663,2000s
Counter-Strike: Global Offensive,Strategy,PC,2016.0,3.684775396810764,2010s
League of Legends,Fighting,PlayStation,2022.0,4.548138218159701,2020s
Sea of Thieves,Simulation,PC,2004.0,5.721512704177625,2000s
The Legend of Zelda: Breath of the Wild,Puzzle,PlayStation,2020.0,5.72537001493249,2020s
Monster Hunter: World,Racing,Mobile,2018.0,4.220154484292458,2010s
Minecraft Dungeons,Fighting,PlayStation,2014.0,3.5925731436160366,2010s
Cyberpunk 2077,Action,Mobile,2017.0,7.695804217479865,2010s
Grand Theft Auto V,Shooter,Mobile,2017.0,9.25432068479259,2010s
Madden NFL 21,Stealth,PC,2021.0,3.517113920962748,2020s
The Elder Scrolls V: Skyrim,Survival,Nintendo Switch,2007.0,4.168163302379872,2000s
Halo Infinite,Platformer,Xbox,2014.0,1.875043107484288,2010s
PUBG,Action,Nintendo Switch,2019.0,7.017497449542562,2010s
The Division 2,Role-playing,Mobile,2006.0,2.6175752468328386,2000s
Among Us,Puzzle,Xbox,2018.0,9.912298143350831,2010s
Ghost of Tsushima,Fighting,Nintendo Switch,2005.0,6.283089947492282,2000s
Madden NFL 21,Stealth,PC,2023.0,6.935849495394246,2020s
Mass Effect Legendary Edition,Adventure,PlayStation,2017.0,6.572929200704049,2010s
Elden Ring,Stealth,Xbox,2018.0,6.131026091289087,2010s
The Sims 4,Sports,Mobile,2011.0,7.336980718120432,2010s
Control,Horror,PlayStation,2008.0,6.890895480879552,2000s
FIFA 21,Strategy,Xbox,2007.0,6.465953167085393,2000s
Rocket League,Stealth,Mobile,2015.0,2.0107398967571086,2010s
Dying Light,Horror,Mobile,2001.0,1.4803339944944045,2000s
Animal Crossing: New Horizons,Action,Mobile,2021.0,2.545481680962367,2020s
Red Dead Redemption 2,Racing,Nintendo Switch,2013.0,7.572866464694987,2010s
GTA San Andreas,Action,PC,2000.0,1.388660498645924,2000s
PUBG: Battlegrounds,Sports,Nintendo Switch,2010.0,5.2917245886744935,2010s
Sekiro: Shadows Die Twice,Puzzle,Mobile,2002.0,3.808660727185242,2000s
The Legend of Zelda: Breath of the Wild,Racing,Nintendo Switch,2015.0,5.159513335323474,2010s
Minecraft Dungeons,Sports,Nintendo Switch,2021.0,9.561975614611432,2020s
Dota 2,Survival,Mobile,2022.0,7.403730535192801,2020s
World of Warcraft,Simulation,Nintendo Switch,2006.0,3.8916690246308954,2000s
Super Mario Odyssey,Sports,PlayStation,2010.0,4.243360767204848,2010s
Halo Master Chief Collection,Stealth,PC,2005.0,5.621174172342586,2000s
Call of Duty: Modern Warfare,Puzzle,PC,2001.0,2.017003899257599,2000s
NBA 2K21,Adventure,Xbox,2018.0,8.591560235750844,2010s
Halo Master Chief Collection,Puzzle,Nintendo Switch,2012.0,4.771030134455994,2010s
Horizon Zero Dawn,Strategy,Nintendo Switch,2007.0,1.3525898658311286,2000s
Grand Theft Auto V,Sports,PlayStation,2021.0,3.9292790219977753,2020s
Sekiro: Shadows Die Twice,Sports,Mobile,2013.0,4.818162592323972,2010s
Call of Duty: Modern Warfare,Racing,PlayStation,2012.0,9.58769407766739,2010s
Dota 2,Sports,PC,2006.0,6.764914609980936,2000s
Ghost of Tsushima,Adventure,Xbox,2000.0,6.211471332857782,2000s
Cyberpunk 2077,Platformer,PlayStation,2005.0,7.443557036844047,2000s
Cyberpunk 2077,Adventure,PC,2009.0,1.5772763583867908,2000s
Mass Effect Legendary Edition,Fighting,PC,2019.0,6.414035381621378,2010s
Elden Ring,Stealth,Nintendo Switch,2000.0,3.326872471510923,2000s
Grand Theft Auto IV,Strategy,Mobile,2017.0,3.9979667178194247,2010s
Hades,Action,Mobile,2016.0,6.550619426882494,2010s
Grand Theft Auto V,Simulation,PC,2003.0,7.154863724079048,2000s
PUBG Mobile,Horror,Xbox,2001.0,1.9959768531114213,2000s
Assassin's Creed Valhalla,Adventure,Xbox,2003.0,3.76992563148017,2000s
Animal Crossing: New Horizons,Strategy,Nintendo Switch,2023.0,2.94548944337667,2020s
Apex Legends,Strategy,Mobile,2007.0,8.625658273540813,2000s
Death Stranding,Role-playing,Mobile,2005.0,9.78490941069731,2000s
Hades,Puzzle,Xbox,2021.0,5.29011780871948,2020s
Genshin Impact,Platformer,Nintendo Switch,2020.0,9.213179907932776,2020s
Counter-Strike: Global Offensive,Horror,PC,2011.0,8.143103752343158,2010s
Among Us,Adventure,Nintendo Switch,2012.0,1.0167661649232849,2010s
Ghost of Tsushima,Survival,Nintendo Switch,2019.0,8.604751116480857,2010s
Sekiro: Shadows Die Twice,Shooter,Xbox,2015.0,4.981593372223813,2010s
Grand Theft Auto IV,Strategy,Xbox,2002.0,5.165583073808843,2000s
Mass Effect Legendary Edition,Shooter,PC,2007.0,6.602520305353704,2000s
Halo Master Chief Collection,Simulation,PC,2017.0,6.640973879247617,2010s
PUBG Mobile,Sports,Nintendo Switch,2007.0,8.49215090882213,2000s
Grand Theft Auto V,Racing,PlayStation,2000.0,2.563348743218884,2000s
Among Us,Racing,Xbox,2014.0,7.237575764402016,2010s
Halo Master Chief Collection,Sports,PC,2013.0,5.107986470198793,2010s
FIFA 21,Role-playing,Mobile,2006.0,1.1637288808177555,2000s
Far Cry 5,Shooter,PlayStation,2005.0,5.27884702920378,2000s
Grand Theft Auto V,Strategy,Mobile,2000.0,8.601377001770043,2000s
Counter-Strike: Global Offensive,Adventure,PC,2002.0,2.947300875097538,2000s
Assassin's Creed Valhalla,Role-playing,Nintendo Switch,2004.0,9.670459217351658,2000s
Watch Dogs: Legion,Strategy,PC,2002.0,8.860913725399886,2000s
Elden Ring,Adventure,PlayStation,2009.0,6.479802133862436,2000s
Tetris,Shooter,PlayStation,2022.0,6.894708220576484,2020s
Dota 2,Shooter,PlayStation,2006.0,6.057581637582334,2000s
NBA 2K21,Role-playing,PlayStation,2006.0,2.4158041640682137,2000s
Madden NFL 21,Adventure,Nintendo Switch,2009.0,1.6519345850081946,2000s
Tetris,Adventure,PC,2010.0,9.303113467338203,2010s
Borderlands 3,Role-playing,Nintendo Switch,2012.0,2.859568670771266,2010s
Control,Racing,Mobile,2016.0,1.465553245353639,2010s
Fall Guys: Ultimate Knockout,Strategy,Nintendo Switch,2020.0,3.2927021617429064,2020s
Minecraft,Puzzle,Xbox,2003.0,5.87651493839315,2000s
Call of Duty: Modern Warfare,Sports,Mobile,2002.0,5.0489221789946415,2000s
Counter-Strike: Global Offensive,Shooter,PC,2021.0,9.51675112126007,2020s
Apex Legends,Simulation,Xbox,2015.0,3.497244572105357,2010s
Forza Horizon 4,Survival,PC,2012.0,4.5888082735918285,2010s
Hitman 3,Sports,Mobile,2005.0,2.4727190662197978,2000s
League of Legends: Wild Rift,Platformer,Xbox,2006.0,4.092315077364064,2000s
Dota 2,Racing,Xbox,2000.0,4.176045622719666,2000s
Call of Duty: Modern Warfare,Adventure,Xbox,2008.0,4.0271949718234055,2000s
Animal Crossing: New Horizons,Platformer,PC,2020.0,1.183683233134809,2020s
Destiny 2,Sports,PlayStation,2020.0,2.3950843866934863,2020s
NBA 2K21,Role-playing,Xbox,2019.0,7.831802294136267,2010s
Red Dead Redemption 2,Puzzle,Xbox,2020.0,2.5376885395845035,2020s
Dark Souls III,Platformer,PC,2004.0,6.452526667882021,2000s
Forza Horizon 4,Fighting,Mobile,2002.0,2.0786336941341528,2000s
Genshin Impact,Strategy,Mobile,2017.0,2.456843228932286,2010s
Fortnite,Puzzle,PC,2023.0,2.549800943915396,2020s
Overwatch,Puzzle,PlayStation,2012.0,5.138230764448296,2010s
Far Cry 5,Simulation,PlayStation,2012.0,9.6115796035857,2010s
Genshin Impact,Horror,Nintendo Switch,2013.0,2.2155440103088964,2010s
Apex Legends,Role-playing,PlayStation,2021.0,5.347736512298219,2020s
GTA San Andreas,Survival,Mobile,2010.0,8.557524415753086,2010s
Halo Infinite,Survival,Mobile,2017.0,6.76999266893313,2010s
Watch Dogs: Legion,Shooter,PC,2004.0,8.18313261096187,2000s
Dying Light,Racing,PC,2018.0,5.721733162998803,2010s
PUBG: Battlegrounds,Sports,Xbox,2001.0,8.382607851824359,2000s
World of Warcraft,Survival,Xbox,2016.0,2.513864583633704,2010s
Tetris,Stealth,Xbox,2013.0,4.566014102274314,2010s
Dota 2,Simulation,PlayStation,2023.0,6.293996790425503,2020s
GTA San Andreas,Racing,Xbox,2021.0,4.778983204189226,2020s
Fortnite,Stealth,PlayStation,2009.0,2.1255210218159197,2000s
Elden Ring,Puzzle,Nintendo Switch,2006.0,8.254162978212577,2000s
Control,Puzzle,PlayStation,2006.0,9.892773126200757,2000s
FIFA 21,Survival,Mobile,2006.0,3.080068835653402,2000s
Madden NFL 21,Racing,Nintendo Switch,2012.0,8.754455181655189,2010s
Halo Master Chief Collection,Action,PC,2016.0,5.382404970522487,2010s
Super Mario Odyssey,Adventure,PlayStation,2001.0,5.291587713775958,2000s
Sekiro: Shadows Die Twice,Shooter,Mobile,2008.0,6.825083363026496,2000s
Overwatch,Shooter,PlayStation,2007.0,6.449013842906866,2000s
Genshin Impact,Sports,Nintendo Switch,2013.0,1.80007531235927,2010s
Rocket League,Adventure,Nintendo Switch,2018.0,7.254590352414243,2010s
League of Legends: Wild Rift,Sports,Mobile,2003.0,8.753748603219874,2000s
The Sims 4,Racing,Xbox,2001.0,3.755383521708634,2000s
Borderlands 3,Strategy,Nintendo Switch,2020.0,7.100960306421664,2020s
Valorant,Stealth,Mobile,2021.0,6.49390567051874,2020s
Rocket League,Simulation,PC,2011.0,2.953205960376971,2010s
Control,Racing,Mobile,2002.0,2.59202734036581,2000s
Minecraft Dungeons,Platformer,PlayStation,2000.0,2.5197266211826923,2000s
Forza Horizon 4,Racing,Nintendo Switch,2018.0,7.556109241424679,2010s
Genshin Impact,Action,PlayStation,2001.0,1.7711132892605896,2000s
Call of Duty: Modern Warfare,Puzzle,Nintendo Switch,2003.0,6.326702771600298,2000s
Minecraft,Shooter,Mobile,2004.0,2.3202260531222336,2000s
Assassin's Creed Valhalla,Shooter,Mobile,2020.0,6.313929604794563,2020s
PUBG Mobile,Shooter,PlayStation,2009.0,2.751310769296836,2000s
Counter-Strike: Global Offensive,Horror,Xbox,2015.0,4.530576715049531,2010s
FIFA 21,Simulation,PC,2001.0,1.275064404266474,2000s
Destiny 2,Horror,Xbox,2008.0,9.36767408018145,2000s
Halo Infinite,Strategy,Xbox,2010.0,7.914071960911495,2010s
Dying Light,Shooter,Nintendo Switch,2001.0,5.740064856029973,2000s
Sea of Thieves,Simulation,PC,2011.0,7.067006077134295,2010s
Borderlands 3,Shooter,Mobile,2009.0,2.7043845320580115,2000s
Among Us,Strategy,Xbox,2023.0,6.428263681467199,2020s
Among Us,Stealth,Xbox,2009.0,6.693887773392119,2000s
Dota 2,Simulation,PlayStation,2014.0,7.132298284797028,2010s
Overwatch,Role-playing,PC,2014.0,2.925816638763873,2010s
The Elder Scrolls V: Skyrim,Racing,Mobile,2023.0,4.182093487992041,2020s
Cyberpunk 2077,Platformer,Mobile,2011.0,2.052402394703168,2010s
League of Legends: Wild Rift,Survival,Xbox,2002.0,9.856881182396664,2000s
World of Warcraft,Adventure,PlayStation,2011.0,7.446769696542579,2010s
Control,Platformer,PC,2021.0,9.822414031259386,2020s
League of Legends,Action,PC,2021.0,8.866855296782266,2020s
The Elder Scrolls V: Skyrim,Role-playing,Xbox,2001.0,1.1791456405006442,2000s
Halo Master Chief Collection,Sports,PlayStation,2001.0,8.170351176150032,2000s
Far Cry 5,Simulation,Nintendo Switch,2001.0,3.9905473986329634,2000s
Grand Theft Auto V,Sports,PlayStation,2002.0,1.059948584771123,2000s
PUBG: Battlegrounds,Fighting,Mobile,2012.0,9.90380796187044,2010s
Halo Master Chief Collection,Racing,Xbox,2012.0,1.6751390404671724,2010s
Sekiro: Shadows Die Twice,Horror,Mobile,2008.0,8.934296908678508,2000s
Forza Horizon 4,Action,Xbox,2011.0,2.8187388580452626,2010s
Dota 2,Racing,PlayStation,2004.0,9.427798421659071,2000s
Monster Hunter: World,Racing,Nintendo Switch,2002.0,4.827613152870961,2000s
Tetris,Fighting,Mobile,2003.0,4.692374445786032,2000s
Animal Crossing: New Horizons,Survival,Xbox,2002.0,5.942595046119701,2000s
Assassin's Creed Valhalla,Simulation,Nintendo Switch,2000.0,7.258110353616444,2000s
Grand Theft Auto IV,Platformer,PlayStation,2009.0,3.7068853743327663,2000s
Rocket League,Racing,PC,2020.0,6.392719430794356,2020s
Destiny 2,Platformer,Mobile,2010.0,6.940618467362658,2010s
Apex Legends,Survival,PC,2018.0,2.19358252064649,2010s
Tetris,Adventure,Xbox,2010.0,1.0365417326258684,2010s
Apex Legends,Action,PC,2007.0,5.234817702970553,2000s
Super Mario Odyssey,Horror,Mobile,2013.0,8.059986479269877,2010s
Far Cry 5,Puzzle,PC,2007.0,2.0082804632808227,2000s
Fortnite,Role-playing,PlayStation,2010.0,8.752602114212198,2010s
PUBG: Battlegrounds,Survival,Mobile,2008.0,1.441199367657814,2000s
Overwatch,Puzzle,Xbox,2022.0,4.298854572492635,2020s
Fortnite,Adventure,PlayStation,2021.0,6.646117311200911,2020s
Call of Duty: Modern Warfare,Simulation,Nintendo Switch,2015.0,8.17348902041285,2010s
Forza Horizon 4,Puzzle,PlayStation,2001.0,5.195375194125715,2000s
God of War,Strategy,PlayStation,2008.0,5.227398229150857,2000s
Dark Souls III,Racing,PlayStation,2000.0,7.849312765855216,2000s
Hades,Survival,Nintendo Switch,2014.0,9.854755407831126,2010s
PUBG,Stealth,Mobile,2021.0,9.461491187772104,2020s
Cyberpunk 2077,Racing,PlayStation,2011.0,7.605923832870554,2010s
Halo Infinite,Simulation,Xbox,2019.0,3.223292020724914,2010s
Destiny 2,Platformer,Xbox,2020.0,6.812838289451735,2020s
Dark Souls III,Platformer,Mobile,2009.0,7.2943424914882575,2000s
Control,Racing,PC,2013.0,8.118897339146447,2010s
Control,Sports,Mobile,2013.0,6.121181708205539,2010s
Sea of Thieves,Horror,Mobile,2011.0,1.4939959539568763,2010s
Horizon Zero Dawn,Platformer,PlayStation,2023.0,8.025515274506077,2020s
Control,Fighting,PC,2015.0,6.004135736122341,2010s
Fortnite,Role-playing,PC,2015.0,8.14414998016517,2010s
PUBG: Battlegrounds,Simulation,Mobile,2019.0,4.967717570382804,2010s
PUBG: Battlegrounds,Puzzle,PC,2023.0,3.358092188196057,2020s
Tetris,Survival,Mobile,2016.0,7.1479253017000985,2010s
Tetris,Stealth,PC,2004.0,9.404362474686351,2000s
Minecraft,Strategy,PlayStation,2018.0,4.284030422284231,2010s
The Legend of Zelda: Breath of the Wild,Horror,Xbox,2018.0,2.1883384955800635,2010s
PUBG,Role-playing,Nintendo Switch,2000.0,2.938167540929888,2000s
Genshin Impact,Puzzle,Mobile,2014.0,7.583194667225863,2010s
Grand Theft Auto IV,Strategy,Nintendo Switch,2015.0,2.2873875057643867,2010s
Super Mario Odyssey,Strategy,Xbox,2014.0,7.644298704600863,2010s
Dark Souls III,Platformer,PlayStation,2023.0,1.7003331282044212,2020s
NBA 2K21,Puzzle,PlayStation,2008.0,3.1260838724539592,2000s
The Sims 4,Platformer,Nintendo Switch,2011.0,2.6248152741916893,2010s
Assassin's Creed Valhalla,Simulation,Xbox,2008.0,2.11089327261782,2000s
Halo Master Chief Collection,Sports,Xbox,2019.0,4.346020652733686,2010s
God of War,Horror,Mobile,2005.0,8.780594761441122,2000s
The Sims 4,Puzzle,Xbox,2015.0,8.860500362176523,2010s
Control,Racing,PlayStation,2009.0,3.1161787154959124,2000s
God of War,Puzzle,Nintendo Switch,2004.0,8.498563146018341,2000s
Counter-Strike: Global Offensive,Adventure,Mobile,2021.0,6.546413440932445,2020s
Rocket League,Strategy,PlayStation,2010.0,4.563950972615669,2010s
Madden NFL 21,Simulation,PC,2009.0,7.892537377699508,2000s
Forza Horizon 4,Adventure,Mobile,2001.0,9.13295123037198,2000s
PUBG: Battlegrounds,Simulation,Nintendo Switch,2006.0,2.521175501952436,2000s
Sekiro: Shadows Die Twice,Racing,Xbox,2004.0,5.669830130901,2000s
Elden Ring,Sports,PC,2013.0,6.041408223541174,2010s
Borderlands 3,Platformer,PC,2006.0,8.473607479945478,2000s
Sea of Thieves,Action,Mobile,2001.0,7.471819833878092,2000s
Overwatch,Action,PlayStation,2019.0,7.935019551717978,2010s
Watch Dogs: Legion,Sports,Nintendo Switch,2020.0,9.932024824950048,2020s
PUBG Mobile,Horror,Mobile,2011.0,2.861496197523677,2010s
World of Warcraft,Fighting,Nintendo Switch,2001.0,6.910761765923638,2000s
Super Mario Odyssey,Role-playing,Mobile,2013.0,8.600384482920557,2010s
Horizon Zero Dawn,Platformer,Nintendo Switch,2016.0,5.955362829586985,2010s
FIFA 21,Adventure,PC,2006.0,1.4635743675930577,2000s
PUBG: Battlegrounds,Racing,Mobile,2009.0,8.426925512879349,2000s
Sea of Thieves,Role-playing,PC,2015.0,2.620508109465265,2010s
The Legend of Zelda: Breath of the Wild,Action,PlayStation,2004.0,9.33051088768379,2000s
PUBG: Battlegrounds,Horror,Nintendo Switch,2007.0,5.33417524182123,2000s
Animal Crossing: New Horizons,Stealth,Nintendo Switch,2012.0,3.638933246977219,2010s
Borderlands 3,Puzzle,PlayStation,2023.0,8.474239923760166,2020s
Fortnite,Sports,Mobile,2017.0,7.159679803933966,2010s
Halo Infinite,Simulation,Xbox,2011.0,7.384604414186306,2010s
Overwatch,Adventure,PC,2011.0,8.94685184404362,2010s
Fortnite,Sports,Mobile,2001.0,1.1563199039705605,2000s
The Elder Scrolls V: Skyrim,Adventure,Nintendo Switch,2011.0,4.4764556062749605,2010s
Hades,Racing,Nintendo Switch,2005.0,7.248882553352465,2000s
Super Mario Odyssey,Role-playing,Mobile,2000.0,3.193106198847622,2000s
PUBG,Fighting,PC,2001.0,2.908639278973568,2000s
The Elder Scrolls V: Skyrim,Survival,Nintendo Switch,2007.0,4.232413300978632,2000s
The Elder Scrolls V: Skyrim,Stealth,Xbox,2006.0,7.272308842642754,2000s
Valorant,Shooter,Nintendo Switch,2020.0,7.949251480302231,2020s
The Witcher 3: Wild Hunt,Stealth,Mobile,2008.0,5.260827154936237,2000s
Fall Guys: Ultimate Knockout,Action,Nintendo Switch,2022.0,2.5854075727440256,2020s
Horizon Zero Dawn,Stealth,Xbox,2012.0,7.217322540202908,2010s
Hitman 3,Action,PC,2004.0,2.1183547395717097,2000s
Watch Dogs: Legion,Role-playing,Xbox,2005.0,3.4591628216622574,2000s
The Sims 4,Stealth,Nintendo Switch,2004.0,4.522430739814425,2000s
Minecraft,Simulation,Xbox,2017.0,8.34033370299275,2010s
Rocket League,Simulation,Xbox,2003.0,8.693747344042642,2000s
Elden Ring,Adventure,Xbox,2023.0,6.797082035473168,2020s
Sea of Thieves,Horror,PC,2023.0,3.010255609648928,2020s
Grand Theft Auto V,Sports,Nintendo Switch,2023.0,4.056413232393089,2020s
Animal Crossing: New Horizons,Horror,Mobile,2017.0,3.079991269317057,2010s
World of Warcraft,Sports,Xbox,2003.0,8.623293654468304,2000s
Far Cry 5,Fighting,Mobile,2002.0,4.459705025223848,2000s
Dota 2,Action,Xbox,2009.0,6.417328055909146,2000s
Horizon Zero Dawn,Survival,Nintendo Switch,2011.0,2.2163393069136177,2010s
Valorant,Shooter,Mobile,2000.0,5.082731082109196,2000s
Cyberpunk 2077,Strategy,Xbox,2006.0,5.311670507523422,2000s
Apex Legends,Racing,Nintendo Switch,2015.0,5.236436585236645,2010s
GTA San Andreas,Action,PlayStation,2006.0,4.207744298400233,2000s
GTA San Andreas,Survival,PC,2023.0,1.226845728889769,2020s
Fortnite,Action,Xbox,2014.0,2.0494998464735104,2010s
Animal Crossing: New Horizons,Platformer,Nintendo Switch,2014.0,5.182300075742396,2010s
Among Us,Strategy,PC,2000.0,9.392696527070791,2000s
Grand Theft Auto V,Stealth,PlayStation,2003.0,8.065577667128952,2000s
Horizon Zero Dawn,Sports,PlayStation,2002.0,4.332588753722031,2000s
Ghost of Tsushima,Platformer,PC,2003.0,2.276947078479129,2000s
Animal Crossing: New Horizons,Platformer,PlayStation,2002.0,2.307271671913983,2000s
Overwatch,Horror,Mobile,2002.0,9.450234929195842,2000s
Dark Souls III,Strategy,Xbox,2009.0,7.848738519391382,2000s
Sea of Thieves,Horror,Mobile,2009.0,1.240547892551959,2000s
Tetris,Puzzle,PC,2006.0,6.658978772261837,2000s
Grand Theft Auto IV,Shooter,PC,2009.0,6.683870373713485,2000s
Minecraft Dungeons,Adventure,PlayStation,2017.0,9.393858236302474,2010s
Hitman 3,Platformer,Nintendo Switch,2016.0,7.023102343972021,2010s
Overwatch,Action,Nintendo Switch,2022.0,5.421338651381186,2020s
Sea of Thieves,Horror,Mobile,2012.0,7.654565067415838,2010s
Borderlands 3,Survival,PlayStation,2000.0,6.142030016901051,2000s
Apex Legends,Sports,PlayStation,2013.0,7.95165238416384,2010s
Tetris,Puzzle,Nintendo Switch,2010.0,6.2535205675625205,2010s
Tetris,Adventure,Mobile,2023.0,9.400275025821824,2020s
The Witcher 3: Wild Hunt,Racing,Nintendo Switch,2009.0,2.585617552628203,2000s
Forza Horizon 4,Shooter,Xbox,2019.0,2.424090733300193,2010s
Ghost of Tsushima,Sports,PC,2019.0,9.022329807928983,2010s
Destiny 2,Platformer,Nintendo Switch,2003.0,2.5652608088202373,2000s
Apex Legends,Role-playing,Mobile,2019.0,2.184025529907738,2010s
Genshin Impact,Simulation,Xbox,2015.0,4.106905482348054,2010s
Minecraft Dungeons,Simulation,PlayStation,2022.0,8.977363628431425,2020s
Call of Duty: Modern Warfare,Stealth,Nintendo Switch,2023.0,9.462737499210329,2020s
Minecraft,Stealth,PC,2022.0,3.316556980999295,2020s
Genshin Impact,Adventure,PlayStation,2005.0,1.8629554099664616,2000s
PUBG: Battlegrounds,Racing,Mobile,2004.0,7.987834220923848,2000s
Death Stranding,Stealth,PlayStation,2003.0,9.323767784784362,2000s
Genshin Impact,Adventure,Nintendo Switch,2004.0,1.0189327365377323,2000s
Grand Theft Auto V,Simulation,Mobile,2018.0,3.753097240366078,2010s
Hitman 3,Fighting,Mobile,2014.0,1.6169832198012448,2010s
Destiny 2,Survival,PC,2011.0,7.782543667747726,2010s
Counter-Strike: Global Offensive,Racing,Xbox,2008.0,6.661929485099845,2000s
Dying Light,Platformer,PlayStation,2003.0,4.548881555896939,2000s
Among Us,Role-playing,Xbox,2010.0,6.895430749260903,2010s
Sekiro: Shadows Die Twice,Fighting,Xbox,2014.0,1.3970038818509205,2010s
Cyberpunk 2077,Fighting,PlayStation,2000.0,3.972195018567472,2000s
Red Dead Redemption 2,Adventure,Nintendo Switch,2011.0,2.8490390982960125,2010s
Elden Ring,Role-playing,PlayStation,2015.0,2.885663233447973,2010s
Red Dead Redemption 2,Survival,PlayStation,2016.0,7.0936598758428016,2010s
Hitman 3,Role-playing,Nintendo Switch,2004.0,2.857715023357505,2000s
Animal Crossing: New Horizons,Racing,Mobile,2012.0,7.665165383105345,2010s
Elden Ring,Adventure,Nintendo Switch,2002.0,2.738923720439185,2000s
Hades,Puzzle,PC,2004.0,3.316436324561774,2000s
Dota 2,Sports,PC,2009.0,1.607642592021941,2000s
Super Mario Odyssey,Horror,Mobile,2003.0,1.3580242892491892,2000s
Horizon Zero Dawn,Puzzle,Nintendo Switch,2008.0,8.822404178232862,2000s
Sea of Thieves,Platformer,Mobile,2020.0,8.727086141233457,2020s
GTA San Andreas,Adventure,Xbox,2000.0,6.07154669194838,2000s
Sekiro: Shadows Die Twice,Action,PlayStation,2008.0,7.638922937245213,2000s
God of War,Action,PlayStation,2019.0,2.2922379406456783,2010s
Animal Crossing: New Horizons,Stealth,PC,2014.0,6.038489112675936,2010s
Control,Sports,PC,2006.0,6.514544918442374,2000s
Madden NFL 21,Action,Mobile,2009.0,6.4265986689071415,2000s
Overwatch,Survival,Nintendo Switch,2015.0,5.840189629361257,2010s
League of Legends: Wild Rift,Puzzle,PlayStation,2011.0,1.7196599032336517,2010s
Fall Guys: Ultimate Knockout,Platformer,PC,2023.0,6.9268852156063065,2020s
Assassin's Creed Valhalla,Adventure,PlayStation,2005.0,5.516275321963895,2000s
Mass Effect Legendary Edition,Survival,Nintendo Switch,2011.0,9.483755203510537,2010s
Super Mario Odyssey,Shooter,Nintendo Switch,2017.0,2.461502495202206,2010s
Minecraft Dungeons,Horror,Mobile,2009.0,7.094809896854762,2000s
Fall Guys: Ultimate Knockout,Strategy,PlayStation,2002.0,8.183090255847965,2000s
The Legend of Zelda: Breath of the Wild,Simulation,Xbox,2011.0,1.8909135585759345,2010s
Tetris,Adventure,Mobile,2008.0,5.956133649737682,2000s
PUBG,Strategy,PlayStation,2010.0,3.019392376075168,2010s
Sekiro: Shadows Die Twice,Survival,Mobile,2021.0,8.554716883049107,2020s
Among Us,Sports,PlayStation,2005.0,1.9691178654742427,2000s
Overwatch,Fighting,PlayStation,2002.0,6.029231514414042,2000s
God of War,Stealth,PlayStation,2011.0,3.3639219177074966,2010s
Fall Guys: Ultimate Knockout,Platformer,PlayStation,2013.0,2.000457539202314,2010s
Halo Infinite,Stealth,PC,2014.0,1.6982436799848368,2010s
Grand Theft Auto IV,Stealth,PC,2015.0,2.780189333216958,2010s
Hitman 3,Platformer,Nintendo Switch,2020.0,4.410234226353536,2020s
Overwatch,Stealth,Xbox,2019.0,7.355898268262573,2010s
Cyberpunk 2077,Shooter,PC,2007.0,2.2033066024872974,2000s
Hades,Puzzle,Xbox,2010.0,2.2380231701048885,2010s
Animal Crossing: New Horizons,Shooter,PlayStation,2009.0,6.043746446257562,2000s
Among Us,Survival,PlayStation,2022.0,1.879340355708486,2020s
PUBG,Action,Xbox,2001.0,3.56168385042531,2000s
Hades,Shooter,Xbox,2018.0,9.804832151037882,2010s
The Elder Scrolls V: Skyrim,Puzzle,Xbox,2012.0,4.704082256058851,2010s
Borderlands 3,Action,Xbox,2008.0,4.378278598951509,2000s
Control,Horror,Xbox,2018.0,5.026583231233444,2010s
Counter-Strike: Global Offensive,Fighting,Nintendo Switch,2022.0,3.388791708171703,2020s
Dying Light,Puzzle,PlayStation,2008.0,6.347977558435925,2000s
FIFA 21,Racing,Nintendo Switch,2002.0,4.271842168496553,2000s
FIFA 21,Survival,Nintendo Switch,2010.0,6.053923503995732,2010s
Hades,Puzzle,Nintendo Switch,2022.0,4.388481808887239,2020s
Call of Duty: Modern Warfare,Platformer,PlayStation,2023.0,9.515152111788463,2020s
Hades,Fighting,Xbox,2007.0,1.0091023040252791,2000s
Watch Dogs: Legion,Role-playing,Nintendo Switch,2022.0,5.069756818802165,2020s
Watch Dogs: Legion,Sports,Xbox,2009.0,8.461091291343593,2000s
GTA San Andreas,Role-playing,PlayStation,2022.0,6.274036181983671,2020s
The Sims 4,Stealth,Xbox,2005.0,4.246938257477418,2000s
Ghost of Tsushima,Fighting,PlayStation,2023.0,2.001490717674696,2020s
Red Dead Redemption 2,Racing,Nintendo Switch,2019.0,6.459058856457722,2010s
God of War,Action,PC,2007.0,3.701781201390695,2000s
Apex Legends,Action,Xbox,2004.0,2.9928566959372,2000s
Forza Horizon 4,Action,Nintendo Switch,2012.0,8.867139479877013,2010s
Minecraft Dungeons,Platformer,PlayStation,2021.0,9.42581442870072,2020s
World of Warcraft,Survival,PC,2007.0,3.088363251758452,2000s
Tetris,Stealth,PC,2023.0,5.931942117368442,2020s
Monster Hunter: World,Stealth,PC,2016.0,7.8054738373138335,2010s
Dark Souls III,Racing,Nintendo Switch,2002.0,3.4061551286011493,2000s
Assassin's Creed Valhalla,Role-playing,Xbox,2011.0,7.777893388628356,2010s
Horizon Zero Dawn,Horror,Nintendo Switch,2017.0,3.0267609160635294,2010s
League of Legends,Shooter,PlayStation,2014.0,4.926512727360453,2010s
Animal Crossing: New Horizons,Puzzle,Nintendo Switch,2019.0,1.07033118112852,2010s
Counter-Strike: Global Offensive,Shooter,Xbox,2005.0,2.605265270682771,2000s
Sekiro: Shadows Die Twice,Stealth,Xbox,2018.0,2.636730277705292,2010s
Fortnite,Adventure,PC,2002.0,3.206110841449839,2000s
Destiny 2,Puzzle,PlayStation,2014.0,3.855235480476395,2010s
Tetris,Shooter,PC,2014.0,2.7988515627649493,2010s
Sea of Thieves,Racing,Xbox,2007.0,3.4798851045058203,2000s
Tetris,Action,PlayStation,2007.0,6.998400909044023,2000s
Sekiro: Shadows Die Twice,Fighting,PC,2003.0,1.6378810870117149,2000s
Death Stranding,Horror,Mobile,2008.0,8.362245253789242,2000s
League of Legends,Strategy,PC,2020.0,7.697537176328409,2020s
Halo Infinite,Fighting,PC,2020.0,1.4299712087729377,2020s
Hitman 3,Racing,Xbox,2022.0,8.131573737253731,2020s
Dying Light,Shooter,PlayStation,2009.0,8.510528577592844,2000s
Borderlands 3,Survival,PlayStation,2005.0,9.01465511701972,2000s
The Division 2,Puzzle,PlayStation,2019.0,1.5115879907933405,2010s
Horizon Zero Dawn,Racing,Nintendo Switch,2016.0,8.543967427072248,2010s
Among Us,Shooter,Mobile,2020.0,6.384417105479656,2020s
Hitman 3,Stealth,PlayStation,2019.0,5.115256849252204,2010s
Dying Light,Stealth,PlayStation,2015.0,4.8932324256120125,2010s
FIFA 21,Horror,PC,2004.0,6.641626104397779,2000s
Grand Theft Auto V,Platformer,PlayStation,2014.0,2.7028463899889825,2010s
Sekiro: Shadows Die Twice,Puzzle,Mobile,2017.0,3.865843348844212,2010s
Control,Sports,PC,2013.0,9.43002576772686,2010s
Halo Infinite,Shooter,Xbox,2000.0,9.056797931191154,2000s
Grand Theft Auto V,Survival,PlayStation,2007.0,7.854550039892421,2000s
NBA 2K21,Sports,Mobile,2017.0,4.57544268056426,2010s
Forza Horizon 4,Shooter,Xbox,2008.0,4.689213764980874,2000s
Grand Theft Auto IV,Simulation,PC,2002.0,8.34509726839445,2000s
Minecraft,Survival,Xbox,2009.0,9.772354870001356,2000s
Fortnite,Strategy,Xbox,2011.0,5.203147388662655,2010s
League of Legends: Wild Rift,Fighting,Xbox,2014.0,3.653726515985601,2010s
Call of Duty: Modern Warfare,Role-playing,Mobile,2006.0,6.072178311757538,2000s
Call of Duty: Modern Warfare,Stealth,Xbox,2001.0,6.220292959889506,2000s
Destiny 2,Stealth,PC,2017.0,5.525893634432513,2010s
GTA San Andreas,Role-playing,PC,2015.0,4.685179957982126,2010s
Fall Guys: Ultimate Knockout,Action,PC,2001.0,3.1279913941380078,2000s
FIFA 21,Strategy,PC,2020.0,8.079894781634621,2020s
Valorant,Racing,PlayStation,2013.0,8.756213199388966,2010s
Hades,Simulation,Mobile,2016.0,4.523073316963752,2010s
Horizon Zero Dawn,Simulation,Nintendo Switch,2007.0,2.272050429480985,2000s
Dota 2,Sports,Xbox,2006.0,5.461999632171389,2000s
The Sims 4,Platformer,Nintendo Switch,2000.0,3.955268554808751,2000s
Overwatch,Adventure,Xbox,2023.0,4.125286683607619,2020s
League of Legends,Action,PC,2021.0,8.468066223142348,2020s
Sekiro: Shadows Die Twice,Stealth,Nintendo Switch,2011.0,8.051747222624522,2010s
Minecraft,Racing,PlayStation,2009.0,1.782755966758805,2000s
Grand Theft Auto IV,Action,PC,2018.0,6.112429478703727,2010s
Animal Crossing: New Horizons,Platformer,Xbox,2015.0,2.4908438108829536,2010s
Death Stranding,Shooter,Xbox,2004.0,2.684162373558445,2000s
World of Warcraft,Survival,Xbox,2012.0,6.471722106319372,2010s
Fortnite,Fighting,Mobile,2023.0,9.724570130790134,2020s
The Witcher 3: Wild Hunt,Simulation,Nintendo Switch,2007.0,4.068759523591807,2000s
PUBG Mobile,Action,Xbox,2003.0,5.854611107577312,2000s
Super Mario Odyssey,Survival,PC,2023.0,3.5058882163495344,2020s
Red Dead Redemption 2,Action,Nintendo Switch,2013.0,6.765708541411894,2010s
Elden Ring,Horror,PlayStation,2023.0,6.355959484208273,2020s
The Elder Scrolls V: Skyrim,Platformer,Xbox,2017.0,6.054307455309978,2010s
Dota 2,Stealth,Xbox,2019.0,6.133355148531517,2010s
Forza Horizon 4,Fighting,Mobile,2016.0,4.322294492789579,2010s
Sea of Thieves,Simulation,Mobile,2010.0,7.67674446307717,2010s
Super Mario Odyssey,Stealth,PC,2016.0,2.533955323686461,2010s
Halo Master Chief Collection,Platformer,Mobile,2009.0,2.50876383101689,2000s
Animal Crossing: New Horizons,Shooter,PlayStation,2010.0,5.796093616024949,2010s
Overwatch,Adventure,Mobile,2013.0,1.357447260357174,2010s
Valorant,Platformer,Mobile,2015.0,6.928157917632727,2010s
Hades,Simulation,Xbox,2015.0,3.9445609149302814,2010s
Grand Theft Auto IV,Sports,PC,2011.0,3.485315929419515,2010s
World of Warcraft,Shooter,Nintendo Switch,2009.0,5.484100865271373,2000s
Sea of Thieves,Fighting,PlayStation,2010.0,7.925713804556287,2010s
Hitman 3,Platformer,PlayStation,2018.0,7.263355749365426,2010s
Red Dead Redemption 2,Racing,PlayStation,2012.0,8.095235421615634,2010s
FIFA 21,Simulation,PC,2013.0,8.255107998113399,2010s
Resident Evil Village,Sports,Xbox,2012.0,3.813923167334692,2010s
Hitman 3,Role-playing,Mobile,2006.0,9.44419206815323,2000s
League of Legends: Wild Rift,Puzzle,Xbox,2012.0,1.5542265877211223,2010s
Hades,Survival,Nintendo Switch,2000.0,8.89994718641984,2000s
Red Dead Redemption 2,Fighting,PlayStation,2020.0,5.373706091014753,2020s
Grand Theft Auto V,Strategy,Xbox,2003.0,3.524283368000379,2000s
Borderlands 3,Shooter,Xbox,2018.0,5.720283980611132,2010s
Death Stranding,Stealth,Nintendo Switch,2020.0,4.864627026623374,2020s
PUBG,Racing,Nintendo Switch,2020.0,3.179731668860536,2020s
Minecraft Dungeons,Horror,PlayStation,2014.0,6.286609425907745,2010s
PUBG: Battlegrounds,Strategy,Xbox,2017.0,1.1354949588665146,2010s
Monster Hunter: World,Stealth,PC,2004.0,8.789195383507643,2000s
Assassin's Creed Valhalla,Action,PC,2004.0,5.458490844896766,2000s
Halo Infinite,Racing,Xbox,2018.0,9.85243547730752,2010s
Counter-Strike: Global Offensive,Action,Mobile,2014.0,2.780634714828345,2010s
Hitman 3,Shooter,Mobile,2007.0,4.258046249422232,2000s
Watch Dogs: Legion,Shooter,PC,2018.0,7.52495020653001,2010s
Hades,Shooter,Nintendo Switch,2020.0,6.292839355316571,2020s
Hitman 3,Horror,PC,2016.0,1.273734385613639,2010s
Halo Master Chief Collection,Action,PC,2006.0,1.0770812208234908,2000s
Dying Light,Sports,PC,2021.0,5.91340916328139,2020s
GTA San Andreas,Puzzle,Nintendo Switch,2020.0,4.938020516242634,2020s
Halo Master Chief Collection,Action,Mobile,2014.0,8.612473473126306,2010s
FIFA 21,Horror,PlayStation,2004.0,2.3882019811027995,2000s
Halo Infinite,Horror,Mobile,2001.0,6.278904127591328,2000s
Forza Horizon 4,Puzzle,Mobile,2000.0,8.86764115845083,2000s
The Witcher 3: Wild Hunt,Stealth,Xbox,2023.0,4.730474763859161,2020s
Genshin Impact,Adventure,Nintendo Switch,2001.0,6.288461108861548,2000s
Dark Souls III,Strategy,PC,2019.0,5.6233708807759335,2010s
PUBG Mobile,Fighting,PlayStation,2014.0,8.146187265539956,2010s
Counter-Strike: Global Offensive,Role-playing,PC,2005.0,1.2361705738307904,2000s
Hades,Simulation,Mobile,2000.0,8.477106396945569,2000s
Grand Theft Auto V,Action,Nintendo Switch,2022.0,8.1873645836989,2020s
Sea of Thieves,Fighting,PC,2021.0,7.966318367305072,2020s
God of War,Stealth,PC,2022.0,9.626116759314025,2020s
Ghost of Tsushima,Simulation,Mobile,2004.0,2.1224757931929656,2000s
Halo Master Chief Collection,Horror,Xbox,2002.0,4.080301688539226,2000s
Tetris,Role-playing,PlayStation,2005.0,4.528299376969417,2000s
The Sims 4,Platformer,PC,2016.0,1.9346017671820797,2010s
The Division 2,Action,Mobile,2018.0,1.72636192032675,2010s
Grand Theft Auto V,Strategy,Mobile,2019.0,6.722963273134791,2010s
The Witcher 3: Wild Hunt,Racing,Mobile,2016.0,3.193978328330673,2010s
Minecraft,Simulation,PC,2014.0,3.698760695632265,2010s
Grand Theft Auto V,Role-playing,Xbox,2023.0,8.52259819607248,2020s
Minecraft,Horror,Xbox,2010.0,4.607949688748644,2010s
League of Legends,Strategy,Nintendo Switch,2007.0,9.858212582879435,2000s
Super Mario Odyssey,Role-playing,Xbox,2008.0,4.2738184952296425,2000s
World of Warcraft,Sports,Mobile,2014.0,6.335651236408479,2010s
Valorant,Puzzle,Mobile,2006.0,6.7938360069914605,2000s
Apex Legends,Strategy,Nintendo Switch,2010.0,3.2857408772858854,2010s
Red Dead Redemption 2,Fighting,Mobile,2003.0,3.421177999988233,2000s
Red Dead Redemption 2,Stealth,Mobile,2011.0,2.6605785870663383,2010s
Sekiro: Shadows Die Twice,Puzzle,Mobile,2007.0,9.72026625465515,2000s
Hades,Strategy,Nintendo Switch,2007.0,8.303412742366632,2000s
Halo Infinite,Sports,Mobile,2016.0,6.220228892016147,2010s
Destiny 2,Fighting,PC,2006.0,2.2570445296703934,2000s
PUBG: Battlegrounds,Role-playing,PlayStation,2001.0,5.577041335669749,2000s
PUBG,Horror,Nintendo Switch,2021.0,1.0246161777994225,2020s
Resident Evil Village,Sports,PC,2003.0,7.502639721845936,2000s
God of War,Adventure,Nintendo Switch,2004.0,7.956059409159581,2000s
The Witcher 3: Wild Hunt,Adventure,Nintendo Switch,2020.0,9.133793685242049,2020s
Resident Evil Village,Stealth,Xbox,2009.0,3.098300039508937,2000s
FIFA 21,Platformer,PlayStation,2021.0,8.242896790814573,2020s
PUBG: Battlegrounds,Racing,Mobile,2022.0,7.613601689095859,2020s
League of Legends: Wild Rift,Puzzle,PC,2004.0,7.798747966858599,2000s
FIFA 21,Survival,Mobile,2014.0,6.964993557080862,2010s
Dying Light,Strategy,Nintendo Switch,2005.0,3.093414741666868,2000s
Genshin Impact,Survival,PlayStation,2006.0,3.3671281676094496,2000s
Counter-Strike: Global Offensive,Action,PC,2003.0,4.910095045818416,2000s
The Division 2,Platformer,Nintendo Switch,2016.0,3.7939291798543726,2010s
GTA San Andreas,Role-playing,Nintendo Switch,2008.0,5.002449800987883,2000s
Grand Theft Auto IV,Stealth,PlayStation,2022.0,2.4698828226814937,2020s
Overwatch,Sports,PC,2000.0,8.389578806977122,2000s
God of War,Adventure,Mobile,2005.0,3.777997839984828,2000s
Red Dead Redemption 2,Strategy,Xbox,2017.0,9.15463382439601,2010s
Fortnite,Adventure,Xbox,2010.0,9.900761109116631,2010s
Monster Hunter: World,Platformer,Mobile,2005.0,6.681508496303522,2000s
Counter-Strike: Global Offensive,Sports,Nintendo Switch,2015.0,5.624621090756737,2010s
Watch Dogs: Legion,Simulation,Mobile,2021.0,5.651939168997137,2020s
Watch Dogs: Legion,Platformer,Xbox,2001.0,1.5156615469701749,2000s
Fall Guys: Ultimate Knockout,Action,Mobile,2010.0,3.2650561395104285,2010s
Madden NFL 21,Fighting,Xbox,2010.0,3.5547717936601817,2010s
Minecraft Dungeons,Racing,Xbox,2000.0,2.847278217711649,2000s
Horizon Zero Dawn,Shooter,PC,2023.0,3.353145304801761,2020s
Halo Master Chief Collection,Horror,PlayStation,2017.0,8.32459443512871,2010s
Watch Dogs: Legion,Puzzle,Mobile,2008.0,2.793248851482831,2000s
Valorant,Action,Nintendo Switch,2005.0,8.721861629380507,2000s
GTA San Andreas,Puzzle,Xbox,2021.0,8.984398640275753,2020s
Minecraft Dungeons,Shooter,Nintendo Switch,2015.0,9.865413382259485,2010s
Forza Horizon 4,Role-playing,Nintendo Switch,2010.0,1.7150782067918224,2010s
Sekiro: Shadows Die Twice,Role-playing,PlayStation,2004.0,9.00842435524871,2000s
PUBG: Battlegrounds,Fighting,PC,2015.0,6.038941181356921,2010s
Counter-Strike: Global Offensive,Fighting,PC,2007.0,6.6321050139114055,2000s
The Legend of Zelda: Breath of the Wild,Platformer,Nintendo Switch,2011.0,3.571722320679367,2010s
Destiny 2,Simulation,Xbox,2013.0,9.270375565706338,2010s
Halo Master Chief Collection,Racing,Nintendo Switch,2008.0,8.375429918739453,2000s
Assassin's Creed Valhalla,Survival,Nintendo Switch,2016.0,2.2967301822479644,2010s
Grand Theft Auto V,Stealth,Xbox,2003.0,9.349409188728286,2000s
Halo Master Chief Collection,Role-playing,PlayStation,2013.0,8.173441048772936,2010s
Among Us,Simulation,PC,2008.0,8.738934547422378,2000s
Dota 2,Action,Xbox,2000.0,6.277198036149639,2000s
Apex Legends,Adventure,Xbox,2008.0,6.339365487576353,2000s
Forza Horizon 4,Sports,Mobile,2008.0,2.6097171850833054,2000s
Tetris,Action,Mobile,2007.0,9.185609811657503,2000s
League of Legends: Wild Rift,Adventure,PC,2007.0,9.647755381641476,2000s
Resident Evil Village,Adventure,Xbox,2005.0,1.9156496150874465,2000s
Ghost of Tsushima,Role-playing,PlayStation,2007.0,9.3078276200312,2000s
The Legend of Zelda: Breath of the Wild,Strategy,PC,2018.0,9.90207888641162,2010s
Monster Hunter: World,Sports,Mobile,2003.0,7.069270092314196,2000s
The Sims 4,Action,Nintendo Switch,2018.0,9.636274833011742,2010s
Minecraft,Platformer,PlayStation,2014.0,8.074198380103795,2010s
PUBG: Battlegrounds,Horror,PC,2018.0,6.848356816763029,2010s
Halo Infinite,Action,PC,2011.0,9.801643449382736,2010s
Grand Theft Auto IV,Stealth,PlayStation,2008.0,3.673172490489446,2000s
Sekiro: Shadows Die Twice,Stealth,Mobile,2003.0,4.605667453584063,2000s
GTA San Andreas,Shooter,Mobile,2016.0,7.738924041980324,2010s
Madden NFL 21,Fighting,Nintendo Switch,2000.0,6.198129131941718,2000s
Elden Ring,Platformer,Nintendo Switch,2003.0,6.910499618152406,2000s
World of Warcraft,Simulation,PlayStation,2020.0,2.305826210831204,2020s
Rocket League,Horror,Nintendo Switch,2001.0,7.37064741256821,2000s
FIFA 21,Role-playing,Xbox,2010.0,8.472864314640718,2010s
Cyberpunk 2077,Simulation,PC,2021.0,8.650717446509459,2020s
Assassin's Creed Valhalla,Survival,Mobile,2014.0,2.4428996201956386,2010s
Grand Theft Auto IV,Sports,Mobile,2001.0,8.30837980264014,2000s
Assassin's Creed Valhalla,Platformer,PlayStation,2022.0,7.039712024081951,2020s
Halo Master Chief Collection,Adventure,Xbox,2006.0,3.869085178087549,2000s
Dying Light,Platformer,Xbox,2022.0,5.578876402963596,2020s
Counter-Strike: Global Offensive,Adventure,PlayStation,2010.0,5.201605838574371,2010s
God of War,Platformer,Xbox,2005.0,4.373018045518059,2000s
Sekiro: Shadows Die Twice,Horror,Mobile,2012.0,6.491383171978644,2010s
Minecraft Dungeons,Shooter,Mobile,2023.0,7.65615281901592,2020s
The Sims 4,Horror,PlayStation,2013.0,8.720900306391389,2010s
Halo Infinite,Survival,Nintendo Switch,2009.0,4.507740010605694,2000s
Rocket League,Platformer,PC,2013.0,8.972294617007389,2010s
Death Stranding,Horror,PlayStation,2022.0,9.60045201527651,2020s
Far Cry 5,Simulation,Mobile,2023.0,3.719312727958688,2020s
Monster Hunter: World,Horror,PC,2002.0,5.1485495316638366,2000s
Overwatch,Puzzle,Xbox,2006.0,4.635854927833006,2000s
Forza Horizon 4,Adventure,Xbox,2009.0,3.2871177864356813,2000s
Call of Duty: Modern Warfare,Role-playing,Xbox,2018.0,3.5696209100421123,2010s
The Legend of Zelda: Breath of the Wild,Strategy,PC,2013.0,7.312594637260161,2010s
Resident Evil Village,Puzzle,Mobile,2016.0,5.3605573092214085,2010s
Hades,Action,PlayStation,2020.0,4.586809547945967,2020s
Genshin Impact,Sports,Xbox,2020.0,1.1051446340157836,2020s
Watch Dogs: Legion,Survival,Nintendo Switch,2011.0,8.046325211948233,2010s
Control,Action,Nintendo Switch,2021.0,4.940142238990754,2020s
Hitman 3,Action,Nintendo Switch,2022.0,1.1706322935575555,2020s
Sekiro: Shadows Die Twice,Strategy,PlayStation,2015.0,2.8040470362684857,2010s
Red Dead Redemption 2,Fighting,Nintendo Switch,2011.0,2.034998888193803,2010s
Minecraft,Horror,Xbox,2007.0,6.1723852792316505,2000s
Borderlands 3,Role-playing,PlayStation,2008.0,1.8825391659883783,2000s
Forza Horizon 4,Horror,Mobile,2007.0,3.741419141235778,2000s
PUBG Mobile,Adventure,Xbox,2002.0,7.086776796449783,2000s
Assassin's Creed Valhalla,Role-playing,Nintendo Switch,2013.0,2.055903108270687,2010s
Assassin's Creed Valhalla,Platformer,Nintendo Switch,2007.0,1.988785733159757,2000s
Resident Evil Village,Fighting,Xbox,2006.0,1.5151365877264449,2000s
PUBG Mobile,Horror,Nintendo Switch,2011.0,9.86908170457501,2010s
PUBG,Survival,Nintendo Switch,2000.0,4.812095855488629,2000s
Rocket League,Role-playing,Xbox,2019.0,3.549932651214946,2010s
Monster Hunter: World,Adventure,PlayStation,2005.0,5.425947683589419,2000s
The Division 2,Fighting,Mobile,2000.0,4.577281580046005,2000s
Resident Evil Village,Adventure,PlayStation,2011.0,7.778056806429754,2010s
Valorant,Action,PC,2019.0,8.832258150786894,2010s
League of Legends,Survival,Xbox,2017.0,8.971537831462939,2010s
NBA 2K21,Horror,Xbox,2011.0,7.780719286334697,2010s
PUBG Mobile,Racing,Xbox,2012.0,3.2745142017768663,2010s
Dark Souls III,Shooter,PC,2020.0,7.261008434340092,2020s
Mass Effect Legendary Edition,Shooter,Xbox,2020.0,2.9054181224521374,2020s
Sekiro: Shadows Die Twice,Fighting,PlayStation,2019.0,7.14948982236941,2010s
Minecraft Dungeons,Racing,Nintendo Switch,2013.0,2.3726680861673715,2010s
Horizon Zero Dawn,Racing,Nintendo Switch,2009.0,9.092980008938095,2000s
The Legend of Zelda: Breath of the Wild,Sports,PC,2003.0,5.666184560651465,2000s
League of Legends: Wild Rift,Stealth,Nintendo Switch,2017.0,6.632742747096131,2010s
Hitman 3,Adventure,Xbox,2012.0,2.223498970374271,2010s
Genshin Impact,Action,PC,2014.0,9.42601193991909,2010s
Monster Hunter: World,Survival,PC,2014.0,7.093581608688272,2010s
Watch Dogs: Legion,Racing,Nintendo Switch,2017.0,6.33643134794461,2010s
Mass Effect Legendary Edition,Adventure,PlayStation,2022.0,9.442288070968836,2020s
Watch Dogs: Legion,Simulation,Nintendo Switch,2014.0,7.802162256467557,2010s
Resident Evil Village,Strategy,PlayStation,2013.0,8.983465851933975,2010s
Forza Horizon 4,Stealth,PC,2006.0,4.824396507878063,2000s
PUBG,Sports,Mobile,2020.0,8.108819139347851,2020s
FIFA 21,Simulation,PlayStation,2004.0,5.932591302881682,2000s
Red Dead Redemption 2,Adventure,Mobile,2000.0,6.146816979597947,2000s
Control,Racing,PC,2018.0,8.36809311353052,2010s
Dota 2,Action,PlayStation,2022.0,8.511585458386012,2020s
Horizon Zero Dawn,Sports,Nintendo Switch,2015.0,4.310896610861155,2010s
The Witcher 3: Wild Hunt,Survival,Mobile,2009.0,3.171014462382039,2000s
Dying Light,Role-playing,Nintendo Switch,2002.0,2.779140449693584,2000s
Control,Sports,PC,2015.0,1.2717328449015048,2010s
PUBG: Battlegrounds,Shooter,PC,2006.0,6.062902317940846,2000s
Grand Theft Auto IV,Sports,PC,2012.0,7.268811401214834,2010s
GTA San Andreas,Simulation,PlayStation,2001.0,6.061591903569415,2000s
Dota 2,Fighting,Mobile,2021.0,8.624606070915561,2020s
Among Us,Platformer,Xbox,2011.0,5.449449392085287,2010s
Destiny 2,Racing,PC,2018.0,8.43130743221231,2010s
PUBG,Sports,Mobile,2011.0,7.488613957018237,2010s
Counter-Strike: Global Offensive,Racing,PC,2001.0,1.822348105236537,2000s
The Witcher 3: Wild Hunt,Horror,PC,2000.0,2.94254786359512,2000s
Resident Evil Village,Simulation,PlayStation,2012.0,6.560760548746062,2010s
Madden NFL 21,Role-playing,Mobile,2023.0,1.9936939424960909,2020s
Super Mario Odyssey,Fighting,Mobile,2018.0,9.719489096197792,2010s
Valorant,Survival,PC,2019.0,8.63544132981969,2010s
Counter-Strike: Global Offensive,Fighting,Nintendo Switch,2023.0,5.987899690999973,2020s
Sekiro: Shadows Die Twice,Horror,Xbox,2018.0,4.798315866934253,2010s
FIFA 21,Sports,Xbox,2001.0,7.165910519140727,2000s
Sea of Thieves,Strategy,Mobile,2017.0,5.379886022334586,2010s
Elden Ring,Sports,PC,2005.0,8.650987137122424,2000s
Valorant,Puzzle,PlayStation,2012.0,3.0070062130997366,2010s
Halo Infinite,Strategy,Nintendo Switch,2009.0,9.622354992649385,2000s
Death Stranding,Strategy,Nintendo Switch,2018.0,7.069689044127176,2010s
God of War,Action,PC,2015.0,3.2409044991893383,2010s
Halo Master Chief Collection,Fighting,Mobile,2011.0,7.916752517192727,2010s
Assassin's Creed Valhalla,Shooter,Xbox,2015.0,6.069433850392008,2010s
Grand Theft Auto IV,Fighting,Mobile,2006.0,6.510729965834282,2000s
Fall Guys: Ultimate Knockout,Fighting,Xbox,2021.0,9.000608597038848,2020s
The Elder Scrolls V: Skyrim,Racing,PC,2023.0,5.076827314279662,2020s
World of Warcraft,Stealth,PC,2023.0,7.453812333514461,2020s
Super Mario Odyssey,Action,PC,2008.0,4.2564848213220605,2000s
Halo Master Chief Collection,Platformer,Nintendo Switch,2007.0,9.26170049957563,2000s
Hitman 3,Horror,PC,2012.0,8.692402000846265,2010s
Far Cry 5,Role-playing,Nintendo Switch,2022.0,9.4529674139865,2020s
Assassin's Creed Valhalla,Stealth,PlayStation,2009.0,3.0706643008224237,2000s
GTA San Andreas,Stealth,PC,2004.0,1.160276142680611,2000s
Red Dead Redemption 2,Role-playing,PC,2006.0,2.925686156470757,2000s
NBA 2K21,Fighting,Mobile,2012.0,4.377943604382234,2010s
The Legend of Zelda: Breath of the Wild,Sports,PC,2013.0,6.352838038032497,2010s
Assassin's Creed Valhalla,Stealth,Mobile,2020.0,1.8527296313649724,2020s
Fall Guys: Ultimate Knockout,Sports,Mobile,2021.0,5.268066597164188,2020s
Borderlands 3,Platformer,Xbox,2018.0,4.558509722936647,2010s
Counter-Strike: Global Offensive,Action,PlayStation,2022.0,3.4432306362892744,2020s
